0 0 0.014705882352941176 0 0.10947712418300654 0.0032679738562091504 0.10947712418300654 0.006535947712418301 0.11274509803921569 0.004901960784313725 0.12091503267973856 0.006535947712418301 0.12908496732026145 0.006535947712418301 0.16993464052287582 0.011437908496732025 0.17483660130718953 0.0196078431372549 0.17973856209150327 0.1568627450980392 0.17973856209150327 0.15849673202614378 0.1781045751633987 0.16666666666666666 0.1781045751633987 0.16993464052287582 0.17320261437908496 0.16993464052287582 0.16830065359477125 0.1715686274509804 0.16666666666666666 0.17483660130718953 0.16830065359477125 0.17320261437908496 0.20261437908496732 0.1715686274509804 0.2042483660130719 0.16830065359477125 0.2042483660130719 0.16339869281045752 0.19934640522875818 0.15522875816993464 0.1977124183006536 0.00980392156862745 0.19934640522875818 0.008169934640522876 0.20098039215686275 0.008169934640522876 0.23366013071895425 0.00980392156862745 0.23529411764705882 0.008169934640522876 0.24183006535947713 0.008169934640522876 0.2777777777777778 0.00980392156862745 0.28104575163398693 0.008169934640522876 0.28594771241830064 0.011437908496732025 0.2908496732026144 0.02287581699346405 0.2957516339869281 0.16666666666666666 0.2957516339869281 0.16993464052287582 0.29411764705882354 0.1715686274509804 0.2875816993464052 0.17483660130718953 0.28431372549019607 0.17647058823529413 0.28594771241830064 0.17483660130718953 0.3284313725490196 0.17320261437908496 0.3300653594771242 0.16993464052287582 0.3284313725490196 0.16830065359477125 0.32189542483660133 0.16339869281045752 0.31862745098039214 0.1437908496732026 0.31699346405228757 0.14215686274509803 0.315359477124183 0.13398692810457516 0.31699346405228757 0.021241830065359478 0.31699346405228757 0.017973856209150325 0.32189542483660133 0.013071895424836602 0.35294117647058826 0.00980392156862745 0.3611111111111111 0.008169934640522876 0.39052287581699346 0.006535947712418301 0.39215686274509803 0.006535947712418301 0.40032679738562094 0.008169934640522876 0.4019607843137255 0.016339869281045753 0.4035947712418301 0.08660130718954248 0.4035947712418301 0.08823529411764706 0.40522875816993464 0.09640522875816994 0.40522875816993464 0.09640522875816994 0.4019607843137255 0.09967320261437909 0.39869281045751637 0.11274509803921569 0.39869281045751637 0.11601307189542484 0.4019607843137255 0.11601307189542484 0.40522875816993464 0.16013071895424835 0.4035947712418301 0.1650326797385621 0.4019607843137255 0.16993464052287582 0.3937908496732026 0.16993464052287582 0.3627450980392157 0.1715686274509804 0.3611111111111111 0.1715686274509804 0.3415032679738562 0.17320261437908496 0.33986928104575165 0.18137254901960784 0.3431372549019608 0.21568627450980393 0.3431372549019608 0.2173202614379085 0.34477124183006536 0.22549019607843138 0.3431372549019608 0.33169934640522875 0.34477124183006536 0.33169934640522875 0.29248366013071897 0.3333333333333333 0.2908496732026144 0.33169934640522875 0.2777777777777778 0.3333333333333333 0.27450980392156865 0.3300653594771242 0.2581699346405229 0.31699346405228757 0.25326797385620914 0.29248366013071897 0.25326797385620914 0.2908496732026144 0.25163398692810457 0.27450980392156865 0.25163398692810457 0.272875816993464 0.25326797385620914 0.19281045751633988 0.25326797385620914 0.184640522875817 0.2549019607843137 0.18137254901960784 0.26143790849673204 0.1781045751633987 0.27941176470588236 0.17483660130718953 0.28431372549019607 0.17320261437908496 0.2826797385620915 0.17483660130718953 0.272875816993464 0.17320261437908496 0.27124183006535946 0.17320261437908496 0.25 0.1715686274509804 0.24836601307189543 0.1715686274509804 0.22875816993464052 0.17320261437908496 0.22712418300653595 0.1830065359477124 0.23366013071895425 0.24836601307189543 0.23366013071895425 0.25 0.23529411764705882 0.3088235294117647 0.23366013071895425 0.3104575163398693 0.23529411764705882 0.33169934640522875 0.23529411764705882 0.33169934640522875 0.20915032679738563 0.3300653594771242 0.20751633986928106 0.33169934640522875 0.20261437908496732 0.3300653594771242 0.19934640522875818 0.33169934640522875 0.1977124183006536 0.3300653594771242 0.19444444444444445 0.33169934640522875 0.19117647058823528 0.3300653594771242 0.1895424836601307 0.33169934640522875 0.18790849673202614 0.3300653594771242 0.18627450980392157 0.33169934640522875 0.184640522875817 0.33169934640522875 0.14705882352941177 0.32679738562091504 0.13562091503267973 0.2630718954248366 0.13562091503267973 0.26143790849673204 0.13398692810457516 0.25163398692810457 0.13398692810457516 0.25 0.13562091503267973 0.17483660130718953 0.13562091503267973 0.17483660130718953 0.1437908496732026 0.17320261437908496 0.1454248366013072 0.16993464052287582 0.14052287581699346 0.16993464052287582 0.12908496732026145 0.16830065359477125 0.12745098039215685 0.16830065359477125 0.10294117647058823 0.16993464052287582 0.10130718954248366 0.16830065359477125 0.08986928104575163 0.15849673202614378 0.0784313725490196 0.05392156862745098 0.0784313725490196 0.05228758169934641 0.08006535947712418 0.006535947712418301 0.0784313725490196 0.004901960784313725 0.07679738562091504 0.006535947712418301 0.07352941176470588 0.006535947712418301 0.04084967320261438 0.004901960784313725 0.0392156862745098 0.006535947712418301 0.02287581699346405
0 0.4526143790849673 0 0.4526143790849673 0.13562091503267973 0.4542483660130719 0.13725490196078433 0.4542483660130719 0.1437908496732026 0.4738562091503268 0.1437908496732026 0.47549019607843135 0.1454248366013072 0.47058823529411764 0.14869281045751634 0.4673202614379085 0.14869281045751634 0.46568627450980393 0.1503267973856209 0.4624183006535948 0.1503267973856209 0.46078431372549017 0.15196078431372548 0.4591503267973856 0.15196078431372548 0.4591503267973856 0.15522875816993464 0.45751633986928103 0.1568627450980392 0.45751633986928103 0.16666666666666666 0.45588235294117646 0.16830065359477125 0.45588235294117646 0.184640522875817 0.4542483660130719 0.18627450980392157 0.4542483660130719 0.2238562091503268 0.4526143790849673 0.22549019607843138 0.4526143790849673 0.23529411764705882 0.4542483660130719 0.2369281045751634 0.4542483660130719 0.28431372549019607 0.4526143790849673 0.28594771241830064 0.4526143790849673 0.3006535947712418 0.4542483660130719 0.3022875816993464 0.4542483660130719 0.369281045751634 0.4526143790849673 0.3709150326797386 0.4526143790849673 0.4166666666666667 0.4542483660130719 0.41830065359477125 0.4542483660130719 0.43790849673202614 0.45588235294117646 0.4395424836601307 0.45588235294117646 0.4444444444444444 0.46078431372549017 0.4493464052287582 0.4624183006535948 0.4493464052287582 0.46405228758169936 0.45098039215686275 0.4673202614379085 0.45098039215686275 0.46895424836601307 0.4526143790849673 0.47549019607843135 0.4526143790849673 0.477124183006536 0.4542483660130719 0.48856209150326796 0.4542483660130719 0.49019607843137253 0.4526143790849673 0.5065359477124183 0.4526143790849673 0.5081699346405228 0.45098039215686275 0.5343137254901961 0.45098039215686275 0.5359477124183006 0.4526143790849673 0.5375816993464052 0.4526143790849673 0.5392156862745098 0.45098039215686275 0.5424836601307189 0.45098039215686275 0.5424836601307189 0.4411764705882353 0.5441176470588235 0.4395424836601307 0.5441176470588235 0.43790849673202614 0.5424836601307189 0.4362745098039216 0.5441176470588235 0.434640522875817 0.5441176470588235 0.4297385620915033 0.5424836601307189 0.42810457516339867 0.5424836601307189 0.4264705882352941 0.5441176470588235 0.42483660130718953 0.5441176470588235 0.4215686274509804 0.5424836601307189 0.4199346405228758 0.5424836601307189 0.4019607843137255 0.5441176470588235 0.40032679738562094 0.5441176470588235 0.35947712418300654 0.5424836601307189 0.35784313725490197 0.5441176470588235 0.3562091503267974 0.5424836601307189 0.3545751633986928 0.5424836601307189 0.35294117647058826 0.5441176470588235 0.35130718954248363 0.5441176470588235 0.34967320261437906 0.5424836601307189 0.3480392156862745 0.5424836601307189 0.3464052287581699 0.5441176470588235 0.34477124183006536 0.5441176470588235 0.3431372549019608 0.5424836601307189 0.3415032679738562 0.5424836601307189 0.33986928104575165 0.5441176470588235 0.3382352941176471 0.5441176470588235 0.31862745098039214 0.5424836601307189 0.31699346405228757 0.5424836601307189 0.2761437908496732 0.5408496732026143 0.27450980392156865 0.5408496732026143 0.2679738562091503 0.5424836601307189 0.26633986928104575 0.5408496732026143 0.2647058823529412 0.5424836601307189 0.2630718954248366 0.5424836601307189 0.23202614379084968 0.5441176470588235 0.23039215686274508 0.5441176470588235 0.21405228758169934 0.545751633986928 0.21241830065359477 0.545751633986928 0.1895424836601307 0.5441176470588235 0.18790849673202614 0.5441176470588235 0.16993464052287582 0.5424836601307189 0.16830065359477125 0.5424836601307189 0.14869281045751634 0.5441176470588235 0.14705882352941177 0.5441176470588235 0.1454248366013072 0.5424836601307189 0.1437908496732026 0.5424836601307189 0.13562091503267973 0.5441176470588235 0.13398692810457516 0.5441176470588235 0.12091503267973856 0.5424836601307189 0.119281045751634 0.5424836601307189 0.11274509803921569 0.5441176470588235 0.1111111111111111 0.5424836601307189 0.10947712418300654 0.5441176470588235 0.10784313725490197 0.5441176470588235 0.10130718954248366 0.5424836601307189 0.09967320261437909 0.5441176470588235 0.09803921568627451 0.5441176470588235 0.09640522875816994 0.5424836601307189 0.09477124183006536 0.5441176470588235 0.09313725490196079 0.5441176470588235 0.0915032679738562 0.5424836601307189 0.08986928104575163 0.5424836601307189 0.08333333333333333 0.5441176470588235 0.08169934640522876 0.5441176470588235 0.0784313725490196 0.5424836601307189 0.07679738562091504 0.5424836601307189 0.07516339869281045 0.5441176470588235 0.07352941176470588 0.5424836601307189 0.0718954248366013 0.5441176470588235 0.07026143790849673 0.5424836601307189 0.06862745098039216 0.5441176470588235 0.06699346405228758 0.5441176470588235 0.06535947712418301 0.5424836601307189 0.06372549019607843 0.5441176470588235 0.06209150326797386 0.5441176470588235 0.06045751633986928 0.5424836601307189 0.058823529411764705 0.5424836601307189 0.05555555555555555 0.5441176470588235 0.05392156862745098 0.5424836601307189 0.05228758169934641 0.5441176470588235 0.05065359477124183 0.5424836601307189 0.049019607843137254 0.5441176470588235 0.04738562091503268 0.5424836601307189 0.0457516339869281 0.5441176470588235 0.04411764705882353 0.5441176470588235 0.042483660130718956 0.5424836601307189 0.04084967320261438 0.5424836601307189 0.02287581699346405 0.5441176470588235 0.021241830065359478 0.5424836601307189 0.0196078431372549 0.5424836601307189 0.017973856209150325 0.5441176470588235 0.016339869281045753 0.5424836601307189 0.014705882352941176 0.5424836601307189 0.011437908496732025 0.5441176470588235 0.00980392156862745 0.5441176470588235 0.008169934640522876 0.5424836601307189 0.006535947712418301 0.5441176470588235 0.004901960784313725 0.5441176470588235 0
0 0.9983660130718954 0.026143790849673203 0.9934640522875817 0.026143790849673203 0.9918300653594772 0.027777777777777776 0.9738562091503268 0.027777777777777776 0.9722222222222222 0.029411764705882353 0.9591503267973857 0.029411764705882353 0.9575163398692811 0.03104575163398693 0.9509803921568627 0.03104575163398693 0.9493464052287581 0.032679738562091505 0.946078431372549 0.032679738562091505 0.9444444444444444 0.03431372549019608 0.9411764705882353 0.03431372549019608 0.9395424836601307 0.03594771241830065 0.9379084967320261 0.03594771241830065 0.934640522875817 0.0392156862745098 0.9330065359477124 0.03758169934640523 0.9330065359477124 0.026143790849673203 0.9313725490196079 0.024509803921568627 0.9313725490196079 0.011437908496732025 0.923202614379085 0.011437908496732025 0.9183006535947712 0.008169934640522876 0.9166666666666666 0.008169934640522876 0.9150326797385621 0.00980392156862745 0.8986928104575164 0.00980392156862745 0.8970588235294118 0.008169934640522876 0.880718954248366 0.008169934640522876 0.8790849673202614 0.00980392156862745 0.8643790849673203 0.00980392156862745 0.8627450980392157 0.008169934640522876 0.8513071895424836 0.008169934640522876 0.8496732026143791 0.00980392156862745 0.7107843137254902 0.00980392156862745 0.7091503267973857 0.011437908496732025 0.6895424836601307 0.011437908496732025 0.6879084967320261 0.00980392156862745 0.6241830065359477 0.00980392156862745 0.6241830065359477 0.011437908496732025 0.6225490196078431 0.013071895424836602 0.6225490196078431 0.016339869281045753 0.6209150326797386 0.017973856209150325 0.6209150326797386 0.021241830065359478 0.619281045751634 0.02287581699346405 0.619281045751634 0.058823529411764705 0.6176470588235294 0.06045751633986928 0.6176470588235294 0.07026143790849673 0.619281045751634 0.0718954248366013 0.619281045751634 0.11274509803921569 0.9166666666666666 0.11274509803921569 0.9199346405228758 0.10947712418300654 0.9215686274509803 0.10947712418300654 0.9264705882352942 0.10457516339869281 0.9281045751633987 0.10457516339869281 0.9297385620915033 0.10294117647058823 0.9330065359477124 0.10620915032679738 0.9330065359477124 0.12581699346405228 0.9362745098039216 0.12581699346405228 0.9379084967320261 0.12418300653594772 0.9918300653594772 0.12418300653594772 0.9934640522875817 0.12581699346405228 0.9983660130718954 0.12581699346405228
0 0.7075163398692811 0.8088235294117647 0.7026143790849673 0.803921568627451 0.7026143790849673 0.8022875816993464 0.6993464052287581 0.7990196078431373 0.6650326797385621 0.7990196078431373 0.6633986928104575 0.8006535947712419 0.6552287581699346 0.8006535947712419 0.6535947712418301 0.7990196078431373 0.6290849673202614 0.7990196078431373 0.6274509803921569 0.8006535947712419 0.48856209150326796 0.8006535947712419 0.4869281045751634 0.8022875816993464 0.40032679738562094 0.8022875816993464 0.40032679738562094 0.8088235294117647 0.39869281045751637 0.8104575163398693 0.39869281045751637 0.8545751633986928 0.40032679738562094 0.8562091503267973 0.40032679738562094 0.8578431372549019 0.39869281045751637 0.8594771241830066 0.39869281045751637 0.9035947712418301 0.40032679738562094 0.9052287581699346 0.4019607843137255 0.9035947712418301 0.48366013071895425 0.9035947712418301 0.4852941176470588 0.9019607843137255 0.5228758169934641 0.9019607843137255 0.5245098039215687 0.9035947712418301 0.5506535947712419 0.9035947712418301 0.5522875816993464 0.9019607843137255 0.6666666666666666 0.9019607843137255 0.6683006535947712 0.9003267973856209 0.6862745098039216 0.9003267973856209 0.6879084967320261 0.9019607843137255 0.6911764705882353 0.9019607843137255 0.6928104575163399 0.9003267973856209 0.7075163398692811 0.9003267973856209 0.7075163398692811 0.8741830065359477 0.7091503267973857 0.8725490196078431 0.7075163398692811 0.8709150326797386
0 0.9787581699346405 0.13725490196078433 0.9673202614379085 0.13725490196078433 0.9656862745098039 0.1388888888888889 0.9526143790849673 0.1388888888888889 0.9509803921568627 0.14052287581699346 0.9444444444444444 0.14052287581699346 0.9428104575163399 0.14215686274509803 0.9297385620915033 0.14215686274509803 0.9281045751633987 0.1437908496732026 0.9133986928104575 0.1437908496732026 0.9117647058823529 0.1454248366013072 0.9019607843137255 0.1454248366013072 0.9003267973856209 0.14705882352941177 0.8970588235294118 0.14705882352941177 0.8954248366013072 0.14869281045751634 0.8921568627450981 0.14869281045751634 0.8905228758169934 0.1503267973856209 0.8888888888888888 0.1503267973856209 0.8872549019607843 0.15196078431372548 0.8856209150326797 0.15196078431372548 0.8839869281045751 0.15359477124183007 0.8839869281045751 0.15522875816993464 0.8823529411764706 0.1568627450980392 0.8823529411764706 0.16176470588235295 0.880718954248366 0.16339869281045752 0.880718954248366 0.1715686274509804 0.8790849673202614 0.17320261437908496 0.8790849673202614 0.26143790849673204 0.8774509803921569 0.2630718954248366 0.8774509803921569 0.27124183006535946 0.8790849673202614 0.272875816993464 0.8790849673202614 0.35784313725490197 0.8774509803921569 0.35947712418300654 0.8774509803921569 0.369281045751634 0.8790849673202614 0.3709150326797386 0.8790849673202614 0.40032679738562094 0.8774509803921569 0.4019607843137255 0.8774509803921569 0.4150326797385621 0.8790849673202614 0.4166666666666667 0.8790849673202614 0.4395424836601307 0.880718954248366 0.4411764705882353 0.880718954248366 0.4444444444444444 0.8823529411764706 0.4444444444444444 0.8839869281045751 0.44607843137254904 0.8888888888888888 0.44607843137254904 0.8905228758169934 0.4477124183006536 0.9183006535947712 0.4477124183006536 0.9199346405228758 0.44607843137254904 0.9248366013071896 0.44607843137254904 0.9264705882352942 0.4477124183006536 0.9558823529411765 0.4477124183006536 0.9575163398692811 0.44607843137254904 0.9640522875816994 0.44607843137254904 0.9656862745098039 0.4444444444444444 0.9689542483660131 0.4444444444444444 0.9705882352941176 0.44281045751633985 0.9722222222222222 0.44281045751633985 0.9738562091503268 0.4411764705882353 0.9738562091503268 0.43790849673202614 0.9754901960784313 0.4362745098039216 0.9754901960784313 0.43300653594771243 0.9771241830065359 0.43137254901960786 0.9771241830065359 0.42483660130718953 0.9787581699346405 0.42320261437908496 0.9787581699346405 0.4150326797385621 0.9803921568627451 0.4133986928104575 0.9803921568627451 0.4035947712418301 0.9820261437908496 0.4019607843137255 0.9820261437908496 0.29411764705882354 0.9836601307189542 0.29248366013071897 0.9820261437908496 0.2908496732026144 0.9820261437908496 0.28921568627450983 0.9836601307189542 0.2875816993464052 0.9836601307189542 0.28594771241830064 0.9820261437908496 0.28431372549019607 0.9836601307189542 0.2826797385620915 0.9836601307189542 0.27941176470588236 0.9820261437908496 0.2777777777777778 0.9820261437908496 0.23039215686274508 0.9836601307189542 0.22875816993464052 0.9820261437908496 0.22712418300653595 0.9836601307189542 0.22549019607843138 0.9836601307189542 0.20751633986928106 0.9820261437908496 0.20588235294117646 0.9820261437908496 0.17647058823529413 0.9836601307189542 0.17483660130718953 0.9836601307189542 0.1715686274509804 0.9820261437908496 0.16993464052287582 0.9836601307189542 0.16830065359477125 0.9836601307189542 0.16176470588235295 0.9820261437908496 0.16013071895424835 0.9820261437908496 0.15849673202614378 0.9836601307189542 0.1568627450980392 0.9820261437908496 0.15522875816993464 0.9820261437908496 0.14052287581699346
0 0.10130718954248366 0.42810457516339867 0.07352941176470588 0.42810457516339867 0.0718954248366013 0.4297385620915033 0.05065359477124183 0.4297385620915033 0.049019607843137254 0.42810457516339867 0.024509803921568627 0.42810457516339867 0.02287581699346405 0.4297385620915033 0.0196078431372549 0.4297385620915033 0.017973856209150325 0.43137254901960786 0.016339869281045753 0.43137254901960786 0.016339869281045753 0.4362745098039216 0.014705882352941176 0.43790849673202614 0.014705882352941176 0.4444444444444444 0.013071895424836602 0.44607843137254904 0.013071895424836602 0.4542483660130719 0.011437908496732025 0.45588235294117646 0.011437908496732025 0.46405228758169936 0.00980392156862745 0.46568627450980393 0.00980392156862745 0.4722222222222222 0.008169934640522876 0.4738562091503268 0.008169934640522876 0.5032679738562091 0.006535947712418301 0.5049019607843137 0.006535947712418301 0.5261437908496732 0.004901960784313725 0.5277777777777778 0.004901960784313725 0.5408496732026143 0.006535947712418301 0.5424836601307189 0.006535947712418301 0.6928104575163399 0.004901960784313725 0.6944444444444444 0.004901960784313725 0.704248366013072 0.006535947712418301 0.7058823529411765 0.006535947712418301 0.7369281045751634 0.008169934640522876 0.7352941176470589 0.024509803921568627 0.7352941176470589 0.026143790849673203 0.7336601307189542 0.03594771241830065 0.7336601307189542 0.03758169934640523 0.7320261437908496 0.06209150326797386 0.7320261437908496 0.06372549019607843 0.7303921568627451 0.08333333333333333 0.7303921568627451 0.08496732026143791 0.7287581699346405 0.0915032679738562 0.7287581699346405 0.09313725490196079 0.7271241830065359 0.09640522875816994 0.7271241830065359 0.09803921568627451 0.7254901960784313 0.09967320261437909 0.7254901960784313 0.10130718954248366 0.7238562091503268 0.10294117647058823 0.7238562091503268 0.10294117647058823 0.7222222222222222 0.10457516339869281 0.7205882352941176 0.10457516339869281 0.7173202614379085 0.10620915032679738 0.7156862745098039 0.10620915032679738 0.7091503267973857 0.10784313725490197 0.7075163398692811 0.10784313725490197 0.6944444444444444 0.10947712418300654 0.6928104575163399 0.10947712418300654 0.6372549019607843 0.1111111111111111 0.6356209150326797 0.1111111111111111 0.6323529411764706 0.10947712418300654 0.630718954248366 0.10947712418300654 0.5049019607843137 0.1111111111111111 0.5032679738562091 0.1111111111111111 0.49836601307189543 0.10947712418300654 0.49673202614379086 0.1111111111111111 0.4950980392156863 0.1111111111111111 0.4934640522875817 0.10947712418300654 0.4918300653594771 0.1111111111111111 0.49019607843137253 0.1111111111111111 0.4673202614379085 0.10947712418300654 0.46568627450980393 0.10947712418300654 0.434640522875817 0.10784313725490197 0.43300653594771243 0.10784313725490197 0.43137254901960786 0.10620915032679738 0.4297385620915033 0.10294117647058823 0.4297385620915033
0 0.45098039215686275 0.6944444444444444 0.45098039215686275 0.7777777777777778 0.4493464052287582 0.7794117647058824 0.4493464052287582 0.7826797385620915 0.45098039215686275 0.7843137254901961 0.45098039215686275 0.7908496732026143 0.49019607843137253 0.7908496732026143 0.4918300653594771 0.7924836601307189 0.6683006535947712 0.7924836601307189 0.6699346405228758 0.7908496732026143 0.6748366013071896 0.7908496732026143 0.6764705882352942 0.7924836601307189 0.7581699346405228 0.7924836601307189 0.7598039215686274 0.7908496732026143 0.7581699346405228 0.7892156862745098 0.7598039215686274 0.7875816993464052 0.7598039215686274 0.7663398692810458 0.7581699346405228 0.7647058823529411 0.7581699346405228 0.7630718954248366 0.7598039215686274 0.761437908496732 0.7598039215686274 0.7598039215686274 0.7581699346405228 0.7581699346405228 0.7581699346405228 0.7565359477124183 0.7598039215686274 0.7549019607843137 0.7598039215686274 0.7516339869281046 0.7581699346405228 0.75 0.7598039215686274 0.7483660130718954 0.7598039215686274 0.7467320261437909 0.7581699346405228 0.7450980392156863 0.7598039215686274 0.7434640522875817 0.7581699346405228 0.7418300653594772 0.7581699346405228 0.7352941176470589 0.7598039215686274 0.7336601307189542 0.7581699346405228 0.7320261437908496 0.7598039215686274 0.7303921568627451 0.7581699346405228 0.7287581699346405 0.7598039215686274 0.7271241830065359 0.7598039215686274 0.7254901960784313 0.7581699346405228 0.7238562091503268 0.7581699346405228 0.7222222222222222 0.7598039215686274 0.7205882352941176 0.7598039215686274 0.7009803921568627 0.7565359477124183 0.6977124183006536 0.7549019607843137 0.6977124183006536 0.7516339869281046 0.6944444444444444 0.6405228758169934 0.6944444444444444 0.6388888888888888 0.6928104575163399 0.6339869281045751 0.6928104575163399 0.6323529411764706 0.6944444444444444 0.6241830065359477 0.6944444444444444 0.6225490196078431 0.6928104575163399 0.6143790849673203 0.6928104575163399 0.6127450980392157 0.6944444444444444 0.6062091503267973 0.6944444444444444 0.6045751633986928 0.6928104575163399 0.5179738562091504 0.6928104575163399 0.5163398692810458 0.6944444444444444 0.5049019607843137 0.6944444444444444 0.5032679738562091 0.6928104575163399 0.4526143790849673 0.6928104575163399
0 0.5604575163398693 0.12908496732026145 0.5604575163398693 0.13398692810457516 0.5588235294117647 0.13562091503267973 0.5588235294117647 0.2238562091503268 0.6274509803921569 0.2238562091503268 0.6290849673202614 0.22549019607843138 0.6519607843137255 0.22549019607843138 0.6535947712418301 0.2238562091503268 0.6699346405228758 0.2238562091503268 0.6715686274509803 0.22549019607843138 0.7990196078431373 0.22549019607843138 0.8006535947712419 0.22712418300653595 0.8137254901960784 0.22712418300653595 0.815359477124183 0.22549019607843138 0.8480392156862745 0.22549019607843138 0.8496732026143791 0.2238562091503268 0.8562091503267973 0.2238562091503268 0.8594771241830066 0.22058823529411764 0.8611111111111112 0.22058823529411764 0.8660130718954249 0.21568627450980393 0.8660130718954249 0.21405228758169934 0.8643790849673203 0.21241830065359477 0.8643790849673203 0.20261437908496732 0.8627450980392157 0.20098039215686275 0.8627450980392157 0.19281045751633988 0.8611111111111112 0.19117647058823528 0.8611111111111112 0.18137254901960784 0.8594771241830066 0.17973856209150327 0.8594771241830066 0.1781045751633987 0.8611111111111112 0.17647058823529413 0.8594771241830066 0.17483660130718953 0.8594771241830066 0.15522875816993464 0.8578431372549019 0.15359477124183007 0.8578431372549019 0.14869281045751634 0.8562091503267973 0.14705882352941177 0.8562091503267973 0.1437908496732026 0.8496732026143791 0.13725490196078433 0.8480392156862745 0.13725490196078433 0.8464052287581699 0.13562091503267973 0.8447712418300654 0.13562091503267973 0.8431372549019608 0.13398692810457516 0.8415032679738562 0.13398692810457516 0.8398692810457516 0.1323529411764706 0.8300653594771242 0.1323529411764706 0.8284313725490197 0.13071895424836602 0.795751633986928 0.13071895424836602 0.7941176470588235 0.12908496732026145 0.7875816993464052 0.12908496732026145 0.7859477124183006 0.12745098039215685 0.7712418300653595 0.12745098039215685 0.7696078431372549 0.12581699346405228 0.673202614379085 0.12581699346405228 0.6715686274509803 0.12418300653594772 0.6633986928104575 0.12418300653594772 0.6617647058823529 0.12581699346405228 0.5620915032679739 0.12581699346405228 0.5620915032679739 0.12745098039215685
0 0.21568627450980393 0.7009803921568627 0.2042483660130719 0.7009803921568627 0.20261437908496732 0.7026143790849673 0.12745098039215685 0.7026143790849673 0.12581699346405228 0.704248366013072 0.12418300653594772 0.704248366013072 0.12091503267973856 0.7075163398692811 0.119281045751634 0.7075163398692811 0.11764705882352941 0.7091503267973857 0.11764705882352941 0.7156862745098039 0.11601307189542484 0.7173202614379085 0.11601307189542484 0.7532679738562091 0.11764705882352941 0.7549019607843137 0.11764705882352941 0.8349673202614379 0.119281045751634 0.8366013071895425 0.119281045751634 0.9983660130718954 0.21895424836601307 0.9983660130718954 0.21895424836601307 0.9379084967320261 0.2173202614379085 0.9362745098039216 0.21895424836601307 0.934640522875817 0.2173202614379085 0.9330065359477124 0.2173202614379085 0.9313725490196079 0.21895424836601307 0.9297385620915033 0.2173202614379085 0.9281045751633987 0.2173202614379085 0.8839869281045751 0.21895424836601307 0.8823529411764706 0.2173202614379085 0.880718954248366 0.21895424836601307 0.8790849673202614 0.21895424836601307 0.8774509803921569 0.2173202614379085 0.8758169934640523 0.2173202614379085 0.8741830065359477 0.21895424836601307 0.8725490196078431 0.2173202614379085 0.8709150326797386 0.2173202614379085 0.8676470588235294 0.21895424836601307 0.8660130718954249 0.21895424836601307 0.8627450980392157 0.2173202614379085 0.8611111111111112 0.21895424836601307 0.8594771241830066 0.21895424836601307 0.8545751633986928 0.2173202614379085 0.8529411764705882 0.2173202614379085 0.7140522875816994 0.21568627450980393 0.7124183006535948 0.21568627450980393 0.7091503267973857 0.2173202614379085 0.7075163398692811 0.21568627450980393 0.7058823529411765 0.2173202614379085 0.704248366013072 0.2173202614379085 0.7026143790849673
0 0.8676470588235294 0.238562091503268 0.8562091503267973 0.238562091503268 0.8545751633986928 0.2369281045751634 0.8415032679738562 0.2369281045751634 0.8398692810457516 0.238562091503268 0.8382352941176471 0.2369281045751634 0.8284313725490197 0.2369281045751634 0.826797385620915 0.238562091503268 0.7140522875816994 0.238562091503268 0.7124183006535948 0.24019607843137256 0.7058823529411765 0.24019607843137256 0.704248366013072 0.24183006535947713 0.696078431372549 0.24183006535947713 0.6944444444444444 0.2434640522875817 0.6454248366013072 0.2434640522875817 0.6437908496732027 0.24183006535947713 0.6290849673202614 0.24183006535947713 0.6274509803921569 0.24019607843137256 0.5931372549019608 0.24019607843137256 0.5915032679738562 0.24183006535947713 0.565359477124183 0.24183006535947713 0.5637254901960784 0.24019607843137256 0.5604575163398693 0.24019607843137256 0.5588235294117647 0.24183006535947713 0.5588235294117647 0.2434640522875817 0.5571895424836601 0.24509803921568626 0.5571895424836601 0.28104575163398693 0.5555555555555556 0.2826797385620915 0.5555555555555556 0.2875816993464052 0.5571895424836601 0.28921568627450983 0.5571895424836601 0.3006535947712418 0.5555555555555556 0.3022875816993464 0.5571895424836601 0.30392156862745096 0.5571895424836601 0.32516339869281047 0.5588235294117647 0.32679738562091504 0.5588235294117647 0.3300653594771242 0.5604575163398693 0.3300653594771242 0.5620915032679739 0.33169934640522875 0.5702614379084967 0.33169934640522875 0.5718954248366013 0.3333333333333333 0.6928104575163399 0.3333333333333333 0.6944444444444444 0.3349673202614379 0.6993464052287581 0.3349673202614379 0.7009803921568627 0.3333333333333333 0.7565359477124183 0.3333333333333333 0.7581699346405228 0.3349673202614379 0.7663398692810458 0.3349673202614379 0.7679738562091504 0.3333333333333333 0.7712418300653595 0.3333333333333333 0.7728758169934641 0.3349673202614379 0.8202614379084967 0.3349673202614379 0.8218954248366013 0.3333333333333333 0.8333333333333334 0.3333333333333333 0.8349673202614379 0.33169934640522875 0.8447712418300654 0.33169934640522875 0.8464052287581699 0.3300653594771242 0.8496732026143791 0.3300653594771242 0.8529411764705882 0.32679738562091504 0.8545751633986928 0.32679738562091504 0.8578431372549019 0.3235294117647059 0.8578431372549019 0.32189542483660133 0.8594771241830066 0.3202614379084967 0.8594771241830066 0.31862745098039214 0.8611111111111112 0.31699346405228757 0.8611111111111112 0.3137254901960784 0.8627450980392157 0.31209150326797386 0.8627450980392157 0.3088235294117647 0.8643790849673203 0.30718954248366015 0.8643790849673203 0.2957516339869281 0.8660130718954249 0.29411764705882354 0.8660130718954249 0.2777777777777778 0.8676470588235294 0.2761437908496732
0 0.7679738562091504 0.47058823529411764 0.7418300653594772 0.47058823529411764 0.7401960784313726 0.46895424836601307 0.7369281045751634 0.46895424836601307 0.7352941176470589 0.47058823529411764 0.5473856209150327 0.47058823529411764 0.545751633986928 0.4722222222222222 0.5245098039215687 0.4722222222222222 0.5228758169934641 0.47058823529411764 0.5032679738562091 0.47058823529411764 0.5016339869281046 0.4722222222222222 0.4591503267973856 0.4722222222222222 0.4591503267973856 0.5620915032679739 0.4673202614379085 0.5620915032679739 0.46895424836601307 0.5637254901960784 0.49673202614379086 0.5637254901960784 0.49836601307189543 0.5620915032679739 0.5915032679738562 0.5620915032679739 0.5931372549019608 0.5604575163398693 0.6127450980392157 0.5604575163398693 0.6143790849673203 0.5620915032679739 0.6405228758169934 0.5620915032679739 0.6421568627450981 0.5604575163398693 0.6437908496732027 0.5604575163398693 0.6454248366013072 0.5620915032679739 0.6666666666666666 0.5620915032679739 0.6683006535947712 0.5604575163398693 0.7679738562091504 0.5604575163398693 0.7679738562091504 0.49836601307189543 0.7663398692810458 0.49673202614379086 0.7679738562091504 0.4950980392156863 0.7679738562091504 0.49019607843137253 0.7663398692810458 0.48856209150326796 0.7679738562091504 0.4869281045751634 0.7663398692810458 0.4852941176470588 0.7679738562091504 0.48366013071895425 0.7679738562091504 0.4820261437908497 0.7663398692810458 0.4803921568627451 0.7663398692810458 0.477124183006536 0.7679738562091504 0.47549019607843135
0 0.4526143790849673 0.5800653594771242 0.4526143790849673 0.6552287581699346 0.4542483660130719 0.6568627450980392 0.4542483660130719 0.6601307189542484 0.45588235294117646 0.6617647058823529 0.45588235294117646 0.6633986928104575 0.45751633986928103 0.6650326797385621 0.4591503267973856 0.6650326797385621 0.46078431372549017 0.6666666666666666 0.4673202614379085 0.6666666666666666 0.46895424836601307 0.6683006535947712 0.47549019607843135 0.6683006535947712 0.477124183006536 0.6699346405228758 0.49673202614379086 0.6699346405228758 0.49836601307189543 0.6715686274509803 0.5179738562091504 0.6715686274509803 0.5196078431372549 0.673202614379085 0.5277777777777778 0.673202614379085 0.5294117647058824 0.6715686274509803 0.5441176470588235 0.6715686274509803 0.545751633986928 0.673202614379085 0.6078431372549019 0.673202614379085 0.6094771241830066 0.6715686274509803 0.6290849673202614 0.6715686274509803 0.630718954248366 0.6699346405228758 0.6470588235294118 0.6699346405228758 0.6486928104575164 0.6683006535947712 0.6633986928104575 0.6683006535947712 0.6650326797385621 0.6699346405228758 0.6895424836601307 0.6699346405228758 0.6911764705882353 0.6715686274509803 0.7075163398692811 0.6715686274509803 0.7091503267973857 0.6699346405228758 0.7271241830065359 0.6699346405228758 0.7287581699346405 0.6683006535947712 0.7418300653594772 0.6683006535947712 0.7434640522875817 0.6666666666666666 0.7450980392156863 0.6666666666666666 0.7467320261437909 0.6650326797385621 0.7483660130718954 0.6650326797385621 0.7532679738562091 0.6601307189542484 0.7532679738562091 0.6584967320261438 0.7549019607843137 0.6568627450980392 0.7549019607843137 0.6552287581699346 0.7565359477124183 0.6535947712418301 0.7565359477124183 0.6470588235294118 0.7581699346405228 0.6454248366013072 0.7581699346405228 0.6225490196078431 0.7598039215686274 0.6209150326797386 0.7581699346405228 0.619281045751634 0.7598039215686274 0.6176470588235294 0.7598039215686274 0.5833333333333334 0.7581699346405228 0.5816993464052288 0.7549019607843137 0.5816993464052288 0.7532679738562091 0.5800653594771242 0.6813725490196079 0.5800653594771242 0.6797385620915033 0.5784313725490197 0.6748366013071896 0.5784313725490197 0.673202614379085 0.5800653594771242 0.6535947712418301 0.5800653594771242 0.6519607843137255 0.5784313725490197 0.5294117647058824 0.5784313725490197 0.5277777777777778 0.576797385620915 0.4803921568627451 0.576797385620915 0.47875816993464054 0.5784313725490197 0.4542483660130719 0.5784313725490197
0 0.4297385620915033 0.48856209150326796 0.42483660130718953 0.48856209150326796 0.42320261437908496 0.4869281045751634 0.39705882352941174 0.4869281045751634 0.3954248366013072 0.48856209150326796 0.380718954248366 0.48856209150326796 0.3790849673202614 0.4869281045751634 0.3562091503267974 0.4869281045751634 0.3545751633986928 0.48856209150326796 0.35130718954248363 0.48856209150326796 0.34967320261437906 0.49019607843137253 0.3480392156862745 0.49019607843137253 0.3480392156862745 0.4950980392156863 0.3464052287581699 0.49673202614379086 0.3464052287581699 0.5130718954248366 0.34477124183006536 0.5147058823529411 0.34477124183006536 0.5375816993464052 0.3431372549019608 0.5392156862745098 0.3431372549019608 0.6928104575163399 0.3415032679738562 0.6944444444444444 0.3415032679738562 0.7973856209150327 0.3431372549019608 0.7973856209150327 0.34477124183006536 0.795751633986928 0.3627450980392157 0.795751633986928 0.36437908496732024 0.7941176470588235 0.37254901960784315 0.7941176470588235 0.3741830065359477 0.7924836601307189 0.3872549019607843 0.7924836601307189 0.3888888888888889 0.7908496732026143 0.4084967320261438 0.7908496732026143 0.41013071895424835 0.7892156862745098 0.41830065359477125 0.7892156862745098 0.4199346405228758 0.7875816993464052 0.42320261437908496 0.7875816993464052 0.4264705882352941 0.7843137254901961 0.4264705882352941 0.7826797385620915 0.42810457516339867 0.7810457516339869 0.42810457516339867 0.7794117647058824 0.4297385620915033 0.7777777777777778 0.4297385620915033 0.7745098039215687 0.43137254901960786 0.7728758169934641 0.43137254901960786 0.761437908496732 0.43300653594771243 0.7598039215686274 0.43300653594771243 0.7173202614379085 0.434640522875817 0.7156862745098039 0.434640522875817 0.7091503267973857 0.43300653594771243 0.7075163398692811 0.434640522875817 0.7058823529411765 0.43300653594771243 0.704248366013072 0.43300653594771243 0.7026143790849673 0.434640522875817 0.7009803921568627 0.434640522875817 0.6993464052287581 0.43300653594771243 0.6977124183006536 0.434640522875817 0.696078431372549 0.434640522875817 0.6928104575163399 0.43300653594771243 0.6911764705882353 0.43300653594771243 0.684640522875817 0.434640522875817 0.6830065359477124 0.434640522875817 0.6584967320261438 0.43300653594771243 0.6568627450980392 0.43300653594771243 0.6552287581699346 0.434640522875817 0.6535947712418301 0.43300653594771243 0.6519607843137255 0.434640522875817 0.6503267973856209 0.434640522875817 0.6470588235294118 0.43300653594771243 0.6454248366013072 0.43300653594771243 0.6421568627450981 0.434640522875817 0.6405228758169934 0.434640522875817 0.6388888888888888 0.43300653594771243 0.6372549019607843 0.434640522875817 0.6356209150326797 0.434640522875817 0.49673202614379086 0.43300653594771243 0.4950980392156863 0.43300653594771243 0.49019607843137253 0.43137254901960786 0.49019607843137253
0 0.5588235294117647 0.3562091503267974 0.5588235294117647 0.44607843137254904 0.8496732026143791 0.44607843137254904 0.8513071895424836 0.4444444444444444 0.8594771241830066 0.4444444444444444 0.8611111111111112 0.44281045751633985 0.8643790849673203 0.44281045751633985 0.8643790849673203 0.43137254901960786 0.8627450980392157 0.4297385620915033 0.8627450980392157 0.4150326797385621 0.8611111111111112 0.4133986928104575 0.8611111111111112 0.4035947712418301 0.8594771241830066 0.4019607843137255 0.8594771241830066 0.37745098039215685 0.8578431372549019 0.3758169934640523 0.8578431372549019 0.3709150326797386 0.8562091503267973 0.369281045751634 0.8562091503267973 0.3660130718954248 0.8545751633986928 0.36437908496732024 0.8529411764705882 0.36437908496732024 0.8496732026143791 0.3611111111111111 0.8464052287581699 0.3611111111111111 0.8447712418300654 0.35947712418300654 0.8415032679738562 0.35947712418300654 0.8398692810457516 0.35784313725490197 0.8316993464052288 0.35784313725490197 0.8300653594771242 0.3562091503267974 0.815359477124183 0.3562091503267974 0.8137254901960784 0.35784313725490197 0.7990196078431373 0.35784313725490197 0.7973856209150327 0.3562091503267974 0.7728758169934641 0.3562091503267974 0.7712418300653595 0.3545751633986928 0.5604575163398693 0.3545751633986928
0 0.2565359477124183 0.704248366013072 0.2549019607843137 0.7058823529411765 0.25163398692810457 0.7058823529411765 0.25 0.7075163398692811 0.24836601307189543 0.7075163398692811 0.24673202614379086 0.7091503267973857 0.24673202614379086 0.7107843137254902 0.24509803921568626 0.7124183006535948 0.24509803921568626 0.7140522875816994 0.2434640522875817 0.7156862745098039 0.2434640522875817 0.7222222222222222 0.24183006535947713 0.7238562091503268 0.24183006535947713 0.7336601307189542 0.24019607843137256 0.7352941176470589 0.24019607843137256 0.7450980392156863 0.238562091503268 0.7467320261437909 0.238562091503268 0.7598039215686274 0.2369281045751634 0.761437908496732 0.2369281045751634 0.8709150326797386 0.238562091503268 0.8725490196078431 0.238562091503268 0.8856209150326797 0.24019607843137256 0.8872549019607843 0.24019607843137256 0.8970588235294118 0.24183006535947713 0.8986928104575164 0.24183006535947713 0.9869281045751634 0.2434640522875817 0.988562091503268 0.2434640522875817 0.9983660130718954 0.33169934640522875 0.9983660130718954 0.33169934640522875 0.9722222222222222 0.3333333333333333 0.9705882352941176 0.33169934640522875 0.9689542483660131 0.3333333333333333 0.9673202614379085 0.33169934640522875 0.9656862745098039 0.3333333333333333 0.9640522875816994 0.3333333333333333 0.9575163398692811 0.33169934640522875 0.9558823529411765 0.3333333333333333 0.954248366013072 0.3333333333333333 0.9526143790849673 0.33169934640522875 0.9509803921568627 0.3333333333333333 0.9493464052287581 0.3333333333333333 0.9444444444444444 0.33169934640522875 0.9428104575163399 0.33169934640522875 0.9395424836601307 0.3333333333333333 0.9379084967320261 0.3333333333333333 0.9362745098039216 0.33169934640522875 0.934640522875817 0.33169934640522875 0.9330065359477124 0.3333333333333333 0.9313725490196079 0.3333333333333333 0.8594771241830066 0.33169934640522875 0.8578431372549019 0.33169934640522875 0.795751633986928 0.3333333333333333 0.7941176470588235 0.3333333333333333 0.7712418300653595 0.3349673202614379 0.7696078431372549 0.3333333333333333 0.7679738562091504 0.3333333333333333 0.7663398692810458 0.3349673202614379 0.7647058823529411 0.3349673202614379 0.761437908496732 0.3333333333333333 0.7598039215686274 0.3349673202614379 0.7581699346405228 0.3333333333333333 0.7565359477124183 0.3333333333333333 0.7401960784313726 0.33169934640522875 0.738562091503268 0.33169934640522875 0.7058823529411765 0.3300653594771242 0.704248366013072
0 0.9983660130718954 0.8022875816993464 0.9787581699346405 0.8022875816993464 0.9771241830065359 0.8006535947712419 0.9640522875816994 0.8006535947712419 0.9624183006535948 0.8022875816993464 0.9199346405228758 0.8022875816993464 0.9183006535947712 0.8006535947712419 0.9101307189542484 0.8006535947712419 0.9084967320261438 0.8022875816993464 0.8823529411764706 0.8022875816993464 0.8823529411764706 0.8071895424836601 0.880718954248366 0.8088235294117647 0.880718954248366 0.8284313725490197 0.8823529411764706 0.8300653594771242 0.8823529411764706 0.8480392156862745 0.8790849673202614 0.8513071895424836 0.8774509803921569 0.8496732026143791 0.8774509803921569 0.8431372549019608 0.8758169934640523 0.8415032679738562 0.8758169934640523 0.8316993464052288 0.8741830065359477 0.8300653594771242 0.8741830065359477 0.8251633986928104 0.8725490196078431 0.8235294117647058 0.8725490196078431 0.8202614379084967 0.8709150326797386 0.8186274509803921 0.8709150326797386 0.815359477124183 0.869281045751634 0.8137254901960784 0.869281045751634 0.8120915032679739 0.8643790849673203 0.8071895424836601 0.8643790849673203 0.8055555555555556 0.8529411764705882 0.8055555555555556 0.8513071895424836 0.803921568627451 0.7352941176470589 0.803921568627451 0.7336601307189542 0.8055555555555556 0.7238562091503268 0.8055555555555556 0.7205882352941176 0.8088235294117647 0.7205882352941176 0.8120915032679739 0.7189542483660131 0.8137254901960784 0.7189542483660131 0.8235294117647058 0.7173202614379085 0.8251633986928104 0.7173202614379085 0.8480392156862745 0.7189542483660131 0.8496732026143791 0.7189542483660131 0.8627450980392157 0.7173202614379085 0.8643790849673203 0.7173202614379085 0.8660130718954249 0.7189542483660131 0.8676470588235294 0.7189542483660131 0.8921568627450981 0.7205882352941176 0.8937908496732027 0.7222222222222222 0.8986928104575164 0.7254901960784313 0.9019607843137255 0.7254901960784313 0.9035947712418301 0.7271241830065359 0.9052287581699346 0.7875816993464052 0.9052287581699346 0.7892156862745098 0.9068627450980392 0.8676470588235294 0.9068627450980392 0.869281045751634 0.9052287581699346 0.8709150326797386 0.9052287581699346 0.8725490196078431 0.9068627450980392 0.8790849673202614 0.9068627450980392 0.8790849673202614 0.8921568627450981 0.880718954248366 0.8905228758169934 0.8856209150326797 0.8954248366013072 0.8872549019607843 0.8954248366013072 0.8954248366013072 0.9035947712418301 0.9983660130718954 0.9035947712418301 0.9983660130718954 0.8333333333333334 0.9967320261437909 0.8333333333333334 0.9918300653594772 0.8366013071895425 0.988562091503268 0.8366013071895425 0.9869281045751634 0.8382352941176471 0.9836601307189542 0.8382352941176471 0.9820261437908496 0.8398692810457516 0.9771241830065359 0.8398692810457516 0.9689542483660131 0.8447712418300654 0.9656862745098039 0.8447712418300654 0.9640522875816994 0.8464052287581699 0.9624183006535948 0.8464052287581699 0.954248366013072 0.8545751633986928 0.954248366013072 0.8562091503267973 0.946078431372549 0.8627450980392157 0.9444444444444444 0.8676470588235294 0.9362745098039216 0.8741830065359477 0.9362745098039216 0.8774509803921569 0.934640522875817 0.8790849673202614 0.9330065359477124 0.8839869281045751 0.9264705882352942 0.8905228758169934 0.9264705882352942 0.8937908496732027 0.923202614379085 0.8970588235294118 0.9199346405228758 0.8970588235294118 0.9183006535947712 0.8954248366013072 0.9183006535947712 0.8888888888888888 0.9199346405228758 0.8872549019607843 0.9199346405228758 0.8856209150326797 0.9248366013071896 0.880718954248366 0.9248366013071896 0.8790849673202614 0.9264705882352942 0.8774509803921569 0.9264705882352942 0.8758169934640523 0.9281045751633987 0.8741830065359477 0.9297385620915033 0.869281045751634 0.9362745098039216 0.8627450980392157 0.9362745098039216 0.8611111111111112 0.9395424836601307 0.8578431372549019 0.9395424836601307 0.8562091503267973 0.9411764705882353 0.8545751633986928 0.9428104575163399 0.8545751633986928 0.9477124183006536 0.8496732026143791 0.9444444444444444 0.8496732026143791 0.9428104575163399 0.8513071895424836 0.934640522875817 0.8513071895424836 0.9330065359477124 0.8496732026143791 0.9166666666666666 0.8496732026143791 0.9150326797385621 0.8513071895424836 0.9052287581699346 0.8513071895424836 0.9035947712418301 0.8496732026143791 0.9035947712418301 0.8464052287581699 0.9068627450980392 0.8431372549019608 0.9117647058823529 0.8431372549019608 0.9133986928104575 0.8415032679738562 0.9264705882352942 0.8415032679738562 0.9281045751633987 0.8431372549019608 0.9297385620915033 0.8415032679738562 0.9330065359477124 0.8415032679738562 0.934640522875817 0.8431372549019608 0.9428104575163399 0.8431372549019608 0.9444444444444444 0.8415032679738562 0.9509803921568627 0.8415032679738562 0.9526143790849673 0.8431372549019608 0.954248366013072 0.8431372549019608 0.9640522875816994 0.8366013071895425 0.9673202614379085 0.8366013071895425 0.9722222222222222 0.8333333333333334 0.9771241830065359 0.8333333333333334 0.9787581699346405 0.8316993464052288 0.9820261437908496 0.8316993464052288 0.9836601307189542 0.8300653594771242 0.9869281045751634 0.8300653594771242 0.9918300653594772 0.826797385620915 0.9950980392156863 0.826797385620915 0.9967320261437909 0.8251633986928104 0.9983660130718954 0.8251633986928104
0 0.34477124183006536 0.16666666666666666 0.34477124183006536 0.27941176470588236 0.3431372549019608 0.28104575163398693 0.3431372549019608 0.2875816993464052 0.34477124183006536 0.28921568627450983 0.34477124183006536 0.30392156862745096 0.3431372549019608 0.3055555555555556 0.3431372549019608 0.3284313725490196 0.34477124183006536 0.3300653594771242 0.34477124183006536 0.3562091503267974 0.3431372549019608 0.35784313725490197 0.3431372549019608 0.4738562091503268 0.35294117647058826 0.4738562091503268 0.3545751633986928 0.47549019607843135 0.434640522875817 0.47549019607843135 0.434640522875817 0.4117647058823529 0.4362745098039216 0.41013071895424835 0.4362745098039216 0.4084967320261438 0.434640522875817 0.4068627450980392 0.434640522875817 0.40522875816993464 0.4362745098039216 0.4035947712418301 0.4362745098039216 0.39705882352941174 0.434640522875817 0.3954248366013072 0.434640522875817 0.3790849673202614 0.4362745098039216 0.37745098039215685 0.434640522875817 0.3758169934640523 0.4362745098039216 0.3741830065359477 0.434640522875817 0.37254901960784315 0.4362745098039216 0.3709150326797386 0.4362745098039216 0.36764705882352944 0.434640522875817 0.3660130718954248 0.4362745098039216 0.36437908496732024 0.4362745098039216 0.3627450980392157 0.434640522875817 0.3611111111111111 0.4362745098039216 0.35947712418300654 0.434640522875817 0.35784313725490197 0.434640522875817 0.3545751633986928 0.4362745098039216 0.35294117647058826 0.434640522875817 0.35130718954248363 0.4362745098039216 0.34967320261437906 0.434640522875817 0.3480392156862745 0.4362745098039216 0.3464052287581699 0.4362745098039216 0.3300653594771242 0.434640522875817 0.3284313725490196 0.434640522875817 0.32679738562091504 0.4362745098039216 0.32516339869281047 0.4362745098039216 0.3235294117647059 0.434640522875817 0.32189542483660133 0.4362745098039216 0.3202614379084967 0.434640522875817 0.31862745098039214 0.4362745098039216 0.31699346405228757 0.434640522875817 0.315359477124183 0.434640522875817 0.31209150326797386 0.4362745098039216 0.3104575163398693 0.4362745098039216 0.3088235294117647 0.434640522875817 0.30718954248366015 0.4362745098039216 0.3055555555555556 0.4362745098039216 0.24673202614379086 0.434640522875817 0.24673202614379086 0.434640522875817 0.25 0.43137254901960786 0.25326797385620914 0.42810457516339867 0.25326797385620914 0.4264705882352941 0.2549019607843137 0.4215686274509804 0.2549019607843137 0.4199346405228758 0.25326797385620914 0.4199346405228758 0.25 0.42483660130718953 0.24509803921568626 0.4264705882352941 0.24509803921568626 0.42810457516339867 0.2434640522875817 0.43300653594771243 0.2434640522875817 0.43300653594771243 0.24019607843137256 0.43137254901960786 0.238562091503268 0.43137254901960786 0.23529411764705882 0.42810457516339867 0.23529411764705882 0.4264705882352941 0.23366013071895425 0.4264705882352941 0.22712418300653595 0.42483660130718953 0.22549019607843138 0.42483660130718953 0.2238562091503268 0.4199346405228758 0.22058823529411764 0.4199346405228758 0.21568627450980393 0.42483660130718953 0.2107843137254902 0.4264705882352941 0.2107843137254902 0.42483660130718953 0.20915032679738563 0.42483660130718953 0.20751633986928106 0.42320261437908496 0.20751633986928106 0.4150326797385621 0.19934640522875818 0.4150326797385621 0.19607843137254902 0.4166666666666667 0.19444444444444445 0.4166666666666667 0.19281045751633988 0.41830065359477125 0.19117647058823528 0.41830065359477125 0.18790849673202614 0.4199346405228758 0.18627450980392157 0.41830065359477125 0.184640522875817 0.4117647058823529 0.184640522875817 0.41013071895424835 0.1830065359477124 0.41013071895424835 0.18137254901960784 0.4068627450980392 0.18137254901960784 0.40522875816993464 0.17973856209150327 0.4035947712418301 0.17973856209150327 0.4019607843137255 0.1781045751633987 0.4019607843137255 0.17483660130718953 0.40032679738562094 0.17647058823529413 0.39869281045751637 0.17647058823529413 0.39869281045751637 0.1781045751633987 0.3937908496732026 0.1830065359477124 0.380718954248366 0.1830065359477124 0.37745098039215685 0.17973856209150327 0.37745098039215685 0.1781045751633987 0.3758169934640523 0.1781045751633987 0.37254901960784315 0.17483660130718953 0.3709150326797386 0.17483660130718953 0.369281045751634 0.17320261437908496 0.369281045751634 0.16830065359477125 0.3709150326797386 0.16666666666666666 0.3758169934640523 0.16666666666666666 0.3839869281045752 0.17483660130718953 0.3872549019607843 0.17483660130718953 0.3888888888888889 0.17320261437908496 0.3954248366013072 0.17320261437908496 0.3954248366013072 0.1715686274509804 0.39869281045751637 0.16830065359477125 0.39869281045751637 0.1650326797385621 0.39215686274509803 0.1650326797385621 0.39052287581699346 0.16666666666666666
0 0.5147058823529411 0.9133986928104575 0.5147058823529411 0.9754901960784313 0.5130718954248366 0.9771241830065359 0.5130718954248366 0.9983660130718954 0.8235294117647058 0.9983660130718954 0.8235294117647058 0.9771241830065359 0.8251633986928104 0.9754901960784313 0.8251633986928104 0.9738562091503268 0.8202614379084967 0.9738562091503268 0.8186274509803921 0.9722222222222222 0.8186274509803921 0.9673202614379085 0.8202614379084967 0.9656862745098039 0.8235294117647058 0.9656862745098039 0.8251633986928104 0.9673202614379085 0.8251633986928104 0.9477124183006536 0.8235294117647058 0.946078431372549 0.8235294117647058 0.9281045751633987 0.8218954248366013 0.9264705882352942 0.8218954248366013 0.9248366013071896 0.815359477124183 0.9183006535947712 0.815359477124183 0.9166666666666666 0.8137254901960784 0.9150326797385621 0.8006535947712419 0.9150326797385621 0.7990196078431373 0.9133986928104575 0.7810457516339869 0.9133986928104575 0.7794117647058824 0.9150326797385621 0.7287581699346405 0.9150326797385621 0.7271241830065359 0.9133986928104575 0.5261437908496732 0.9133986928104575 0.5245098039215687 0.9117647058823529 0.5179738562091504 0.9117647058823529 0.5163398692810458 0.9133986928104575
0 0.9983660130718954 0.6895424836601307 0.9379084967320261 0.6895424836601307 0.9379084967320261 0.6977124183006536 0.9362745098039216 0.6993464052287581 0.934640522875817 0.6993464052287581 0.9330065359477124 0.6977124183006536 0.9313725490196079 0.6977124183006536 0.9297385620915033 0.696078431372549 0.9281045751633987 0.696078431372549 0.9264705882352942 0.6944444444444444 0.923202614379085 0.6944444444444444 0.9215686274509803 0.6928104575163399 0.8088235294117647 0.6928104575163399 0.8071895424836601 0.6944444444444444 0.8006535947712419 0.6944444444444444 0.7990196078431373 0.6928104575163399 0.7794117647058824 0.6928104575163399 0.7777777777777778 0.6944444444444444 0.7745098039215687 0.6944444444444444 0.7745098039215687 0.7810457516339869 0.7843137254901961 0.7908496732026143 0.9362745098039216 0.7908496732026143 0.9362745098039216 0.7810457516339869 0.9379084967320261 0.7794117647058824 0.9379084967320261 0.7777777777777778 0.9395424836601307 0.7761437908496732 0.9411764705882353 0.7761437908496732 0.9428104575163399 0.7777777777777778 0.946078431372549 0.7777777777777778 0.9477124183006536 0.7794117647058824 0.9493464052287581 0.7794117647058824 0.9509803921568627 0.7810457516339869 0.9591503267973857 0.7810457516339869 0.9607843137254902 0.7826797385620915 0.9738562091503268 0.7826797385620915 0.9754901960784313 0.7843137254901961 0.9983660130718954 0.7843137254901961
0 0.7728758169934641 0.5833333333333334 0.7728758169934641 0.5866013071895425 0.7712418300653595 0.5882352941176471 0.7712418300653595 0.6143790849673203 0.7696078431372549 0.6160130718954249 0.7712418300653595 0.6176470588235294 0.7712418300653595 0.6666666666666666 0.7728758169934641 0.6666666666666666 0.7761437908496732 0.6699346405228758 0.7777777777777778 0.6699346405228758 0.7794117647058824 0.6715686274509803 0.8071895424836601 0.6715686274509803 0.8088235294117647 0.673202614379085 0.8104575163398693 0.6715686274509803 0.9330065359477124 0.6715686274509803 0.934640522875817 0.6699346405228758 0.9362745098039216 0.6699346405228758 0.9379084967320261 0.6715686274509803 0.9411764705882353 0.6715686274509803 0.9428104575163399 0.673202614379085 0.9444444444444444 0.673202614379085 0.946078431372549 0.6748366013071896 0.9738562091503268 0.6748366013071896 0.9754901960784313 0.6764705882352942 0.988562091503268 0.6764705882352942 0.9901960784313726 0.6748366013071896 0.9983660130718954 0.6748366013071896 0.9983660130718954 0.5816993464052288 0.9624183006535948 0.5816993464052288 0.9607843137254902 0.5800653594771242 0.9558823529411765 0.5800653594771242 0.954248366013072 0.5816993464052288 0.9395424836601307 0.5816993464052288 0.9379084967320261 0.5833333333333334 0.9362745098039216 0.5833333333333334 0.934640522875817 0.5849673202614379 0.934640522875817 0.5882352941176471 0.9330065359477124 0.5898692810457516 0.9330065359477124 0.5931372549019608 0.9313725490196079 0.5947712418300654 0.9313725490196079 0.5964052287581699 0.9297385620915033 0.5980392156862745 0.9281045751633987 0.5964052287581699 0.9281045751633987 0.5915032679738562 0.9264705882352942 0.5898692810457516 0.9264705882352942 0.5866013071895425 0.9248366013071896 0.5849673202614379 0.9248366013071896 0.5833333333333334 0.923202614379085 0.5816993464052288 0.9215686274509803 0.5816993464052288 0.9199346405228758 0.5800653594771242 0.9166666666666666 0.5800653594771242 0.9150326797385621 0.5784313725490197 0.9019607843137255 0.5784313725490197 0.9003267973856209 0.576797385620915 0.8594771241830066 0.576797385620915 0.8578431372549019 0.5784313725490197 0.7826797385620915 0.5784313725490197 0.7810457516339869 0.5800653594771242 0.7761437908496732 0.5800653594771242
0 0.7810457516339869 0.47058823529411764 0.7810457516339869 0.5588235294117647 0.7843137254901961 0.5588235294117647 0.7859477124183006 0.5604575163398693 0.9133986928104575 0.5604575163398693 0.9150326797385621 0.5588235294117647 0.9166666666666666 0.5588235294117647 0.9183006535947712 0.5604575163398693 0.9509803921568627 0.5604575163398693 0.9526143790849673 0.5588235294117647 0.9983660130718954 0.5588235294117647 0.9983660130718954 0.46895424836601307 0.8888888888888888 0.46895424836601307 0.8872549019607843 0.47058823529411764 0.8725490196078431 0.47058823529411764 0.8709150326797386 0.46895424836601307 0.8594771241830066 0.46895424836601307 0.8578431372549019 0.47058823529411764 0.8300653594771242 0.47058823529411764 0.8300653594771242 0.4722222222222222 0.826797385620915 0.47549019607843135 0.826797385620915 0.48366013071895425 0.8251633986928104 0.4852941176470588 0.8235294117647058 0.4852941176470588 0.8235294117647058 0.4869281045751634 0.8169934640522876 0.4934640522875817 0.8169934640522876 0.5 0.815359477124183 0.5016339869281046 0.815359477124183 0.5032679738562091 0.8169934640522876 0.5049019607843137 0.8169934640522876 0.5130718954248366 0.8186274509803921 0.5130718954248366 0.8202614379084967 0.5147058823529411 0.8202614379084967 0.5212418300653595 0.8218954248366013 0.5228758169934641 0.8218954248366013 0.5277777777777778 0.8202614379084967 0.5294117647058824 0.8169934640522876 0.5294117647058824 0.815359477124183 0.5277777777777778 0.815359477124183 0.5261437908496732 0.8137254901960784 0.5245098039215687 0.8137254901960784 0.5196078431372549 0.8120915032679739 0.5179738562091504 0.8120915032679739 0.5163398692810458 0.8104575163398693 0.5147058823529411 0.8104575163398693 0.5065359477124183 0.8088235294117647 0.5049019607843137 0.8088235294117647 0.49836601307189543 0.8104575163398693 0.49673202614379086 0.8104575163398693 0.48856209150326796 0.8137254901960784 0.4852941176470588 0.815359477124183 0.4852941176470588 0.8186274509803921 0.4820261437908497 0.8186274509803921 0.47875816993464054 0.8202614379084967 0.477124183006536 0.8202614379084967 0.47058823529411764 0.8055555555555556 0.47058823529411764 0.803921568627451 0.46895424836601307 0.7973856209150327 0.46895424836601307 0.7973856209150327 0.47058823529411764 0.7908496732026143 0.477124183006536 0.7875816993464052 0.477124183006536 0.7859477124183006 0.47549019607843135 0.7859477124183006 0.47058823529411764
0 0.10457516339869281 0.7434640522875817 0.08823529411764706 0.7434640522875817 0.08660130718954248 0.7450980392156863 0.016339869281045753 0.7450980392156863 0.014705882352941176 0.7467320261437909 0.013071895424836602 0.7467320261437909 0.011437908496732025 0.7483660130718954 0.00980392156862745 0.7483660130718954 0.006535947712418301 0.7516339869281046 0.004901960784313725 0.7516339869281046 0.0032679738562091504 0.7532679738562091 0.0016339869281045752 0.7532679738562091 0.0016339869281045752 0.7859477124183006 0 0.7875816993464052 0 0.803921568627451 0.0016339869281045752 0.8055555555555556 0.0016339869281045752 0.8333333333333334 0.0032679738562091504 0.8349673202614379 0.0032679738562091504 0.8447712418300654 0.004901960784313725 0.8464052287581699 0.004901960784313725 0.8594771241830066 0.006535947712418301 0.8611111111111112 0.006535947712418301 0.8741830065359477 0.008169934640522876 0.8758169934640523 0.008169934640522876 0.8888888888888888 0.00980392156862745 0.8905228758169934 0.00980392156862745 0.8937908496732027 0.011437908496732025 0.8954248366013072 0.011437908496732025 0.8970588235294118 0.013071895424836602 0.8986928104575164 0.014705882352941176 0.8986928104575164 0.016339869281045753 0.9003267973856209 0.02287581699346405 0.9003267973856209 0.024509803921568627 0.9019607843137255 0.03594771241830065 0.9019607843137255 0.03758169934640523 0.9035947712418301 0.049019607843137254 0.9035947712418301 0.05065359477124183 0.9052287581699346 0.06045751633986928 0.9052287581699346 0.06209150326797386 0.9068627450980392 0.0915032679738562 0.9068627450980392 0.09313725490196079 0.9052287581699346 0.09477124183006536 0.9052287581699346 0.10620915032679738 0.8937908496732027 0.10620915032679738 0.8611111111111112 0.10457516339869281 0.8594771241830066 0.10457516339869281 0.8447712418300654 0.10620915032679738 0.8431372549019608 0.10457516339869281 0.8415032679738562 0.10620915032679738 0.8398692810457516 0.10620915032679738 0.8366013071895425 0.10457516339869281 0.8349673202614379 0.10457516339869281 0.8333333333333334 0.10620915032679738 0.8316993464052288 0.10620915032679738 0.8120915032679739 0.10457516339869281 0.8104575163398693 0.10457516339869281 0.8088235294117647 0.10620915032679738 0.8071895424836601 0.10620915032679738 0.803921568627451 0.10457516339869281 0.8022875816993464 0.10457516339869281 0.8006535947712419 0.10620915032679738 0.7990196078431373 0.10457516339869281 0.7973856209150327 0.10457516339869281 0.7712418300653595 0.10620915032679738 0.7696078431372549 0.10620915032679738 0.7679738562091504 0.10457516339869281 0.7663398692810458
0 0.17483660130718953 0.021241830065359478 0.17483660130718953 0.05228758169934641 0.17647058823529413 0.05392156862745098 0.17647058823529413 0.07026143790849673 0.17483660130718953 0.0718954248366013 0.17483660130718953 0.08660130718954248 0.17647058823529413 0.08823529411764706 0.17647058823529413 0.10130718954248366 0.1781045751633987 0.10294117647058823 0.1781045751633987 0.10784313725490197 0.17973856209150327 0.10947712418300654 0.17973856209150327 0.1111111111111111 0.18137254901960784 0.11274509803921569 0.18137254901960784 0.11437908496732026 0.1830065359477124 0.11601307189542484 0.1830065359477124 0.11764705882352941 0.18627450980392157 0.12091503267973856 0.19117647058823528 0.12091503267973856 0.19281045751633988 0.12254901960784313 0.20261437908496732 0.12254901960784313 0.2042483660130719 0.12418300653594772 0.2222222222222222 0.12418300653594772 0.2238562091503268 0.12254901960784313 0.2630718954248366 0.12254901960784313 0.2647058823529412 0.12418300653594772 0.27124183006535946 0.12418300653594772 0.272875816993464 0.12254901960784313 0.2777777777777778 0.12254901960784313 0.27941176470588236 0.12418300653594772 0.33169934640522875 0.12418300653594772 0.33169934640522875 0.06535947712418301 0.3333333333333333 0.06372549019607843 0.3333333333333333 0.04411764705882353 0.33169934640522875 0.042483660130718956 0.33169934640522875 0.0392156862745098 0.3300653594771242 0.03758169934640523 0.3300653594771242 0.03594771241830065 0.3284313725490196 0.03431372549019608 0.3284313725490196 0.03104575163398693 0.32516339869281047 0.027777777777777776 0.3235294117647059 0.027777777777777776 0.32189542483660133 0.026143790849673203 0.31209150326797386 0.026143790849673203 0.3104575163398693 0.024509803921568627 0.2875816993464052 0.024509803921568627 0.28594771241830064 0.02287581699346405 0.2696078431372549 0.02287581699346405 0.2679738562091503 0.021241830065359478
0 0.1830065359477124 0.5931372549019608 0.1830065359477124 0.5964052287581699 0.18137254901960784 0.5980392156862745 0.18137254901960784 0.6029411764705882 0.17973856209150327 0.6045751633986928 0.17973856209150327 0.6241830065359477 0.1781045751633987 0.6258169934640523 0.1781045751633987 0.6503267973856209 0.17647058823529413 0.6519607843137255 0.17647058823529413 0.684640522875817 0.20751633986928106 0.684640522875817 0.20915032679738563 0.6830065359477124 0.21405228758169934 0.6830065359477124 0.21568627450980393 0.684640522875817 0.23366013071895425 0.684640522875817 0.23529411764705882 0.6830065359477124 0.25326797385620914 0.6830065359477124 0.2549019607843137 0.684640522875817 0.27941176470588236 0.684640522875817 0.28104575163398693 0.6830065359477124 0.30718954248366015 0.6830065359477124 0.3088235294117647 0.684640522875817 0.3284313725490196 0.684640522875817 0.3300653594771242 0.6830065359477124 0.3300653594771242 0.6813725490196079 0.3333333333333333 0.6781045751633987 0.3333333333333333 0.5980392156862745 0.3349673202614379 0.5964052287581699 0.3349673202614379 0.5947712418300654 0.3333333333333333 0.5931372549019608 0.3349673202614379 0.5915032679738562 0.3333333333333333 0.5898692810457516 0.3284313725490196 0.5898692810457516 0.32679738562091504 0.5882352941176471 0.32189542483660133 0.5882352941176471 0.3202614379084967 0.5898692810457516 0.24019607843137256 0.5898692810457516 0.238562091503268 0.5882352941176471 0.19934640522875818 0.5882352941176471 0.1977124183006536 0.5898692810457516 0.18790849673202614 0.5898692810457516 0.18627450980392157 0.5915032679738562 0.184640522875817 0.5915032679738562
0 0.8366013071895425 0.9297385620915033 0.8366013071895425 0.9395424836601307 0.8349673202614379 0.9411764705882353 0.8349673202614379 0.9624183006535948 0.8366013071895425 0.9640522875816994 0.8366013071895425 0.9901960784313726 0.8382352941176471 0.9918300653594772 0.8382352941176471 0.9983660130718954 0.9983660130718954 0.9983660130718954 0.9983660130718954 0.9150326797385621 0.9150326797385621 0.9150326797385621 0.9133986928104575 0.9133986928104575 0.8709150326797386 0.9133986928104575 0.869281045751634 0.9150326797385621 0.8578431372549019 0.9150326797385621 0.8562091503267973 0.9166666666666666 0.8480392156862745 0.9166666666666666 0.8464052287581699 0.9183006535947712 0.8447712418300654 0.9183006535947712 0.8398692810457516 0.923202614379085 0.8398692810457516 0.9248366013071896 0.8382352941176471 0.9264705882352942 0.8382352941176471 0.9281045751633987
0 0.18790849673202614 0.4852941176470588 0.18790849673202614 0.4869281045751634 0.18627450980392157 0.48856209150326796 0.18627450980392157 0.49019607843137253 0.184640522875817 0.4918300653594771 0.184640522875817 0.49836601307189543 0.1830065359477124 0.5 0.1830065359477124 0.5163398692810458 0.18137254901960784 0.5179738562091504 0.18137254901960784 0.5294117647058824 0.17973856209150327 0.5310457516339869 0.17973856209150327 0.5392156862745098 0.1781045751633987 0.5408496732026143 0.1781045751633987 0.5522875816993464 0.17647058823529413 0.553921568627451 0.17647058823529413 0.5686274509803921 0.2238562091503268 0.5686274509803921 0.22549019607843138 0.5702614379084967 0.2777777777777778 0.5702614379084967 0.27941176470588236 0.5686274509803921 0.3006535947712418 0.5686274509803921 0.3022875816993464 0.5669934640522876 0.31862745098039214 0.5669934640522876 0.3202614379084967 0.565359477124183 0.32679738562091504 0.565359477124183 0.3284313725490196 0.5637254901960784 0.3300653594771242 0.5637254901960784 0.3300653594771242 0.5620915032679739 0.33169934640522875 0.5604575163398693 0.33169934640522875 0.5588235294117647 0.3333333333333333 0.5571895424836601 0.3333333333333333 0.5310457516339869 0.3349673202614379 0.5294117647058824 0.3333333333333333 0.5277777777777778 0.3349673202614379 0.5261437908496732 0.3349673202614379 0.5081699346405228 0.3366013071895425 0.5065359477124183 0.3349673202614379 0.5049019607843137 0.3366013071895425 0.5032679738562091 0.3366013071895425 0.4950980392156863 0.3349673202614379 0.4934640522875817 0.3349673202614379 0.48856209150326796 0.3333333333333333 0.4869281045751634 0.3333333333333333 0.4852941176470588 0.33169934640522875 0.48366013071895425 0.3300653594771242 0.48366013071895425 0.3284313725490196 0.4820261437908497 0.32189542483660133 0.4820261437908497 0.3202614379084967 0.4803921568627451 0.24673202614379086 0.4803921568627451 0.24509803921568626 0.47875816993464054 0.24183006535947713 0.47875816993464054 0.24019607843137256 0.4803921568627451 0.1977124183006536 0.4803921568627451 0.19607843137254902 0.4820261437908497 0.19117647058823528 0.4820261437908497
0 0.184640522875817 0.3709150326797386 0.184640522875817 0.3741830065359477 0.1830065359477124 0.3758169934640523 0.1830065359477124 0.39052287581699346 0.18137254901960784 0.39215686274509803 0.18137254901960784 0.4411764705882353 0.1830065359477124 0.44281045751633985 0.1830065359477124 0.44607843137254904 0.184640522875817 0.4477124183006536 0.184640522875817 0.4493464052287582 0.18627450980392157 0.45098039215686275 0.18790849673202614 0.45098039215686275 0.1895424836601307 0.4526143790849673 0.19607843137254902 0.4526143790849673 0.1977124183006536 0.4542483660130719 0.3104575163398693 0.4542483660130719 0.31209150326797386 0.4526143790849673 0.32189542483660133 0.4526143790849673 0.3235294117647059 0.45098039215686275 0.32679738562091504 0.45098039215686275 0.3300653594771242 0.4477124183006536 0.3300653594771242 0.4444444444444444 0.33169934640522875 0.44281045751633985 0.33169934640522875 0.39705882352941174 0.3333333333333333 0.3954248366013072 0.33169934640522875 0.3937908496732026 0.33169934640522875 0.38562091503267976 0.3333333333333333 0.3839869281045752 0.3333333333333333 0.36764705882352944 0.3284313725490196 0.3627450980392157 0.2908496732026144 0.3627450980392157 0.28921568627450983 0.36437908496732024 0.27124183006535946 0.36437908496732024 0.2696078431372549 0.3627450980392157 0.24019607843137256 0.3627450980392157 0.238562091503268 0.36437908496732024 0.21568627450980393 0.36437908496732024 0.21405228758169934 0.3660130718954248 0.2042483660130719 0.3660130718954248 0.20261437908496732 0.36764705882352944 0.19117647058823528 0.36764705882352944 0.1895424836601307 0.369281045751634 0.18627450980392157 0.369281045751634
0 0.34477124183006536 0 0.34477124183006536 0.10294117647058823 0.3464052287581699 0.10457516339869281 0.3464052287581699 0.1111111111111111 0.3480392156862745 0.1111111111111111 0.35130718954248363 0.11437908496732026 0.35130718954248363 0.11601307189542484 0.3562091503267974 0.12091503267973856 0.3562091503267974 0.12254901960784313 0.35784313725490197 0.12418300653594772 0.35784313725490197 0.12581699346405228 0.3611111111111111 0.12908496732026145 0.3611111111111111 0.13071895424836602 0.3627450980392157 0.13071895424836602 0.3741830065359477 0.119281045751634 0.3758169934640523 0.119281045751634 0.3937908496732026 0.10130718954248366 0.3954248366013072 0.10130718954248366 0.39869281045751637 0.09803921568627451 0.4019607843137255 0.09803921568627451 0.4035947712418301 0.09640522875816994 0.4084967320261438 0.09640522875816994 0.4084967320261438 0.08660130718954248 0.4068627450980392 0.08496732026143791 0.4068627450980392 0.08169934640522876 0.40522875816993464 0.08006535947712418 0.40522875816993464 0.07679738562091504 0.4035947712418301 0.07516339869281045 0.4035947712418301 0.07352941176470588 0.39869281045751637 0.06862745098039216 0.39869281045751637 0.06372549019607843 0.39705882352941174 0.06209150326797386 0.39705882352941174 0.06045751633986928 0.3954248366013072 0.058823529411764705 0.3954248366013072 0.05555555555555555 0.3937908496732026 0.05392156862745098 0.3937908496732026 0.05065359477124183 0.39052287581699346 0.04738562091503268 0.39052287581699346 0.0457516339869281 0.3888888888888889 0.04411764705882353 0.3888888888888889 0.04084967320261438 0.39052287581699346 0.0392156862745098 0.3954248366013072 0.0392156862745098 0.39705882352941174 0.04084967320261438 0.39705882352941174 0.042483660130718956 0.39705882352941174 0.04084967320261438 0.39869281045751637 0.0392156862745098 0.4019607843137255 0.0392156862745098 0.40522875816993464 0.042483660130718956 0.40522875816993464 0.04411764705882353 0.41013071895424835 0.049019607843137254 0.41013071895424835 0.05392156862745098 0.4084967320261438 0.05555555555555555 0.4084967320261438 0.05718954248366013 0.41013071895424835 0.058823529411764705 0.41013071895424835 0.06699346405228758 0.4117647058823529 0.06862745098039216 0.4117647058823529 0.07516339869281045 0.4133986928104575 0.07679738562091504 0.4133986928104575 0.08006535947712418 0.4150326797385621 0.08006535947712418 0.4166666666666667 0.0784313725490196 0.42320261437908496 0.0784313725490196 0.42483660130718953 0.08006535947712418 0.42483660130718953 0.08660130718954248 0.42320261437908496 0.08823529411764706 0.4215686274509804 0.08823529411764706 0.4199346405228758 0.08986928104575163 0.41830065359477125 0.08986928104575163 0.4166666666666667 0.0915032679738562 0.4150326797385621 0.0915032679738562 0.4150326797385621 0.09803921568627451 0.41830065359477125 0.10130718954248366 0.41830065359477125 0.10457516339869281 0.4199346405228758 0.10620915032679738 0.4199346405228758 0.10784313725490197 0.4215686274509804 0.10947712418300654 0.4215686274509804 0.11437908496732026 0.4199346405228758 0.11601307189542484 0.4166666666666667 0.11601307189542484 0.4150326797385621 0.11437908496732026 0.4150326797385621 0.11274509803921569 0.4133986928104575 0.1111111111111111 0.4133986928104575 0.10947712418300654 0.4117647058823529 0.10784313725490197 0.4117647058823529 0.10620915032679738 0.41013071895424835 0.10457516339869281 0.40522875816993464 0.10457516339869281 0.4035947712418301 0.10620915032679738 0.4019607843137255 0.10620915032679738 0.40032679738562094 0.10784313725490197 0.39869281045751637 0.10784313725490197 0.39052287581699346 0.11601307189542484 0.39052287581699346 0.11764705882352941 0.3872549019607843 0.12091503267973856 0.38562091503267976 0.12091503267973856 0.380718954248366 0.12581699346405228 0.3790849673202614 0.12581699346405228 0.37745098039215685 0.12745098039215685 0.37745098039215685 0.12908496732026145 0.37254901960784315 0.13398692810457516 0.3709150326797386 0.13398692810457516 0.369281045751634 0.13562091503267973 0.3660130718954248 0.13562091503267973 0.36437908496732024 0.13725490196078433 0.35947712418300654 0.13725490196078433 0.35784313725490197 0.13562091503267973 0.3562091503267974 0.13562091503267973 0.3545751633986928 0.13398692810457516 0.35294117647058826 0.13398692810457516 0.35130718954248363 0.1323529411764706 0.35130718954248363 0.13071895424836602 0.34967320261437906 0.12908496732026145 0.34967320261437906 0.12581699346405228 0.3464052287581699 0.12254901960784313 0.3464052287581699 0.12418300653594772 0.3480392156862745 0.12581699346405228 0.3480392156862745 0.13562091503267973 0.34967320261437906 0.13725490196078433 0.34967320261437906 0.1454248366013072 0.35130718954248363 0.14705882352941177 0.35130718954248363 0.15359477124183007 0.35294117647058826 0.15522875816993464 0.3562091503267974 0.15522875816993464 0.35784313725490197 0.1568627450980392 0.3839869281045752 0.1568627450980392 0.38562091503267976 0.15849673202614378 0.42320261437908496 0.15849673202614378 0.42483660130718953 0.1568627450980392 0.42810457516339867 0.1568627450980392 0.4297385620915033 0.15522875816993464 0.43137254901960786 0.15522875816993464 0.434640522875817 0.15196078431372548 0.434640522875817 0.1437908496732026 0.4362745098039216 0.14215686274509803 0.4362745098039216 0.11274509803921569 0.434640522875817 0.1111111111111111 0.4362745098039216 0.10947712418300654 0.4362745098039216 0.09803921568627451 0.434640522875817 0.09640522875816994 0.434640522875817 0.03594771241830065 0.4362745098039216 0.03431372549019608 0.434640522875817 0.032679738562091505 0.4362745098039216 0.03104575163398693 0.4362745098039216 0.029411764705882353 0.434640522875817 0.027777777777777776 0.434640522875817 0.016339869281045753 0.43300653594771243 0.014705882352941176 0.43300653594771243 0.011437908496732025 0.42810457516339867 0.006535947712418301 0.4264705882352941 0.006535947712418301 0.42483660130718953 0.004901960784313725 0.42320261437908496 0.004901960784313725 0.4215686274509804 0.0032679738562091504 0.4150326797385621 0.0032679738562091504 0.4133986928104575 0.0016339869281045752 0.40522875816993464 0.0016339869281045752 0.4035947712418301 0
0 0.35294117647058826 0.9183006535947712 0.35294117647058826 0.9215686274509803 0.35130718954248363 0.923202614379085 0.35130718954248363 0.9362745098039216 0.34967320261437906 0.9379084967320261 0.34967320261437906 0.9967320261437909 0.35130718954248363 0.9983660130718954 0.4950980392156863 0.9983660130718954 0.4950980392156863 0.9934640522875817 0.49673202614379086 0.9918300653594772 0.49673202614379086 0.9836601307189542 0.49836601307189543 0.9820261437908496 0.49673202614379086 0.9803921568627451 0.49673202614379086 0.9558823529411765 0.49836601307189543 0.954248366013072 0.49836601307189543 0.9150326797385621 0.48366013071895425 0.9150326797385621 0.4820261437908497 0.9133986928104575 0.4722222222222222 0.9133986928104575 0.47058823529411764 0.9150326797385621 0.46895424836601307 0.9133986928104575 0.3660130718954248 0.9133986928104575 0.36437908496732024 0.9150326797385621 0.3562091503267974 0.9150326797385621
0 0.014705882352941176 0.0016339869281045752 0.014705882352941176 0.05065359477124183 0.016339869281045753 0.05228758169934641 0.016339869281045753 0.05718954248366013 0.017973856209150325 0.058823529411764705 0.017973856209150325 0.06045751633986928 0.0196078431372549 0.06209150326797386 0.0196078431372549 0.06372549019607843 0.024509803921568627 0.06862745098039216 0.027777777777777776 0.06862745098039216 0.029411764705882353 0.07026143790849673 0.04084967320261438 0.07026143790849673 0.042483660130718956 0.0718954248366013 0.15359477124183007 0.0718954248366013 0.15522875816993464 0.07026143790849673 0.16176470588235295 0.07026143790849673 0.1650326797385621 0.06699346405228758 0.1650326797385621 0.06535947712418301 0.16666666666666666 0.06372549019607843 0.16666666666666666 0.058823529411764705 0.16830065359477125 0.05718954248366013 0.16830065359477125 0.05555555555555555 0.16666666666666666 0.05392156862745098 0.16830065359477125 0.05228758169934641 0.16830065359477125 0.00980392156862745 0.16993464052287582 0.008169934640522876 0.16993464052287582 0.006535947712418301 0.16830065359477125 0.004901960784313725 0.16993464052287582 0.0032679738562091504 0.16830065359477125 0.0016339869281045752 0.16830065359477125 0 0.016339869281045753 0
0 0 0.9150326797385621 0 0.9983660130718954 0.03594771241830065 0.9983660130718954 0.03594771241830065 0.9918300653594772 0.0392156862745098 0.988562091503268 0.049019607843137254 0.988562091503268 0.05065359477124183 0.9901960784313726 0.05065359477124183 0.9869281045751634 0.05392156862745098 0.9836601307189542 0.05718954248366013 0.9836601307189542 0.058823529411764705 0.9852941176470589 0.058823529411764705 0.988562091503268 0.05555555555555555 0.9918300653594772 0.06045751633986928 0.9918300653594772 0.06209150326797386 0.9901960784313726 0.06372549019607843 0.9901960784313726 0.06209150326797386 0.9901960784313726 0.06045751633986928 0.988562091503268 0.06045751633986928 0.9852941176470589 0.06209150326797386 0.9836601307189542 0.06699346405228758 0.9836601307189542 0.06699346405228758 0.9820261437908496 0.06535947712418301 0.9820261437908496 0.058823529411764705 0.9754901960784313 0.058823529411764705 0.9738562091503268 0.05718954248366013 0.9738562091503268 0.05555555555555555 0.9722222222222222 0.049019607843137254 0.9722222222222222 0.04411764705882353 0.9673202614379085 0.04411764705882353 0.9656862745098039 0.042483660130718956 0.9640522875816994 0.042483660130718956 0.9575163398692811 0.04411764705882353 0.9558823529411765 0.04411764705882353 0.954248366013072 0.049019607843137254 0.9493464052287581 0.05392156862745098 0.9493464052287581 0.05555555555555555 0.9509803921568627 0.05555555555555555 0.954248366013072 0.05065359477124183 0.9591503267973857 0.05065359477124183 0.9640522875816994 0.05228758169934641 0.9656862745098039 0.06209150326797386 0.9656862745098039 0.06535947712418301 0.9689542483660131 0.06535947712418301 0.9705882352941176 0.06699346405228758 0.9705882352941176 0.06862745098039216 0.9722222222222222 0.06862745098039216 0.9738562091503268 0.07026143790849673 0.9738562091503268 0.0718954248366013 0.9722222222222222 0.07516339869281045 0.9722222222222222 0.0784313725490196 0.9689542483660131 0.08169934640522876 0.9689542483660131 0.08333333333333333 0.9705882352941176 0.08333333333333333 0.9722222222222222 0.08660130718954248 0.9754901960784313 0.08660130718954248 0.9820261437908496 0.08496732026143791 0.9836601307189542 0.08169934640522876 0.9836601307189542 0.08006535947712418 0.9820261437908496 0.08006535947712418 0.9803921568627451 0.07679738562091504 0.9803921568627451 0.07516339869281045 0.9820261437908496 0.07516339869281045 0.9836601307189542 0.07352941176470588 0.9852941176470589 0.07352941176470588 0.9901960784313726 0.0718954248366013 0.9918300653594772 0.0718954248366013 0.9934640522875817 0.07026143790849673 0.9950980392156863 0.06699346405228758 0.9950980392156863 0.06535947712418301 0.9967320261437909 0.06372549019607843 0.9967320261437909 0.06209150326797386 0.9983660130718954 0.06045751633986928 0.9983660130718954 0.10947712418300654 0.9983660130718954 0.10947712418300654 0.954248366013072 0.10784313725490197 0.9526143790849673 0.10784313725490197 0.9509803921568627 0.10947712418300654 0.9493464052287581 0.10784313725490197 0.9477124183006536 0.10784313725490197 0.9395424836601307 0.10620915032679738 0.9379084967320261 0.10620915032679738 0.9330065359477124 0.10457516339869281 0.9313725490196079 0.10457516339869281 0.9281045751633987 0.10294117647058823 0.9264705882352942 0.10294117647058823 0.9248366013071896 0.09640522875816994 0.9183006535947712 0.09313725490196079 0.9183006535947712 0.0915032679738562 0.9166666666666666 0.08986928104575163 0.9166666666666666 0.08823529411764706 0.9150326797385621 0.08006535947712418 0.9150326797385621 0.0784313725490196 0.9133986928104575 0.026143790849673203 0.9133986928104575 0.024509803921568627 0.9150326797385621
0 0.9983660130718954 0.14705882352941177 0.9967320261437909 0.14869281045751634 0.9950980392156863 0.14869281045751634 0.9934640522875817 0.1503267973856209 0.9934640522875817 0.1568627450980392 0.9918300653594772 0.15849673202614378 0.9918300653594772 0.16993464052287582 0.9901960784313726 0.1715686274509804 0.9901960784313726 0.19607843137254902 0.9918300653594772 0.1977124183006536 0.9918300653594772 0.23039215686274508 0.9901960784313726 0.23202614379084968 0.9901960784313726 0.2908496732026144 0.9918300653594772 0.29248366013071897 0.9918300653594772 0.3464052287581699 0.9934640522875817 0.3480392156862745 0.9934640522875817 0.3741830065359477 0.9950980392156863 0.3758169934640523 0.9950980392156863 0.4068627450980392 0.9934640522875817 0.4084967320261438 0.9934640522875817 0.43790849673202614 0.9950980392156863 0.4395424836601307 0.9967320261437909 0.4395424836601307 0.9983660130718954 0.4411764705882353
0 0.4084967320261438 0.16666666666666666 0.4084967320261438 0.17483660130718953 0.4117647058823529 0.17483660130718953 0.4133986928104575 0.17647058823529413 0.4215686274509804 0.17647058823529413 0.42320261437908496 0.1781045751633987 0.42320261437908496 0.17973856209150327 0.42483660130718953 0.17973856209150327 0.4264705882352941 0.18137254901960784 0.4264705882352941 0.1895424836601307 0.42483660130718953 0.19117647058823528 0.42483660130718953 0.19281045751633988 0.42320261437908496 0.19444444444444445 0.42320261437908496 0.19607843137254902 0.42810457516339867 0.20098039215686275 0.42810457516339867 0.2042483660130719 0.4297385620915033 0.20588235294117646 0.4297385620915033 0.20751633986928106 0.43137254901960786 0.20751633986928106 0.43300653594771243 0.20915032679738563 0.43300653594771243 0.21895424836601307 0.4362745098039216 0.2222222222222222 0.4362745098039216 0.22549019607843138 0.43790849673202614 0.22712418300653595 0.43790849673202614 0.22875816993464052 0.43790849673202614 0.22549019607843138 0.4362745098039216 0.2238562091503268 0.43790849673202614 0.2222222222222222 0.4362745098039216 0.22058823529411764 0.4362745098039216 0.21895424836601307 0.43790849673202614 0.2173202614379085 0.4362745098039216 0.21568627450980393 0.43790849673202614 0.21405228758169934 0.43790849673202614 0.21241830065359477 0.4362745098039216 0.2107843137254902 0.43790849673202614 0.20915032679738563 0.4362745098039216 0.20751633986928106 0.43790849673202614 0.20588235294117646 0.4362745098039216 0.2042483660130719 0.43790849673202614 0.20261437908496732 0.43790849673202614 0.1977124183006536 0.4362745098039216 0.19607843137254902 0.4362745098039216 0.16666666666666666
0 0 0.2434640522875817 0 0.3333333333333333 0.0016339869281045752 0.33169934640522875 0.0016339869281045752 0.3137254901960784 0.0032679738562091504 0.31209150326797386 0.0032679738562091504 0.30392156862745096 0.0016339869281045752 0.3022875816993464 0.0016339869281045752 0.2679738562091503 0.0032679738562091504 0.26633986928104575 0.0016339869281045752 0.2647058823529412 0.0016339869281045752 0.24509803921568626
0 0 0.13398692810457516 0 0.2107843137254902 0 0.19607843137254902 0.0016339869281045752 0.19444444444444445 0.0016339869281045752 0.15359477124183007 0 0.15196078431372548 0.0016339869281045752 0.1503267973856209 0.0016339869281045752 0.14869281045751634 0 0.14705882352941177 0.0016339869281045752 0.1454248366013072 0 0.1437908496732026
0 0 0.6160130718954249 0.0016339869281045752 0.6160130718954249 0.0016339869281045752 0.6503267973856209 0 0.6503267973856209
2 0.9199346405228758 0.004901960784313725 0.9199346405228758 0.008169934640522876 0.9215686274509803 0.008169934640522876 0.923202614379085 0.00980392156862745 0.9313725490196079 0.00980392156862745 0.9330065359477124 0.011437908496732025 0.9330065359477124 0.024509803921568627 0.934640522875817 0.024509803921568627 0.9411764705882353 0.03104575163398693 0.9411764705882353 0.032679738562091505 0.9444444444444444 0.032679738562091505 0.946078431372549 0.03104575163398693 0.9493464052287581 0.03104575163398693 0.9509803921568627 0.029411764705882353 0.9575163398692811 0.029411764705882353 0.9591503267973857 0.027777777777777776 0.9722222222222222 0.027777777777777776 0.9738562091503268 0.026143790849673203 0.9918300653594772 0.026143790849673203 0.9934640522875817 0.024509803921568627 0.9983660130718954 0.024509803921568627 0.9983660130718954 0.00980392156862745 0.9836601307189542 0.00980392156862745 0.9820261437908496 0.011437908496732025 0.954248366013072 0.011437908496732025 0.9526143790849673 0.013071895424836602 0.9509803921568627 0.013071895424836602 0.9477124183006536 0.00980392156862745 0.9444444444444444 0.00980392156862745 0.9428104575163399 0.008169934640522876 0.9395424836601307 0.008169934640522876 0.9362745098039216 0.004901960784313725 0.934640522875817 0.004901960784313725 0.9330065359477124 0.0032679738562091504 0.9248366013071896 0.0032679738562091504 0.923202614379085 0.004901960784313725
2 0.4019607843137255 0.04084967320261438 0.39869281045751637 0.04084967320261438 0.39869281045751637 0.042483660130718956 0.39705882352941174 0.04411764705882353 0.3954248366013072 0.042483660130718956 0.3954248366013072 0.04084967320261438 0.39052287581699346 0.04084967320261438 0.39052287581699346 0.04411764705882353 0.39215686274509803 0.0457516339869281 0.39215686274509803 0.04738562091503268 0.3954248366013072 0.05065359477124183 0.3954248366013072 0.05392156862745098 0.39705882352941174 0.05555555555555555 0.39705882352941174 0.058823529411764705 0.39869281045751637 0.06045751633986928 0.39869281045751637 0.06209150326797386 0.40032679738562094 0.06372549019607843 0.40032679738562094 0.06862745098039216 0.40522875816993464 0.07352941176470588 0.40522875816993464 0.07516339869281045 0.4068627450980392 0.07679738562091504 0.4068627450980392 0.08006535947712418 0.4084967320261438 0.08169934640522876 0.4084967320261438 0.08496732026143791 0.41013071895424835 0.08660130718954248 0.41013071895424835 0.09640522875816994 0.4084967320261438 0.09803921568627451 0.4035947712418301 0.09803921568627451 0.4019607843137255 0.09967320261437909 0.39869281045751637 0.09967320261437909 0.3954248366013072 0.10294117647058823 0.3937908496732026 0.10294117647058823 0.3758169934640523 0.12091503267973856 0.3741830065359477 0.12091503267973856 0.3627450980392157 0.1323529411764706 0.3611111111111111 0.1323529411764706 0.35947712418300654 0.13071895424836602 0.35947712418300654 0.12908496732026145 0.3562091503267974 0.12581699346405228 0.3562091503267974 0.12418300653594772 0.3545751633986928 0.12254901960784313 0.3545751633986928 0.12091503267973856 0.34967320261437906 0.11601307189542484 0.34967320261437906 0.11437908496732026 0.3480392156862745 0.11274509803921569 0.34477124183006536 0.11274509803921569 0.34477124183006536 0.11764705882352941 0.3464052287581699 0.119281045751634 0.3464052287581699 0.12091503267973856 0.35130718954248363 0.12581699346405228 0.35130718954248363 0.12908496732026145 0.35294117647058826 0.13071895424836602 0.35294117647058826 0.1323529411764706 0.3545751633986928 0.1323529411764706 0.3562091503267974 0.13398692810457516 0.35784313725490197 0.13398692810457516 0.35947712418300654 0.13562091503267973 0.36437908496732024 0.13562091503267973 0.3660130718954248 0.13398692810457516 0.369281045751634 0.13398692810457516 0.3709150326797386 0.1323529411764706 0.37254901960784315 0.1323529411764706 0.3758169934640523 0.12908496732026145 0.3758169934640523 0.12745098039215685 0.3790849673202614 0.12418300653594772 0.380718954248366 0.12418300653594772 0.38562091503267976 0.119281045751634 0.3872549019607843 0.119281045751634 0.3888888888888889 0.11764705882352941 0.3888888888888889 0.11601307189542484 0.39869281045751637 0.10620915032679738 0.40032679738562094 0.10620915032679738 0.4019607843137255 0.10457516339869281 0.4035947712418301 0.10457516339869281 0.40522875816993464 0.10294117647058823 0.41013071895424835 0.10294117647058823 0.4133986928104575 0.10620915032679738 0.4133986928104575 0.10784313725490197 0.4150326797385621 0.10947712418300654 0.4150326797385621 0.1111111111111111 0.4166666666666667 0.11274509803921569 0.4166666666666667 0.11437908496732026 0.4199346405228758 0.11437908496732026 0.4199346405228758 0.10947712418300654 0.41830065359477125 0.10784313725490197 0.41830065359477125 0.10620915032679738 0.4166666666666667 0.10457516339869281 0.4166666666666667 0.10130718954248366 0.4133986928104575 0.09803921568627451 0.4133986928104575 0.0915032679738562 0.4150326797385621 0.08986928104575163 0.4166666666666667 0.08986928104575163 0.41830065359477125 0.08823529411764706 0.4199346405228758 0.08823529411764706 0.4215686274509804 0.08660130718954248 0.42320261437908496 0.08660130718954248 0.42320261437908496 0.08006535947712418 0.4166666666666667 0.08006535947712418 0.4150326797385621 0.08169934640522876 0.4133986928104575 0.08169934640522876 0.4117647058823529 0.08006535947712418 0.4117647058823529 0.07679738562091504 0.41013071895424835 0.07516339869281045 0.41013071895424835 0.06862745098039216 0.4084967320261438 0.06699346405228758 0.4084967320261438 0.058823529411764705 0.4068627450980392 0.05718954248366013 0.4068627450980392 0.05555555555555555 0.4084967320261438 0.05392156862745098 0.4084967320261438 0.049019607843137254 0.4035947712418301 0.04411764705882353 0.4035947712418301 0.042483660130718956
2 0.9983660130718954 0.826797385620915 0.9967320261437909 0.826797385620915 0.9950980392156863 0.8284313725490197 0.9918300653594772 0.8284313725490197 0.9901960784313726 0.8300653594771242 0.988562091503268 0.8300653594771242 0.9869281045751634 0.8316993464052288 0.9836601307189542 0.8316993464052288 0.9820261437908496 0.8333333333333334 0.9787581699346405 0.8333333333333334 0.9771241830065359 0.8349673202614379 0.9722222222222222 0.8349673202614379 0.9705882352941176 0.8366013071895425 0.9689542483660131 0.8366013071895425 0.9673202614379085 0.8382352941176471 0.9640522875816994 0.8382352941176471 0.9624183006535948 0.8398692810457516 0.9607843137254902 0.8398692810457516 0.9575163398692811 0.8431372549019608 0.9558823529411765 0.8431372549019608 0.954248366013072 0.8447712418300654 0.9526143790849673 0.8447712418300654 0.9509803921568627 0.8431372549019608 0.9444444444444444 0.8431372549019608 0.9428104575163399 0.8447712418300654 0.934640522875817 0.8447712418300654 0.9330065359477124 0.8431372549019608 0.9297385620915033 0.8431372549019608 0.9281045751633987 0.8447712418300654 0.9264705882352942 0.8431372549019608 0.9133986928104575 0.8431372549019608 0.9117647058823529 0.8447712418300654 0.9068627450980392 0.8447712418300654 0.9052287581699346 0.8464052287581699 0.9052287581699346 0.8496732026143791 0.9150326797385621 0.8496732026143791 0.9166666666666666 0.8480392156862745 0.9330065359477124 0.8480392156862745 0.934640522875817 0.8496732026143791 0.9428104575163399 0.8496732026143791 0.9444444444444444 0.8480392156862745 0.9477124183006536 0.8480392156862745 0.9493464052287581 0.8496732026143791 0.9428104575163399 0.8562091503267973 0.9411764705882353 0.8562091503267973 0.9411764705882353 0.8578431372549019 0.9379084967320261 0.8611111111111112 0.9379084967320261 0.8627450980392157 0.9313725490196079 0.869281045751634 0.9313725490196079 0.8709150326797386 0.9297385620915033 0.8725490196078431 0.9297385620915033 0.8741830065359477 0.9281045751633987 0.8758169934640523 0.9281045751633987 0.8774509803921569 0.9264705882352942 0.8790849673202614 0.9264705882352942 0.880718954248366 0.9215686274509803 0.8856209150326797 0.9215686274509803 0.8872549019607843 0.9199346405228758 0.8888888888888888 0.9199346405228758 0.8954248366013072 0.923202614379085 0.8954248366013072 0.9248366013071896 0.8937908496732027 0.9248366013071896 0.8905228758169934 0.9313725490196079 0.8839869281045751 0.9313725490196079 0.8823529411764706 0.9330065359477124 0.880718954248366 0.9330065359477124 0.8790849673202614 0.934640522875817 0.8774509803921569 0.934640522875817 0.8741830065359477 0.9395424836601307 0.869281045751634 0.9411764705882353 0.869281045751634 0.9428104575163399 0.8676470588235294 0.9428104575163399 0.8660130718954249 0.9444444444444444 0.8643790849673203 0.9444444444444444 0.8627450980392157 0.9493464052287581 0.8578431372549019 0.9509803921568627 0.8578431372549019 0.9526143790849673 0.8562091503267973 0.9526143790849673 0.8545751633986928 0.9624183006535948 0.8447712418300654 0.9640522875816994 0.8447712418300654 0.9656862745098039 0.8431372549019608 0.9689542483660131 0.8431372549019608 0.9705882352941176 0.8415032679738562 0.9722222222222222 0.8415032679738562 0.9738562091503268 0.8398692810457516 0.9754901960784313 0.8398692810457516 0.9771241830065359 0.8382352941176471 0.9820261437908496 0.8382352941176471 0.9836601307189542 0.8366013071895425 0.9869281045751634 0.8366013071895425 0.988562091503268 0.8349673202614379 0.9918300653594772 0.8349673202614379 0.9934640522875817 0.8333333333333334 0.9950980392156863 0.8333333333333334 0.9967320261437909 0.8316993464052288 0.9983660130718954 0.8316993464052288
2 0.3709150326797386 0.16830065359477125 0.3709150326797386 0.17320261437908496 0.37254901960784315 0.17320261437908496 0.3758169934640523 0.17647058823529413 0.37745098039215685 0.17647058823529413 0.3790849673202614 0.1781045751633987 0.3790849673202614 0.17973856209150327 0.380718954248366 0.18137254901960784 0.3937908496732026 0.18137254901960784 0.39705882352941174 0.1781045751633987 0.39705882352941174 0.17647058823529413 0.39869281045751637 0.17483660130718953 0.40032679738562094 0.17483660130718953 0.4019607843137255 0.17320261437908496 0.4035947712418301 0.17483660130718953 0.4035947712418301 0.1781045751633987 0.40522875816993464 0.1781045751633987 0.4068627450980392 0.17973856209150327 0.41013071895424835 0.17973856209150327 0.4117647058823529 0.18137254901960784 0.4117647058823529 0.1830065359477124 0.41830065359477125 0.1830065359477124 0.4215686274509804 0.18627450980392157 0.4199346405228758 0.18790849673202614 0.4199346405228758 0.19117647058823528 0.41830065359477125 0.19281045751633988 0.41830065359477125 0.19444444444444445 0.4166666666666667 0.19607843137254902 0.4166666666666667 0.19934640522875818 0.42320261437908496 0.20588235294117646 0.42483660130718953 0.20588235294117646 0.4264705882352941 0.20751633986928106 0.4264705882352941 0.20915032679738563 0.42810457516339867 0.2107843137254902 0.4264705882352941 0.21241830065359477 0.42483660130718953 0.21241830065359477 0.4215686274509804 0.21568627450980393 0.4215686274509804 0.22058823529411764 0.42320261437908496 0.22058823529411764 0.4264705882352941 0.2238562091503268 0.4264705882352941 0.22549019607843138 0.42810457516339867 0.22712418300653595 0.42810457516339867 0.23366013071895425 0.43137254901960786 0.23366013071895425 0.43300653594771243 0.23529411764705882 0.43300653594771243 0.238562091503268 0.434640522875817 0.24019607843137256 0.434640522875817 0.2434640522875817 0.43300653594771243 0.24509803921568626 0.42810457516339867 0.24509803921568626 0.4264705882352941 0.24673202614379086 0.42483660130718953 0.24673202614379086 0.4215686274509804 0.25 0.4215686274509804 0.25326797385620914 0.4264705882352941 0.25326797385620914 0.42810457516339867 0.25163398692810457 0.43137254901960786 0.25163398692810457 0.43300653594771243 0.25 0.43300653594771243 0.24673202614379086 0.434640522875817 0.24509803921568626 0.43790849673202614 0.24509803921568626 0.43790849673202614 0.23529411764705882 0.4362745098039216 0.23529411764705882 0.434640522875817 0.23366013071895425 0.4362745098039216 0.23202614379084968 0.4362745098039216 0.22712418300653595 0.434640522875817 0.22549019607843138 0.434640522875817 0.2222222222222222 0.43137254901960786 0.21895424836601307 0.43137254901960786 0.20915032679738563 0.4297385620915033 0.20915032679738563 0.42810457516339867 0.20751633986928106 0.42810457516339867 0.20588235294117646 0.4264705882352941 0.2042483660130719 0.4264705882352941 0.20098039215686275 0.4215686274509804 0.19607843137254902 0.4215686274509804 0.19444444444444445 0.42320261437908496 0.19281045751633988 0.42320261437908496 0.19117647058823528 0.42483660130718953 0.1895424836601307 0.42483660130718953 0.18137254901960784 0.42320261437908496 0.18137254901960784 0.4215686274509804 0.17973856209150327 0.4215686274509804 0.1781045751633987 0.4133986928104575 0.1781045751633987 0.4117647058823529 0.17647058823529413 0.4084967320261438 0.17647058823529413 0.4068627450980392 0.17483660130718953 0.4068627450980392 0.1650326797385621 0.40522875816993464 0.16339869281045752 0.40032679738562094 0.16339869281045752 0.40032679738562094 0.16830065359477125 0.39705882352941174 0.1715686274509804 0.39705882352941174 0.17320261437908496 0.3954248366013072 0.17483660130718953 0.3888888888888889 0.17483660130718953 0.3872549019607843 0.17647058823529413 0.3839869281045752 0.17647058823529413 0.3758169934640523 0.16830065359477125
2 0.08496732026143791 0.9754901960784313 0.08169934640522876 0.9722222222222222 0.08169934640522876 0.9705882352941176 0.0784313725490196 0.9705882352941176 0.07516339869281045 0.9738562091503268 0.0718954248366013 0.9738562091503268 0.07026143790849673 0.9754901960784313 0.06862745098039216 0.9754901960784313 0.06699346405228758 0.9738562091503268 0.06699346405228758 0.9722222222222222 0.06535947712418301 0.9722222222222222 0.06372549019607843 0.9705882352941176 0.06372549019607843 0.9689542483660131 0.06209150326797386 0.9673202614379085 0.05228758169934641 0.9673202614379085 0.049019607843137254 0.9640522875816994 0.049019607843137254 0.9591503267973857 0.05392156862745098 0.954248366013072 0.05392156862745098 0.9509803921568627 0.049019607843137254 0.9509803921568627 0.0457516339869281 0.954248366013072 0.0457516339869281 0.9558823529411765 0.04411764705882353 0.9575163398692811 0.04411764705882353 0.9640522875816994 0.0457516339869281 0.9656862745098039 0.0457516339869281 0.9673202614379085 0.049019607843137254 0.9705882352941176 0.05555555555555555 0.9705882352941176 0.05718954248366013 0.9722222222222222 0.058823529411764705 0.9722222222222222 0.06045751633986928 0.9738562091503268 0.06045751633986928 0.9754901960784313 0.06535947712418301 0.9803921568627451 0.06699346405228758 0.9803921568627451 0.06862745098039216 0.9820261437908496 0.06862745098039216 0.9836601307189542 0.06699346405228758 0.9852941176470589 0.06209150326797386 0.9852941176470589 0.06209150326797386 0.988562091503268 0.06372549019607843 0.988562091503268 0.06535947712418301 0.9901960784313726 0.06372549019607843 0.9918300653594772 0.06209150326797386 0.9918300653594772 0.06045751633986928 0.9934640522875817 0.05555555555555555 0.9934640522875817 0.05392156862745098 0.9918300653594772 0.05718954248366013 0.988562091503268 0.05718954248366013 0.9852941176470589 0.05392156862745098 0.9852941176470589 0.05228758169934641 0.9869281045751634 0.05228758169934641 0.9901960784313726 0.05065359477124183 0.9918300653594772 0.049019607843137254 0.9901960784313726 0.0392156862745098 0.9901960784313726 0.03758169934640523 0.9918300653594772 0.03758169934640523 0.9983660130718954 0.04084967320261438 0.9983660130718954 0.04084967320261438 0.9967320261437909 0.042483660130718956 0.9950980392156863 0.049019607843137254 0.9950980392156863 0.05228758169934641 0.9983660130718954 0.058823529411764705 0.9983660130718954 0.06045751633986928 0.9967320261437909 0.06209150326797386 0.9967320261437909 0.06372549019607843 0.9950980392156863 0.06535947712418301 0.9950980392156863 0.06699346405228758 0.9934640522875817 0.07026143790849673 0.9934640522875817 0.07026143790849673 0.9918300653594772 0.0718954248366013 0.9901960784313726 0.0718954248366013 0.9852941176470589 0.07352941176470588 0.9836601307189542 0.07352941176470588 0.9820261437908496 0.07679738562091504 0.9787581699346405 0.08006535947712418 0.9787581699346405 0.08169934640522876 0.9803921568627451 0.08169934640522876 0.9820261437908496 0.08496732026143791 0.9820261437908496
2 0.9379084967320261 0.12581699346405228 0.9379084967320261 0.12908496732026145 0.9428104575163399 0.12908496732026145 0.9444444444444444 0.13071895424836602 0.9493464052287581 0.13071895424836602 0.9509803921568627 0.1323529411764706 0.9607843137254902 0.1323529411764706 0.9624183006535948 0.13071895424836602 0.9640522875816994 0.13071895424836602 0.9656862745098039 0.12908496732026145 0.9689542483660131 0.12908496732026145 0.9705882352941176 0.13071895424836602 0.9738562091503268 0.13071895424836602 0.9836601307189542 0.14052287581699346 0.9836601307189542 0.1454248366013072 0.9852941176470589 0.1454248366013072 0.9869281045751634 0.14705882352941177 0.988562091503268 0.14705882352941177 0.9901960784313726 0.14869281045751634 0.9934640522875817 0.14869281045751634 0.9950980392156863 0.14705882352941177 0.9967320261437909 0.14705882352941177 0.9983660130718954 0.1454248366013072 0.9983660130718954 0.1388888888888889 0.9934640522875817 0.13398692810457516 0.9934640522875817 0.12908496732026145 0.9918300653594772 0.12745098039215685 0.9918300653594772 0.12581699346405228
2 0.8284313725490197 0.46895424836601307 0.8235294117647058 0.46895424836601307 0.8218954248366013 0.47058823529411764 0.8218954248366013 0.477124183006536 0.8202614379084967 0.47875816993464054 0.8202614379084967 0.4820261437908497 0.815359477124183 0.4869281045751634 0.8137254901960784 0.4869281045751634 0.8120915032679739 0.48856209150326796 0.8120915032679739 0.49673202614379086 0.8104575163398693 0.49836601307189543 0.8104575163398693 0.5049019607843137 0.8120915032679739 0.5065359477124183 0.8120915032679739 0.5147058823529411 0.8137254901960784 0.5163398692810458 0.8137254901960784 0.5179738562091504 0.815359477124183 0.5196078431372549 0.815359477124183 0.5245098039215687 0.8169934640522876 0.5261437908496732 0.8169934640522876 0.5277777777777778 0.8202614379084967 0.5277777777777778 0.8202614379084967 0.5228758169934641 0.8186274509803921 0.5212418300653595 0.8186274509803921 0.5147058823529411 0.8169934640522876 0.5147058823529411 0.815359477124183 0.5130718954248366 0.815359477124183 0.5049019607843137 0.8137254901960784 0.5032679738562091 0.8137254901960784 0.5016339869281046 0.815359477124183 0.5 0.815359477124183 0.4934640522875817 0.8218954248366013 0.4869281045751634 0.8218954248366013 0.4852941176470588 0.8235294117647058 0.48366013071895425 0.8251633986928104 0.48366013071895425 0.8251633986928104 0.47549019607843135 0.8284313725490197 0.4722222222222222
2 0.673202614379085 0 0.6748366013071896 0.0016339869281045752 0.6764705882352942 0.0016339869281045752 0.6781045751633987 0.0032679738562091504 0.6797385620915033 0.0032679738562091504 0.6813725490196079 0.004901960784313725 0.6830065359477124 0.004901960784313725 0.684640522875817 0.006535947712418301 0.6862745098039216 0.006535947712418301 0.6895424836601307 0.00980392156862745 0.7091503267973857 0.00980392156862745 0.7107843137254902 0.008169934640522876 0.7107843137254902 0.004901960784313725 0.7075163398692811 0.0016339869281045752 0.7058823529411765 0.0016339869281045752 0.704248366013072 0
2 0.09803921568627451 0.4019607843137255 0.09803921568627451 0.40522875816993464 0.11437908496732026 0.40522875816993464 0.11437908496732026 0.4019607843137255 0.11274509803921569 0.40032679738562094 0.09967320261437909 0.40032679738562094
2 0.795751633986928 0.4673202614379085 0.7908496732026143 0.4673202614379085 0.7875816993464052 0.47058823529411764 0.7875816993464052 0.47549019607843135 0.7908496732026143 0.47549019607843135 0.795751633986928 0.47058823529411764