0 0.4744897959183674 0.8503401360544217 0.4744897959183674 0.8622448979591837 0.47619047619047616 0.8639455782312925 0.47619047619047616 0.8945578231292517 0.4744897959183674 0.8962585034013606 0.4744897959183674 0.9013605442176871 0.47619047619047616 0.9030612244897959 0.47619047619047616 0.9064625850340136 0.4744897959183674 0.9081632653061225 0.4744897959183674 0.9149659863945578 0.47619047619047616 0.9166666666666666 0.47619047619047616 0.95578231292517 0.477891156462585 0.95578231292517 0.47959183673469385 0.9574829931972789 0.4965986394557823 0.9574829931972789 0.49829931972789115 0.95578231292517 0.5221088435374149 0.95578231292517 0.5238095238095238 0.9574829931972789 0.54421768707483 0.9574829931972789 0.5459183673469388 0.95578231292517 0.6513605442176871 0.95578231292517 0.6530612244897959 0.9574829931972789 0.6700680272108843 0.9574829931972789 0.6717687074829932 0.95578231292517 0.7789115646258503 0.95578231292517 0.7806122448979592 0.9540816326530612 0.7925170068027211 0.9540816326530612 0.79421768707483 0.95578231292517 0.8095238095238095 0.95578231292517 0.8095238095238095 0.9183673469387755 0.8078231292517006 0.9166666666666666 0.8078231292517006 0.8826530612244898 0.8095238095238095 0.8809523809523809 0.8095238095238095 0.8554421768707483 0.7993197278911565 0.8452380952380952 0.7704081632653061 0.8452380952380952 0.7687074829931972 0.8469387755102041 0.7670068027210885 0.8469387755102041 0.7653061224489796 0.8452380952380952 0.7074829931972789 0.8452380952380952 0.70578231292517 0.8469387755102041 0.7040816326530612 0.8452380952380952 0.6904761904761905 0.8452380952380952 0.6887755102040817 0.8469387755102041 0.6870748299319728 0.8452380952380952 0.6462585034013606 0.8452380952380952 0.6445578231292517 0.8469387755102041 0.6360544217687075 0.8469387755102041 0.6343537414965986 0.8452380952380952 0.6326530612244898 0.8469387755102041 0.6139455782312925 0.8469387755102041 0.6122448979591837 0.8452380952380952 0.6037414965986394 0.8452380952380952 0.6020408163265306 0.8469387755102041 0.5867346938775511 0.8469387755102041 0.5850340136054422 0.8452380952380952 0.5816326530612245 0.8452380952380952 0.5799319727891157 0.8469387755102041 0.5731292517006803 0.8469387755102041 0.5714285714285714 0.8452380952380952 0.5697278911564626 0.8452380952380952 0.5680272108843537 0.8469387755102041 0.564625850340136 0.8469387755102041 0.5629251700680272 0.8452380952380952 0.5612244897959183 0.8452380952380952 0.5595238095238095 0.8469387755102041 0.5204081632653061 0.8469387755102041 0.5187074829931972 0.8452380952380952 0.5068027210884354 0.8452380952380952 0.5051020408163265 0.8469387755102041 0.4931972789115646 0.8469387755102041 0.4914965986394558 0.8452380952380952 0.4880952380952381 0.8452380952380952 0.48639455782312924 0.8469387755102041 0.47619047619047616 0.8469387755102041 0.47619047619047616 0.8486394557823129
0 0.6632653061224489 0.7227891156462585 0.6632653061224489 0.7772108843537415 0.6615646258503401 0.7789115646258503 0.6615646258503401 0.814625850340136 0.6632653061224489 0.8163265306122449 0.6632653061224489 0.8197278911564626 0.6649659863945578 0.8214285714285714 0.6649659863945578 0.8231292517006803 0.6666666666666666 0.8248299319727891 0.6666666666666666 0.826530612244898 0.6683673469387755 0.8282312925170068 0.6921768707482994 0.8282312925170068 0.6938775510204082 0.8299319727891157 0.7091836734693877 0.8299319727891157 0.7108843537414966 0.8282312925170068 0.7551020408163265 0.8282312925170068 0.7568027210884354 0.8299319727891157 0.9982993197278912 0.8299319727891157 0.9982993197278912 0.7312925170068028 0.9965986394557823 0.7295918367346939 0.9948979591836735 0.7295918367346939 0.9931972789115646 0.7278911564625851 0.9914965986394558 0.7278911564625851 0.9897959183673469 0.7261904761904762 0.9880952380952381 0.7261904761904762 0.9863945578231292 0.7244897959183674 0.8350340136054422 0.7244897959183674 0.8333333333333334 0.7227891156462585 0.7755102040816326 0.7227891156462585 0.7738095238095238 0.7244897959183674 0.7704081632653061 0.7244897959183674 0.7687074829931972 0.7227891156462585
0 0.3078231292517007 0.7312925170068028 0.3078231292517007 0.8078231292517006 0.30612244897959184 0.8095238095238095 0.3078231292517007 0.8112244897959183 0.3078231292517007 0.8129251700680272 0.30612244897959184 0.814625850340136 0.30612244897959184 0.8163265306122449 0.3078231292517007 0.8180272108843537 0.30612244897959184 0.8197278911564626 0.3078231292517007 0.8214285714285714 0.3078231292517007 0.8299319727891157 0.4200680272108844 0.8299319727891157 0.4217687074829932 0.8316326530612245 0.4421768707482993 0.8316326530612245 0.44387755102040816 0.8299319727891157 0.4608843537414966 0.8299319727891157 0.46258503401360546 0.8316326530612245 0.46598639455782315 0.8316326530612245 0.467687074829932 0.8299319727891157 0.49489795918367346 0.8299319727891157 0.4965986394557823 0.8316326530612245 0.5085034013605442 0.8316326530612245 0.5102040816326531 0.8299319727891157 0.5476190476190477 0.8299319727891157 0.5493197278911565 0.8316326530612245 0.5714285714285714 0.8316326530612245 0.5731292517006803 0.8299319727891157 0.6190476190476191 0.8299319727891157 0.6207482993197279 0.8316326530612245 0.6241496598639455 0.8316326530612245 0.6258503401360545 0.8299319727891157 0.6394557823129252 0.8299319727891157 0.6394557823129252 0.8248299319727891 0.641156462585034 0.8231292517006803 0.641156462585034 0.7908163265306123 0.6394557823129252 0.7891156462585034 0.6394557823129252 0.7670068027210885 0.641156462585034 0.7653061224489796 0.641156462585034 0.7568027210884354 0.6394557823129252 0.7551020408163265 0.6394557823129252 0.7363945578231292 0.641156462585034 0.7346938775510204 0.641156462585034 0.7329931972789115 0.6394557823129252 0.7312925170068028 0.6394557823129252 0.7295918367346939 0.6377551020408163 0.7278911564625851 0.6377551020408163 0.7261904761904762 0.6360544217687075 0.7244897959183674 0.48639455782312924 0.7244897959183674 0.4846938775510204 0.7227891156462585 0.48299319727891155 0.7227891156462585 0.4812925170068027 0.7244897959183674 0.3435374149659864 0.7244897959183674 0.34183673469387754 0.7227891156462585 0.3401360544217687 0.7244897959183674 0.3129251700680272 0.7244897959183674 0.30952380952380953 0.7278911564625851 0.30952380952380953 0.7295918367346939
0 0.11394557823129252 0.10204081632653061 0.11394557823129252 0.1989795918367347 0.11734693877551021 0.20238095238095238 0.11904761904761904 0.20238095238095238 0.12244897959183673 0.20578231292517007 0.12414965986394558 0.20578231292517007 0.12585034013605442 0.20748299319727892 0.1326530612244898 0.20748299319727892 0.13435374149659865 0.20578231292517007 0.1360544217687075 0.20748299319727892 0.141156462585034 0.20748299319727892 0.14285714285714285 0.20578231292517007 0.14965986394557823 0.20578231292517007 0.15136054421768708 0.20748299319727892 0.16326530612244897 0.20748299319727892 0.1649659863945578 0.20578231292517007 0.1683673469387755 0.20578231292517007 0.17006802721088435 0.20748299319727892 0.18537414965986396 0.20748299319727892 0.1870748299319728 0.20578231292517007 0.18877551020408162 0.20748299319727892 0.20918367346938777 0.20748299319727892 0.2108843537414966 0.20578231292517007 0.22789115646258504 0.20578231292517007 0.22959183673469388 0.20748299319727892 0.23299319727891157 0.20748299319727892 0.23469387755102042 0.20578231292517007 0.23979591836734693 0.20578231292517007 0.24149659863945577 0.20748299319727892 0.2465986394557823 0.20748299319727892 0.24829931972789115 0.20578231292517007 0.25 0.20748299319727892 0.35714285714285715 0.20748299319727892 0.358843537414966 0.20578231292517007 0.3622448979591837 0.20578231292517007 0.36394557823129253 0.20748299319727892 0.3741496598639456 0.20748299319727892 0.3758503401360544 0.20578231292517007 0.413265306122449 0.20578231292517007 0.41496598639455784 0.20748299319727892 0.445578231292517 0.20748299319727892 0.44727891156462585 0.20578231292517007 0.44727891156462585 0.13095238095238096 0.4489795918367347 0.1292517006802721 0.4489795918367347 0.12755102040816327 0.44727891156462585 0.12585034013605442 0.44727891156462585 0.10204081632653061 0.4336734693877551 0.10204081632653061 0.43197278911564624 0.10034013605442177 0.3758503401360544 0.10034013605442177 0.3741496598639456 0.10204081632653061 0.3401360544217687 0.10204081632653061 0.33843537414965985 0.10034013605442177 0.29081632653061223 0.10034013605442177 0.2891156462585034 0.10204081632653061 0.272108843537415 0.10204081632653061 0.27040816326530615 0.10034013605442177 0.2534013605442177 0.10034013605442177 0.2534013605442177 0.10204081632653061 0.25 0.1054421768707483 0.24829931972789115 0.1054421768707483 0.2465986394557823 0.10714285714285714 0.23979591836734693 0.10714285714285714 0.23809523809523808 0.10884353741496598 0.23469387755102042 0.10884353741496598 0.23299319727891157 0.11054421768707483 0.2261904761904762 0.11054421768707483 0.22448979591836735 0.11224489795918367 0.21768707482993196 0.11224489795918367 0.21598639455782312 0.11394557823129252 0.18877551020408162 0.11394557823129252 0.1870748299319728 0.11564625850340136 0.18027210884353742 0.11564625850340136 0.17857142857142858 0.11394557823129252 0.17006802721088435 0.11394557823129252 0.1683673469387755 0.11224489795918367 0.1683673469387755 0.10884353741496598 0.17006802721088435 0.10714285714285714 0.19047619047619047 0.10714285714285714 0.1921768707482993 0.1054421768707483 0.19727891156462585 0.1054421768707483 0.1989795918367347 0.10714285714285714 0.2108843537414966 0.10714285714285714 0.21258503401360543 0.1054421768707483 0.2193877551020408 0.1054421768707483 0.22108843537414966 0.10374149659863946 0.2261904761904762 0.10374149659863946 0.22789115646258504 0.10204081632653061 0.23469387755102042 0.10204081632653061 0.22448979591836735 0.10204081632653061 0.2227891156462585 0.10034013605442177 0.21598639455782312 0.10034013605442177 0.21428571428571427 0.10204081632653061 0.17006802721088435 0.10204081632653061 0.1683673469387755 0.10034013605442177 0.14795918367346939 0.10034013605442177 0.14625850340136054 0.10204081632653061
0 0.4744897959183674 0.6037414965986394 0.4744897959183674 0.6207482993197279 0.47619047619047616 0.6224489795918368 0.47619047619047616 0.6241496598639455 0.4744897959183674 0.6258503401360545 0.4744897959183674 0.6275510204081632 0.47619047619047616 0.6292517006802721 0.47619047619047616 0.6309523809523809 0.4744897959183674 0.6326530612244898 0.4744897959183674 0.6343537414965986 0.47619047619047616 0.6360544217687075 0.47619047619047616 0.6377551020408163 0.4744897959183674 0.6394557823129252 0.4744897959183674 0.641156462585034 0.47619047619047616 0.6428571428571429 0.4744897959183674 0.6445578231292517 0.4744897959183674 0.6462585034013606 0.47619047619047616 0.6479591836734694 0.4744897959183674 0.6496598639455783 0.47619047619047616 0.6513605442176871 0.4744897959183674 0.6530612244897959 0.47619047619047616 0.6547619047619048 0.47619047619047616 0.6564625850340136 0.4744897959183674 0.6581632653061225 0.4744897959183674 0.6615646258503401 0.47619047619047616 0.6632653061224489 0.4744897959183674 0.6649659863945578 0.47619047619047616 0.6666666666666666 0.4744897959183674 0.6683673469387755 0.47619047619047616 0.6700680272108843 0.47619047619047616 0.6717687074829932 0.4744897959183674 0.673469387755102 0.4744897959183674 0.6751700680272109 0.47619047619047616 0.6768707482993197 0.4744897959183674 0.6785714285714286 0.47619047619047616 0.6802721088435374 0.47619047619047616 0.6819727891156463 0.4744897959183674 0.6836734693877551 0.47619047619047616 0.685374149659864 0.4744897959183674 0.6870748299319728 0.4744897959183674 0.6938775510204082 0.47619047619047616 0.6955782312925171 0.47619047619047616 0.70578231292517 0.564625850340136 0.70578231292517 0.5663265306122449 0.7074829931972789 0.5816326530612245 0.7074829931972789 0.5833333333333334 0.70578231292517 0.6819727891156463 0.70578231292517 0.6836734693877551 0.7040816326530612 0.8095238095238095 0.7040816326530612 0.8095238095238095 0.6530612244897959 0.8078231292517006 0.6513605442176871 0.8078231292517006 0.6292517006802721 0.8095238095238095 0.6275510204081632 0.8095238095238095 0.6071428571428571 0.8078231292517006 0.6054421768707483 0.8061224489795918 0.6054421768707483 0.8044217687074829 0.6037414965986394 0.8027210884353742 0.6037414965986394 0.8010204081632653 0.6020408163265306 0.6700680272108843 0.6020408163265306 0.6683673469387755 0.6037414965986394 0.6173469387755102 0.6037414965986394 0.6156462585034014 0.6020408163265306 0.6139455782312925 0.6037414965986394 0.608843537414966 0.6037414965986394 0.6071428571428571 0.6020408163265306 0.6054421768707483 0.6037414965986394
0 0.4744897959183674 0.10034013605442177 0.4744897959183674 0.10204081632653061 0.47619047619047616 0.10374149659863946 0.47619047619047616 0.11224489795918367 0.4744897959183674 0.11394557823129252 0.47619047619047616 0.11564625850340136 0.4744897959183674 0.11734693877551021 0.4744897959183674 0.12074829931972789 0.47619047619047616 0.12244897959183673 0.4744897959183674 0.12414965986394558 0.4744897959183674 0.1326530612244898 0.47619047619047616 0.13435374149659865 0.47619047619047616 0.1564625850340136 0.4744897959183674 0.15816326530612246 0.47619047619047616 0.1598639455782313 0.47619047619047616 0.16156462585034015 0.4744897959183674 0.16326530612244897 0.4744897959183674 0.20238095238095238 0.47959183673469385 0.20238095238095238 0.4812925170068027 0.20408163265306123 0.4846938775510204 0.20408163265306123 0.48639455782312924 0.20238095238095238 0.5238095238095238 0.20238095238095238 0.5255102040816326 0.20408163265306123 0.5561224489795918 0.20408163265306123 0.5578231292517006 0.20238095238095238 0.5595238095238095 0.20408163265306123 0.5629251700680272 0.20408163265306123 0.564625850340136 0.20238095238095238 0.5867346938775511 0.20238095238095238 0.5884353741496599 0.20408163265306123 0.5901360544217688 0.20408163265306123 0.5918367346938775 0.20238095238095238 0.6649659863945578 0.20238095238095238 0.6666666666666666 0.20408163265306123 0.6717687074829932 0.20408163265306123 0.673469387755102 0.20238095238095238 0.7993197278911565 0.20238095238095238 0.8027210884353742 0.1989795918367347 0.8044217687074829 0.1989795918367347 0.8095238095238095 0.19387755102040816 0.8095238095238095 0.09693877551020408 0.5680272108843537 0.09693877551020408 0.5714285714285714 0.10034013605442177 0.5714285714285714 0.10374149659863946 0.5697278911564626 0.1054421768707483 0.5697278911564626 0.10714285714285714 0.5663265306122449 0.11054421768707483 0.5714285714285714 0.11564625850340136 0.5731292517006803 0.12074829931972789 0.5748299319727891 0.12074829931972789 0.5782312925170068 0.12414965986394558 0.5782312925170068 0.12755102040816327 0.5799319727891157 0.1292517006802721 0.5799319727891157 0.13435374149659865 0.5816326530612245 0.1360544217687075 0.5833333333333334 0.141156462585034 0.5867346938775511 0.1445578231292517 0.5867346938775511 0.14625850340136054 0.5935374149659864 0.15306122448979592 0.5952380952380952 0.15306122448979592 0.5969387755102041 0.15476190476190477 0.5969387755102041 0.16156462585034015 0.5952380952380952 0.16326530612244897 0.5952380952380952 0.1649659863945578 0.5901360544217688 0.17006802721088435 0.5867346938775511 0.17006802721088435 0.5850340136054422 0.1683673469387755 0.5850340136054422 0.16156462585034015 0.5833333333333334 0.1598639455782313 0.5833333333333334 0.15476190476190477 0.576530612244898 0.14625850340136054 0.576530612244898 0.1445578231292517 0.5731292517006803 0.13945578231292516 0.5731292517006803 0.13435374149659865 0.5714285714285714 0.1326530612244898 0.5714285714285714 0.1292517006802721 0.5697278911564626 0.1292517006802721 0.5697278911564626 0.1326530612244898 0.5629251700680272 0.14285714285714285 0.5629251700680272 0.14625850340136054 0.5612244897959183 0.14795918367346939 0.5612244897959183 0.15306122448979592 0.5578231292517006 0.1564625850340136 0.5578231292517006 0.1598639455782313 0.5544217687074829 0.16326530612244897 0.5544217687074829 0.1649659863945578 0.5527210884353742 0.16666666666666666 0.5510204081632653 0.16666666666666666 0.5510204081632653 0.1683673469387755 0.5459183673469388 0.17346938775510204 0.5459183673469388 0.1836734693877551 0.5425170068027211 0.1870748299319728 0.5391156462585034 0.1870748299319728 0.5374149659863946 0.18537414965986396 0.5374149659863946 0.1836734693877551 0.5340136054421769 0.18027210884353742 0.5340136054421769 0.1717687074829932 0.5408163265306123 0.1649659863945578 0.5425170068027211 0.1649659863945578 0.54421768707483 0.16326530612244897 0.54421768707483 0.16156462585034015 0.5476190476190477 0.15816326530612246 0.5493197278911565 0.15816326530612246 0.5510204081632653 0.15306122448979592 0.5544217687074829 0.14965986394557823 0.5544217687074829 0.14625850340136054 0.5561224489795918 0.1445578231292517 0.5561224489795918 0.141156462585034 0.5578231292517006 0.13945578231292516 0.5578231292517006 0.1360544217687075 0.5629251700680272 0.12755102040816327 0.5629251700680272 0.12585034013605442 0.5612244897959183 0.12414965986394558 0.5612244897959183 0.11904761904761904 0.5561224489795918 0.11054421768707483 0.5561224489795918 0.10034013605442177 0.5544217687074829 0.09863945578231292 0.5544217687074829 0.09693877551020408 0.47619047619047616 0.09693877551020408 0.47619047619047616 0.09863945578231292
0 0.11564625850340136 0.6037414965986394 0.11564625850340136 0.6343537414965986 0.11904761904761904 0.6343537414965986 0.12074829931972789 0.6360544217687075 0.12074829931972789 0.6445578231292517 0.12244897959183673 0.6462585034013606 0.12585034013605442 0.6462585034013606 0.12755102040816327 0.6445578231292517 0.1326530612244898 0.6445578231292517 0.1326530612244898 0.6428571428571429 0.1360544217687075 0.6394557823129252 0.1360544217687075 0.6377551020408163 0.14285714285714285 0.6309523809523809 0.14285714285714285 0.6292517006802721 0.1445578231292517 0.6275510204081632 0.14795918367346939 0.6275510204081632 0.14795918367346939 0.6258503401360545 0.15136054421768708 0.6224489795918368 0.16326530612244897 0.6224489795918368 0.16666666666666666 0.6258503401360545 0.16666666666666666 0.6275510204081632 0.1683673469387755 0.6275510204081632 0.17006802721088435 0.6292517006802721 0.17346938775510204 0.6292517006802721 0.17517006802721088 0.6309523809523809 0.17857142857142858 0.6309523809523809 0.1836734693877551 0.6343537414965986 0.1836734693877551 0.6394557823129252 0.18197278911564627 0.641156462585034 0.17857142857142858 0.641156462585034 0.17517006802721088 0.6360544217687075 0.17346938775510204 0.6360544217687075 0.1717687074829932 0.6377551020408163 0.16666666666666666 0.6377551020408163 0.1598639455782313 0.6309523809523809 0.15476190476190477 0.6309523809523809 0.15306122448979592 0.6360544217687075 0.15136054421768708 0.6377551020408163 0.14625850340136054 0.6377551020408163 0.1445578231292517 0.6394557823129252 0.1445578231292517 0.641156462585034 0.141156462585034 0.6445578231292517 0.141156462585034 0.6479591836734694 0.1377551020408163 0.6513605442176871 0.13435374149659865 0.6513605442176871 0.13945578231292516 0.6530612244897959 0.1445578231292517 0.6581632653061225 0.14625850340136054 0.6632653061224489 0.14795918367346939 0.6649659863945578 0.14965986394557823 0.6649659863945578 0.15306122448979592 0.6683673469387755 0.15306122448979592 0.6717687074829932 0.15136054421768708 0.673469387755102 0.14625850340136054 0.673469387755102 0.1445578231292517 0.6717687074829932 0.14285714285714285 0.6717687074829932 0.13945578231292516 0.6683673469387755 0.13945578231292516 0.6666666666666666 0.1377551020408163 0.6649659863945578 0.1377551020408163 0.6615646258503401 0.1360544217687075 0.6615646258503401 0.13435374149659865 0.6598639455782312 0.13435374149659865 0.6581632653061225 0.1326530612244898 0.6581632653061225 0.12755102040816327 0.6547619047619048 0.12414965986394558 0.6547619047619048 0.12244897959183673 0.6530612244897959 0.11564625850340136 0.6530612244897959 0.11564625850340136 0.6989795918367347 0.11734693877551021 0.7006802721088435 0.3010204081632653 0.7006802721088435 0.30272108843537415 0.6989795918367347 0.37244897959183676 0.6989795918367347 0.3741496598639456 0.7006802721088435 0.3843537414965986 0.7006802721088435 0.38605442176870747 0.6989795918367347 0.4489795918367347 0.6989795918367347 0.4489795918367347 0.6105442176870748 0.45068027210884354 0.608843537414966 0.45068027210884354 0.6020408163265306 0.4489795918367347 0.6003401360544217 0.4489795918367347 0.5952380952380952 0.4064625850340136 0.5952380952380952 0.40476190476190477 0.5969387755102041 0.3656462585034014 0.5969387755102041 0.36394557823129253 0.5952380952380952 0.33503401360544216 0.5952380952380952 0.3333333333333333 0.5969387755102041 0.3197278911564626 0.5969387755102041 0.31802721088435376 0.5952380952380952 0.3129251700680272 0.5952380952380952 0.3112244897959184 0.5969387755102041 0.30952380952380953 0.5952380952380952 0.2755102040816326 0.5952380952380952 0.27380952380952384 0.5969387755102041 0.24829931972789115 0.5969387755102041 0.2465986394557823 0.5952380952380952 0.24489795918367346 0.5952380952380952 0.24319727891156462 0.5969387755102041 0.12414965986394558 0.5969387755102041 0.12414965986394558 0.5986394557823129 0.12244897959183673 0.6003401360544217 0.12074829931972789 0.6003401360544217
0 0.6343537414965986 0.22959183673469388 0.6309523809523809 0.22959183673469388 0.6292517006802721 0.22789115646258504 0.5935374149659864 0.22789115646258504 0.5918367346938775 0.22959183673469388 0.5578231292517006 0.22959183673469388 0.5561224489795918 0.22789115646258504 0.5408163265306123 0.22789115646258504 0.5391156462585034 0.22959183673469388 0.3231292517006803 0.22959183673469388 0.32142857142857145 0.23129251700680273 0.3163265306122449 0.23129251700680273 0.31462585034013607 0.22959183673469388 0.30952380952380953 0.22959183673469388 0.3078231292517007 0.23129251700680273 0.3010204081632653 0.23129251700680273 0.3010204081632653 0.2942176870748299 0.30272108843537415 0.29591836734693877 0.30272108843537415 0.29931972789115646 0.3010204081632653 0.3010204081632653 0.3010204081632653 0.3197278911564626 0.30272108843537415 0.32142857142857145 0.30272108843537415 0.3282312925170068 0.30612244897959184 0.33163265306122447 0.5102040816326531 0.33163265306122447 0.5119047619047619 0.3299319727891156 0.6309523809523809 0.3299319727891156 0.6343537414965986 0.32653061224489793 0.6343537414965986 0.30272108843537415 0.6309523809523809 0.30272108843537415 0.6275510204081632 0.29931972789115646 0.6275510204081632 0.29591836734693877 0.6258503401360545 0.29591836734693877 0.6241496598639455 0.2942176870748299 0.6241496598639455 0.2925170068027211 0.6224489795918368 0.2925170068027211 0.6207482993197279 0.29081632653061223 0.6207482993197279 0.28741496598639454 0.6224489795918368 0.2857142857142857 0.6275510204081632 0.2857142857142857 0.6292517006802721 0.28741496598639454 0.6292517006802721 0.2891156462585034 0.6326530612244898 0.2891156462585034 0.6343537414965986 0.29081632653061223 0.6343537414965986 0.2942176870748299
0 0.6632653061224489 0.477891156462585 0.6632653061224489 0.48299319727891155 0.6649659863945578 0.4846938775510204 0.6632653061224489 0.48639455782312924 0.6632653061224489 0.5170068027210885 0.6649659863945578 0.5187074829931972 0.6649659863945578 0.5221088435374149 0.6632653061224489 0.5238095238095238 0.6632653061224489 0.532312925170068 0.6649659863945578 0.5340136054421769 0.6649659863945578 0.5391156462585034 0.6632653061224489 0.5408163265306123 0.6649659863945578 0.5425170068027211 0.6649659863945578 0.54421768707483 0.6632653061224489 0.5459183673469388 0.6649659863945578 0.5476190476190477 0.6632653061224489 0.5493197278911565 0.6632653061224489 0.5629251700680272 0.6649659863945578 0.564625850340136 0.6632653061224489 0.5663265306122449 0.6632653061224489 0.5680272108843537 0.6666666666666666 0.5714285714285714 0.6683673469387755 0.5714285714285714 0.6700680272108843 0.5731292517006803 0.9982993197278912 0.5731292517006803 0.9982993197278912 0.4744897959183674 0.6649659863945578 0.4744897959183674 0.6649659863945578 0.47619047619047616
0 0.9982993197278912 0.2261904761904762 0.9948979591836735 0.2261904761904762 0.9931972789115646 0.22448979591836735 0.9812925170068028 0.22448979591836735 0.9795918367346939 0.2261904761904762 0.8894557823129252 0.2261904761904762 0.8877551020408163 0.22448979591836735 0.8860544217687075 0.22448979591836735 0.8843537414965986 0.2261904761904762 0.6649659863945578 0.2261904761904762 0.6632653061224489 0.22789115646258504 0.6632653061224489 0.22959183673469388 0.6598639455782312 0.23299319727891157 0.6598639455782312 0.24149659863945577 0.6581632653061225 0.24319727891156462 0.6581632653061225 0.2568027210884354 0.6598639455782312 0.2585034013605442 0.6598639455782312 0.2619047619047619 0.6581632653061225 0.26360544217687076 0.6581632653061225 0.2653061224489796 0.6598639455782312 0.26700680272108845 0.6598639455782312 0.3282312925170068 0.7772108843537415 0.3282312925170068 0.7789115646258503 0.32653061224489793 0.7806122448979592 0.32653061224489793 0.782312925170068 0.3282312925170068 0.8282312925170068 0.3282312925170068 0.8299319727891157 0.32653061224489793 0.8554421768707483 0.32653061224489793 0.8571428571428571 0.3282312925170068 0.8826530612244898 0.3282312925170068 0.8843537414965986 0.32653061224489793 0.9013605442176871 0.32653061224489793 0.9030612244897959 0.3282312925170068 0.9183673469387755 0.3282312925170068 0.9098639455782312 0.3282312925170068 0.9081632653061225 0.32653061224489793 0.9081632653061225 0.3231292517006803 0.9098639455782312 0.32142857142857145 0.9132653061224489 0.32142857142857145 0.9115646258503401 0.32142857142857145 0.9081632653061225 0.31802721088435376 0.9081632653061225 0.3129251700680272 0.9047619047619048 0.30952380952380953 0.9047619047619048 0.30612244897959184 0.9064625850340136 0.304421768707483 0.9115646258503401 0.304421768707483 0.9132653061224489 0.30612244897959184 0.9149659863945578 0.30612244897959184 0.9183673469387755 0.30952380952380953 0.9183673469387755 0.31462585034013607 0.9200680272108843 0.31462585034013607 0.9217687074829932 0.3163265306122449 0.9217687074829932 0.3231292517006803 0.923469387755102 0.32142857142857145 0.9251700680272109 0.32142857142857145 0.9302721088435374 0.3163265306122449 0.9370748299319728 0.3163265306122449 0.9387755102040817 0.31802721088435376 0.9421768707482994 0.31802721088435376 0.9438775510204082 0.3197278911564626 0.9472789115646258 0.3197278911564626 0.9489795918367347 0.32142857142857145 0.9523809523809523 0.31802721088435376 0.9540816326530612 0.31802721088435376 0.9574829931972789 0.31462585034013607 0.9608843537414966 0.31462585034013607 0.9625850340136054 0.3129251700680272 0.9642857142857143 0.3129251700680272 0.9659863945578231 0.31462585034013607 0.9659863945578231 0.3129251700680272 0.9710884353741497 0.3078231292517007 0.9795918367346939 0.3078231292517007 0.9812925170068028 0.30612244897959184 0.9829931972789115 0.30612244897959184 0.9829931972789115 0.304421768707483 0.9846938775510204 0.30272108843537415 0.9846938775510204 0.2976190476190476 0.9931972789115646 0.2891156462585034 0.9948979591836735 0.2891156462585034 0.9948979591836735 0.2857142857142857 0.9931972789115646 0.28401360544217685 0.9931972789115646 0.27721088435374147 0.9914965986394558 0.2755102040816326 0.9914965986394558 0.2653061224489796 0.9948979591836735 0.2619047619047619 0.9982993197278912 0.2619047619047619
0 0.3078231292517007 0.4812925170068027 0.3078231292517007 0.4897959183673469 0.30612244897959184 0.4914965986394558 0.30612244897959184 0.49489795918367346 0.3078231292517007 0.4965986394557823 0.30612244897959184 0.49829931972789115 0.3078231292517007 0.5 0.3078231292517007 0.5017006802721088 0.30612244897959184 0.5034013605442177 0.30612244897959184 0.5068027210884354 0.3078231292517007 0.5085034013605442 0.3078231292517007 0.5782312925170068 0.3520408163265306 0.5782312925170068 0.35374149659863946 0.576530612244898 0.38095238095238093 0.576530612244898 0.3826530612244898 0.5782312925170068 0.4098639455782313 0.5782312925170068 0.41156462585034015 0.576530612244898 0.4166666666666667 0.576530612244898 0.41836734693877553 0.5782312925170068 0.4931972789115646 0.5782312925170068 0.49489795918367346 0.576530612244898 0.532312925170068 0.576530612244898 0.5340136054421769 0.5782312925170068 0.54421768707483 0.5782312925170068 0.5459183673469388 0.576530612244898 0.6394557823129252 0.576530612244898 0.6394557823129252 0.47959183673469385 0.6377551020408163 0.47959183673469385 0.6360544217687075 0.477891156462585 0.5459183673469388 0.477891156462585 0.54421768707483 0.47959183673469385 0.5187074829931972 0.47959183673469385 0.5170068027210885 0.477891156462585 0.5 0.477891156462585 0.49829931972789115 0.47959183673469385 0.47619047619047616 0.47959183673469385 0.4744897959183674 0.477891156462585 0.47278911564625853 0.477891156462585 0.4710884353741497 0.47959183673469385 0.30952380952380953 0.47959183673469385
0 0.46938775510204084 0.35374149659863946 0.46938775510204084 0.45068027210884354 0.4710884353741497 0.4523809523809524 0.4897959183673469 0.4523809523809524 0.4914965986394558 0.45068027210884354 0.54421768707483 0.45068027210884354 0.5459183673469388 0.4523809523809524 0.5748299319727891 0.4523809523809524 0.576530612244898 0.45068027210884354 0.6275510204081632 0.45068027210884354 0.6292517006802721 0.4523809523809524 0.6768707482993197 0.4523809523809524 0.6785714285714286 0.45068027210884354 0.7295918367346939 0.45068027210884354 0.7312925170068028 0.4523809523809524 0.7346938775510204 0.4523809523809524 0.7363945578231292 0.45068027210884354 0.7619047619047619 0.45068027210884354 0.7636054421768708 0.4523809523809524 0.7993197278911565 0.4523809523809524 0.8010204081632653 0.45068027210884354 0.8027210884353742 0.45068027210884354 0.8027210884353742 0.35374149659863946
0 0.4387755102040816 0.35034013605442177 0.42517006802721086 0.35034013605442177 0.42346938775510207 0.3486394557823129 0.41836734693877553 0.3486394557823129 0.4166666666666667 0.35034013605442177 0.38945578231292516 0.35034013605442177 0.3877551020408163 0.3486394557823129 0.36904761904761907 0.3486394557823129 0.3673469387755102 0.35034013605442177 0.3299319727891156 0.35034013605442177 0.3282312925170068 0.3486394557823129 0.32142857142857145 0.3486394557823129 0.3197278911564626 0.35034013605442177 0.19727891156462585 0.35034013605442177 0.1989795918367347 0.3520408163265306 0.1989795918367347 0.36054421768707484 0.19727891156462585 0.3622448979591837 0.19727891156462585 0.3673469387755102 0.20068027210884354 0.3707482993197279 0.20238095238095238 0.3758503401360544 0.20408163265306123 0.3758503401360544 0.20748299319727892 0.3792517006802721 0.20748299319727892 0.38095238095238093 0.20918367346938777 0.3826530612244898 0.20918367346938777 0.38945578231292516 0.21258503401360543 0.39285714285714285 0.21258503401360543 0.3945578231292517 0.21598639455782312 0.3979591836734694 0.21598639455782312 0.39965986394557823 0.22108843537414966 0.40476190476190477 0.22108843537414966 0.4064625850340136 0.2261904761904762 0.4064625850340136 0.22789115646258504 0.40816326530612246 0.22789115646258504 0.4166666666666667 0.2261904761904762 0.41836734693877553 0.2261904761904762 0.4200680272108844 0.2227891156462585 0.42346938775510207 0.22108843537414966 0.42346938775510207 0.2193877551020408 0.42517006802721086 0.21598639455782312 0.42517006802721086 0.21428571428571427 0.42346938775510207 0.21428571428571427 0.41836734693877553 0.21258503401360543 0.4166666666666667 0.21258503401360543 0.40816326530612246 0.2108843537414966 0.4064625850340136 0.20918367346938777 0.4013605442176871 0.20748299319727892 0.4013605442176871 0.20578231292517007 0.39965986394557823 0.20578231292517007 0.3979591836734694 0.20238095238095238 0.39285714285714285 0.20238095238095238 0.3877551020408163 0.20068027210884354 0.38605442176870747 0.20068027210884354 0.3843537414965986 0.1989795918367347 0.3843537414965986 0.19727891156462585 0.38945578231292516 0.1921768707482993 0.3945578231292517 0.1921768707482993 0.3979591836734694 0.19047619047619047 0.39965986394557823 0.19047619047619047 0.4030612244897959 0.18877551020408162 0.40476190476190477 0.18877551020408162 0.4098639455782313 0.1870748299319728 0.41156462585034015 0.18537414965986396 0.4166666666666667 0.18197278911564627 0.4200680272108844 0.18197278911564627 0.42346938775510207 0.17687074829931973 0.42857142857142855 0.17687074829931973 0.4370748299319728 0.1717687074829932 0.44047619047619047 0.1683673469387755 0.44047619047619047 0.16666666666666666 0.4387755102040816 0.16666666666666666 0.4370748299319728 0.16326530612244897 0.4336734693877551 0.16326530612244897 0.42857142857142855 0.1683673469387755 0.42346938775510207 0.1683673469387755 0.4217687074829932 0.17006802721088435 0.4200680272108844 0.17346938775510204 0.4200680272108844 0.17517006802721088 0.41836734693877553 0.17517006802721088 0.4166666666666667 0.17857142857142858 0.413265306122449 0.17857142857142858 0.41156462585034015 0.18027210884353742 0.4098639455782313 0.18027210884353742 0.4064625850340136 0.18197278911564627 0.40476190476190477 0.18197278911564627 0.4013605442176871 0.18537414965986396 0.39625850340136054 0.18537414965986396 0.391156462585034 0.18877551020408162 0.3877551020408163 0.18877551020408162 0.38605442176870747 0.19047619047619047 0.3843537414965986 0.19047619047619047 0.3741496598639456 0.1870748299319728 0.3707482993197279 0.1870748299319728 0.36904761904761907 0.18537414965986396 0.3673469387755102 0.18537414965986396 0.3622448979591837 0.1836734693877551 0.36054421768707484 0.1836734693877551 0.35034013605442177 0.1054421768707483 0.35034013605442177 0.1054421768707483 0.4370748299319728 0.10714285714285714 0.4387755102040816 0.1054421768707483 0.44047619047619047 0.1054421768707483 0.4421768707482993 0.10714285714285714 0.44387755102040816 0.1054421768707483 0.445578231292517 0.1054421768707483 0.44727891156462585 0.10884353741496598 0.44727891156462585 0.11054421768707483 0.4489795918367347 0.24149659863945577 0.4489795918367347 0.24319727891156462 0.44727891156462585 0.2465986394557823 0.44727891156462585 0.24829931972789115 0.4489795918367347 0.27380952380952384 0.4489795918367347 0.2755102040816326 0.44727891156462585 0.3010204081632653 0.44727891156462585 0.30272108843537415 0.4489795918367347 0.30952380952380953 0.4489795918367347 0.3112244897959184 0.44727891156462585 0.4387755102040816 0.44727891156462585
0 0 0.7193877551020408 0 0.8231292517006803 0.015306122448979591 0.8231292517006803 0.017006802721088437 0.8248299319727891 0.13095238095238096 0.8248299319727891 0.1326530612244898 0.8231292517006803 0.15306122448979592 0.8231292517006803 0.15476190476190477 0.8248299319727891 0.1683673469387755 0.8248299319727891 0.17006802721088435 0.826530612244898 0.18027210884353742 0.826530612244898 0.18197278911564627 0.8248299319727891 0.23469387755102042 0.8248299319727891 0.23639455782312926 0.826530612244898 0.272108843537415 0.826530612244898 0.27380952380952384 0.8248299319727891 0.2789115646258503 0.8248299319727891 0.2789115646258503 0.8231292517006803 0.28061224489795916 0.8214285714285714 0.28061224489795916 0.8197278911564626 0.282312925170068 0.8180272108843537 0.282312925170068 0.814625850340136 0.28401360544217685 0.8129251700680272 0.28401360544217685 0.7704081632653061 0.282312925170068 0.7687074829931972 0.282312925170068 0.7602040816326531 0.28401360544217685 0.7585034013605442 0.28401360544217685 0.7551020408163265 0.282312925170068 0.7534013605442177 0.282312925170068 0.7363945578231292 0.28401360544217685 0.7346938775510204 0.28401360544217685 0.7329931972789115 0.282312925170068 0.7312925170068028 0.282312925170068 0.7295918367346939 0.28401360544217685 0.7278911564625851 0.28401360544217685 0.7193877551020408 0.2227891156462585 0.7193877551020408 0.22108843537414966 0.717687074829932 0.21258503401360543 0.717687074829932 0.2108843537414966 0.7193877551020408 0.12244897959183673 0.7193877551020408 0.12074829931972789 0.717687074829932 0.11904761904761904 0.7193877551020408 0.07482993197278912 0.7193877551020408 0.07312925170068027 0.717687074829932 0.0663265306122449 0.717687074829932 0.06462585034013606 0.7193877551020408 0.05782312925170068 0.7193877551020408 0.05612244897959184 0.717687074829932 0.05272108843537415 0.717687074829932 0.05102040816326531 0.7193877551020408 0.04931972789115646 0.7193877551020408 0.047619047619047616 0.717687074829932 0.03741496598639456 0.717687074829932 0.03571428571428571 0.7193877551020408 0.034013605442176874 0.717687074829932 0.025510204081632654 0.717687074829932 0.023809523809523808 0.7193877551020408
0 0.282312925170068 0.22789115646258504 0.27721088435374147 0.2227891156462585 0.27721088435374147 0.22108843537414966 0.2193877551020408 0.22108843537414966 0.2193877551020408 0.2227891156462585 0.21768707482993196 0.22448979591836735 0.20748299319727892 0.22448979591836735 0.20578231292517007 0.2227891156462585 0.20578231292517007 0.22108843537414966 0.20408163265306123 0.22108843537414966 0.20408163265306123 0.2227891156462585 0.20238095238095238 0.22448979591836735 0 0.22448979591836735 0 0.32653061224489793 0.14965986394557823 0.32653061224489793 0.15136054421768708 0.32482993197278914 0.15306122448979592 0.32482993197278914 0.15476190476190477 0.32653061224489793 0.1683673469387755 0.32653061224489793 0.17006802721088435 0.32482993197278914 0.18027210884353742 0.32482993197278914 0.18197278911564627 0.32653061224489793 0.195578231292517 0.32653061224489793 0.19727891156462585 0.32482993197278914 0.20748299319727892 0.32482993197278914 0.20918367346938777 0.32653061224489793 0.21428571428571427 0.32653061224489793 0.21598639455782312 0.32482993197278914 0.28401360544217685 0.32482993197278914 0.28401360544217685 0.30952380952380953 0.282312925170068 0.3078231292517007 0.282312925170068 0.2891156462585034 0.28401360544217685 0.28741496598639454 0.28401360544217685 0.28061224489795916 0.282312925170068 0.2789115646258503
0 0.304421768707483 0 0.30612244897959184 0.0017006802721088435 0.30612244897959184 0.003401360544217687 0.304421768707483 0.00510204081632653 0.304421768707483 0.02040816326530612 0.30612244897959184 0.022108843537414966 0.30612244897959184 0.023809523809523808 0.304421768707483 0.025510204081632654 0.30612244897959184 0.027210884353741496 0.30612244897959184 0.034013605442176874 0.304421768707483 0.03571428571428571 0.304421768707483 0.03741496598639456 0.30612244897959184 0.0391156462585034 0.304421768707483 0.04081632653061224 0.30612244897959184 0.04251700680272109 0.30612244897959184 0.05102040816326531 0.304421768707483 0.05272108843537415 0.304421768707483 0.06462585034013606 0.30612244897959184 0.0663265306122449 0.30612244897959184 0.06802721088435375 0.304421768707483 0.06972789115646258 0.30612244897959184 0.07142857142857142 0.30612244897959184 0.07653061224489796 0.3078231292517007 0.0782312925170068 0.3078231292517007 0.08163265306122448 0.30952380952380953 0.08333333333333333 0.30952380952380953 0.08503401360544217 0.3299319727891156 0.08503401360544217 0.33163265306122447 0.08673469387755102 0.35034013605442177 0.08673469387755102 0.3520408163265306 0.08503401360544217 0.4098639455782313 0.08503401360544217 0.41156462585034015 0.08333333333333333 0.413265306122449 0.08333333333333333 0.41496598639455784 0.08503401360544217 0.4166666666666667 0.08503401360544217 0.41836734693877553 0.08333333333333333 0.4200680272108844 0.08503401360544217 0.43197278911564624 0.08503401360544217 0.4336734693877551 0.08333333333333333 0.43537414965986393 0.08503401360544217 0.4557823129251701 0.08503401360544217 0.4574829931972789 0.08333333333333333 0.4608843537414966 0.08333333333333333 0.46258503401360546 0.08503401360544217 0.467687074829932 0.08503401360544217 0.46938775510204084 0.08333333333333333 0.4914965986394558 0.08333333333333333 0.4931972789115646 0.08503401360544217 0.5187074829931972 0.08503401360544217 0.5204081632653061 0.08333333333333333 0.5221088435374149 0.08333333333333333 0.5238095238095238 0.08503401360544217 0.5255102040816326 0.08503401360544217 0.5272108843537415 0.08333333333333333 0.5425170068027211 0.08333333333333333 0.54421768707483 0.08503401360544217 0.5782312925170068 0.08503401360544217 0.5799319727891157 0.08333333333333333 0.5884353741496599 0.08333333333333333 0.5901360544217688 0.08503401360544217 0.5918367346938775 0.08503401360544217 0.5935374149659864 0.08333333333333333 0.5952380952380952 0.08503401360544217 0.6054421768707483 0.08503401360544217 0.6071428571428571 0.08333333333333333 0.608843537414966 0.08503401360544217 0.6122448979591837 0.08503401360544217 0.6139455782312925 0.08333333333333333 0.6326530612244898 0.08333333333333333 0.6343537414965986 0.08163265306122448 0.6343537414965986 0.0782312925170068 0.6360544217687075 0.07653061224489796 0.6360544217687075 0.07482993197278912 0.6377551020408163 0.07312925170068027 0.6377551020408163 0
0 0.0017006802721088435 0.477891156462585 0.0017006802721088435 0.4812925170068027 0.00510204081632653 0.4846938775510204 0.00510204081632653 0.4914965986394558 0.006802721088435374 0.4914965986394558 0.008503401360544218 0.4931972789115646 0.008503401360544218 0.49829931972789115 0.011904761904761904 0.5017006802721088 0.011904761904761904 0.5034013605442177 0.013605442176870748 0.5051020408163265 0.013605442176870748 0.5068027210884354 0.017006802721088437 0.5102040816326531 0.017006802721088437 0.5119047619047619 0.01870748299319728 0.5136054421768708 0.01870748299319728 0.5170068027210885 0.02040816326530612 0.5170068027210885 0.022108843537414966 0.5187074829931972 0.022108843537414966 0.5204081632653061 0.023809523809523808 0.5221088435374149 0.023809523809523808 0.5238095238095238 0.025510204081632654 0.5255102040816326 0.025510204081632654 0.5272108843537415 0.027210884353741496 0.5289115646258503 0.027210884353741496 0.532312925170068 0.02891156462585034 0.5340136054421769 0.02891156462585034 0.5374149659863946 0.030612244897959183 0.5374149659863946 0.03231292517006803 0.5391156462585034 0.03231292517006803 0.54421768707483 0.030612244897959183 0.5459183673469388 0.027210884353741496 0.5459183673469388 0.023809523809523808 0.5425170068027211 0.023809523809523808 0.5391156462585034 0.022108843537414966 0.5391156462585034 0.02040816326530612 0.5374149659863946 0.02040816326530612 0.5340136054421769 0.01870748299319728 0.532312925170068 0.01870748299319728 0.5272108843537415 0.013605442176870748 0.5221088435374149 0.013605442176870748 0.5204081632653061 0.01020408163265306 0.5170068027210885 0.01020408163265306 0.5153061224489796 0.008503401360544218 0.5136054421768708 0.008503401360544218 0.5119047619047619 0.00510204081632653 0.5085034013605442 0.00510204081632653 0.5051020408163265 0.003401360544217687 0.5034013605442177 0.003401360544217687 0.5 0.0017006802721088435 0.49829931972789115 0.0017006802721088435 0.4931972789115646 0 0.4931972789115646 0 0.576530612244898 0.013605442176870748 0.576530612244898 0.015306122448979591 0.5782312925170068 0.022108843537414966 0.5782312925170068 0.023809523809523808 0.576530612244898 0.23299319727891157 0.576530612244898 0.23469387755102042 0.5782312925170068 0.24319727891156462 0.5782312925170068 0.24489795918367346 0.576530612244898 0.25170068027210885 0.576530612244898 0.2534013605442177 0.5782312925170068 0.272108843537415 0.5782312925170068 0.27380952380952384 0.576530612244898 0.28061224489795916 0.576530612244898 0.282312925170068 0.5748299319727891 0.28401360544217685 0.5748299319727891 0.28401360544217685 0.47959183673469385 0.2602040816326531 0.47959183673469385 0.2585034013605442 0.477891156462585 0.25170068027210885 0.477891156462585 0.25 0.47959183673469385 0.22789115646258504 0.47959183673469385 0.2261904761904762 0.477891156462585 0.2108843537414966 0.477891156462585 0.20918367346938777 0.47959183673469385 0.1445578231292517 0.47959183673469385 0.14285714285714285 0.477891156462585 0.11904761904761904 0.477891156462585 0.11734693877551021 0.47959183673469385 0.10714285714285714 0.47959183673469385 0.1054421768707483 0.477891156462585 0.10204081632653061 0.477891156462585 0.10034013605442177 0.47959183673469385 0.06972789115646258 0.47959183673469385 0.06802721088435375 0.477891156462585 0.05612244897959184 0.477891156462585 0.05442176870748299 0.47959183673469385 0.047619047619047616 0.47959183673469385 0.04591836734693878 0.477891156462585 0.03571428571428571 0.477891156462585 0.034013605442176874 0.47959183673469385 0.015306122448979591 0.47959183673469385 0.013605442176870748 0.477891156462585
0 0.6632653061224489 0 0.6632653061224489 0.008503401360544218 0.6615646258503401 0.01020408163265306 0.6632653061224489 0.011904761904761904 0.6632653061224489 0.08333333333333333 0.6819727891156463 0.08333333333333333 0.6836734693877551 0.08163265306122448 0.7278911564625851 0.08163265306122448 0.7295918367346939 0.08333333333333333 0.7534013605442177 0.08333333333333333 0.7551020408163265 0.08163265306122448 0.7568027210884354 0.08333333333333333 0.79421768707483 0.08333333333333333 0.7959183673469388 0.08163265306122448 0.7993197278911565 0.08163265306122448 0.8010204081632653 0.08333333333333333 0.8197278911564626 0.08333333333333333 0.8214285714285714 0.08163265306122448 0.8452380952380952 0.08163265306122448 0.8469387755102041 0.08333333333333333 0.8554421768707483 0.08333333333333333 0.8571428571428571 0.08163265306122448 0.858843537414966 0.08333333333333333 0.8724489795918368 0.08333333333333333 0.8741496598639455 0.08163265306122448 0.8809523809523809 0.08163265306122448 0.8826530612244898 0.08333333333333333 0.8877551020408163 0.08333333333333333 0.8894557823129252 0.08163265306122448 0.9149659863945578 0.08163265306122448 0.9166666666666666 0.08333333333333333 0.9761904761904762 0.08333333333333333 0.9778911564625851 0.08163265306122448 0.9880952380952381 0.08163265306122448 0.9880952380952381 0.07993197278911565 0.9897959183673469 0.0782312925170068 0.9948979591836735 0.07653061224489796 0.9982993197278912 0.07312925170068027 0.9982993197278912 0.04081632653061224 0.9948979591836735 0.04081632653061224 0.9948979591836735 0.04421768707482993 0.9931972789115646 0.04591836734693878 0.9931972789115646 0.05442176870748299 0.9914965986394558 0.05612244897959184 0.9897959183673469 0.05612244897959184 0.9863945578231292 0.05952380952380952 0.9778911564625851 0.05952380952380952 0.9744897959183674 0.05612244897959184 0.9710884353741497 0.05612244897959184 0.9693877551020408 0.05782312925170068 0.967687074829932 0.05782312925170068 0.9625850340136054 0.06292517006802721 0.9608843537414966 0.06292517006802721 0.95578231292517 0.0663265306122449 0.9472789115646258 0.0663265306122449 0.9438775510204082 0.06972789115646258 0.9404761904761905 0.06972789115646258 0.9387755102040817 0.07142857142857142 0.9336734693877551 0.07142857142857142 0.9319727891156463 0.06972789115646258 0.9319727891156463 0.07142857142857142 0.9302721088435374 0.07312925170068027 0.9285714285714286 0.07312925170068027 0.923469387755102 0.07653061224489796 0.9217687074829932 0.07482993197278912 0.9183673469387755 0.07482993197278912 0.9166666666666666 0.07312925170068027 0.9166666666666666 0.06802721088435375 0.9115646258503401 0.06802721088435375 0.9098639455782312 0.0663265306122449 0.9098639455782312 0.061224489795918366 0.9081632653061225 0.05952380952380952 0.9081632653061225 0.05442176870748299 0.9098639455782312 0.05272108843537415 0.9132653061224489 0.05272108843537415 0.9183673469387755 0.05782312925170068 0.9183673469387755 0.05952380952380952 0.9200680272108843 0.061224489795918366 0.9200680272108843 0.0663265306122449 0.9217687074829932 0.0663265306122449 0.9251700680272109 0.06972789115646258 0.9251700680272109 0.0663265306122449 0.9319727891156463 0.05952380952380952 0.9387755102040817 0.05952380952380952 0.9404761904761905 0.05782312925170068 0.9438775510204082 0.05782312925170068 0.9438775510204082 0.05442176870748299 0.9455782312925171 0.05272108843537415 0.9506802721088435 0.05272108843537415 0.9540816326530612 0.05612244897959184 0.9540816326530612 0.05782312925170068 0.9574829931972789 0.05782312925170068 0.967687074829932 0.047619047619047616 0.9710884353741497 0.047619047619047616 0.9727891156462585 0.04931972789115646 0.9761904761904762 0.04931972789115646 0.9778911564625851 0.05102040816326531 0.9812925170068028 0.05102040816326531 0.9829931972789115 0.05272108843537415 0.9846938775510204 0.05102040816326531 0.9846938775510204 0.04421768707482993 0.9863945578231292 0.04251700680272109 0.9880952380952381 0.04251700680272109 0.9880952380952381 0.0391156462585034 0.9897959183673469 0.03741496598639456 0.9897959183673469 0.03571428571428571 0.9914965986394558 0.034013605442176874 0.9948979591836735 0.034013605442176874 0.9931972789115646 0.03231292517006803 0.9931972789115646 0.02891156462585034 0.9897959183673469 0.02891156462585034 0.9863945578231292 0.023809523809523808 0.9863945578231292 0.01020408163265306 0.9948979591836735 0.0017006802721088435 0.9948979591836735 0
0 0 0 0 0.08503401360544217 0.1292517006802721 0.08503401360544217 0.13095238095238096 0.08333333333333333 0.1326530612244898 0.08503401360544217 0.1921768707482993 0.08503401360544217 0.19387755102040816 0.08333333333333333 0.195578231292517 0.08503401360544217 0.19727891156462585 0.08503401360544217 0.1989795918367347 0.08333333333333333 0.20238095238095238 0.08333333333333333 0.20408163265306123 0.08503401360544217 0.20748299319727892 0.08503401360544217 0.20918367346938777 0.08333333333333333 0.21258503401360543 0.08333333333333333 0.21428571428571427 0.08503401360544217 0.23639455782312926 0.08503401360544217 0.23809523809523808 0.08333333333333333 0.23979591836734693 0.08333333333333333 0.24149659863945577 0.08503401360544217 0.24319727891156462 0.08503401360544217 0.24489795918367346 0.08333333333333333 0.2465986394557823 0.08503401360544217 0.24829931972789115 0.08503401360544217 0.25 0.08333333333333333 0.28061224489795916 0.08333333333333333 0.282312925170068 0.08163265306122448 0.282312925170068 0.027210884353741496 0.28061224489795916 0.025510204081632654 0.28061224489795916 0
0 0.826530612244898 0.8469387755102041 0.826530612244898 0.858843537414966 0.8248299319727891 0.8605442176870748 0.8248299319727891 0.8639455782312925 0.826530612244898 0.8656462585034014 0.8248299319727891 0.8673469387755102 0.8248299319727891 0.8724489795918368 0.826530612244898 0.8741496598639455 0.826530612244898 0.8758503401360545 0.8248299319727891 0.8775510204081632 0.8248299319727891 0.8860544217687075 0.826530612244898 0.8877551020408163 0.826530612244898 0.8928571428571429 0.8248299319727891 0.8945578231292517 0.8248299319727891 0.9013605442176871 0.826530612244898 0.9030612244897959 0.8248299319727891 0.9047619047619048 0.8248299319727891 0.9098639455782312 0.826530612244898 0.9115646258503401 0.8248299319727891 0.9132653061224489 0.826530612244898 0.9149659863945578 0.8248299319727891 0.9166666666666666 0.826530612244898 0.9183673469387755 0.826530612244898 0.9421768707482994 0.8316326530612245 0.9472789115646258 0.8316326530612245 0.9489795918367347 0.8333333333333334 0.9489795918367347 0.8384353741496599 0.9540816326530612 0.8384353741496599 0.95578231292517 0.9982993197278912 0.95578231292517 0.9982993197278912 0.8469387755102041 0.9727891156462585 0.8469387755102041 0.9710884353741497 0.8452380952380952 0.9659863945578231 0.8452380952380952 0.9642857142857143 0.8469387755102041 0.9523809523809523 0.8469387755102041 0.9506802721088435 0.8452380952380952 0.9183673469387755 0.8452380952380952 0.9166666666666666 0.8469387755102041 0.9149659863945578 0.8469387755102041 0.9132653061224489 0.8452380952380952 0.9098639455782312 0.8452380952380952 0.9081632653061225 0.8469387755102041 0.9064625850340136 0.8452380952380952 0.9047619047619048 0.8452380952380952 0.9030612244897959 0.8469387755102041 0.9013605442176871 0.8469387755102041 0.8996598639455783 0.8452380952380952 0.8656462585034014 0.8452380952380952 0.8639455782312925 0.8469387755102041 0.8605442176870748 0.8469387755102041 0.858843537414966 0.8452380952380952 0.8282312925170068 0.8452380952380952
0 0.9982993197278912 0.09863945578231292 0.9965986394557823 0.09863945578231292 0.9948979591836735 0.10034013605442177 0.967687074829932 0.10034013605442177 0.9659863945578231 0.09863945578231292 0.9506802721088435 0.09863945578231292 0.9489795918367347 0.10034013605442177 0.8401360544217688 0.10034013605442177 0.8401360544217688 0.10374149659863946 0.8418367346938775 0.1054421768707483 0.8435374149659864 0.1054421768707483 0.8452380952380952 0.10714285714285714 0.8469387755102041 0.10714285714285714 0.8486394557823129 0.10884353741496598 0.8503401360544217 0.10884353741496598 0.8520408163265306 0.11054421768707483 0.8554421768707483 0.11054421768707483 0.8571428571428571 0.11224489795918367 0.8656462585034014 0.11224489795918367 0.8690476190476191 0.11564625850340136 0.8707482993197279 0.11564625850340136 0.8741496598639455 0.11904761904761904 0.8741496598639455 0.12244897959183673 0.8758503401360545 0.12244897959183673 0.8792517006802721 0.12585034013605442 0.8792517006802721 0.12755102040816327 0.8826530612244898 0.12755102040816327 0.8843537414965986 0.1292517006802721 0.8860544217687075 0.1292517006802721 0.8877551020408163 0.13095238095238096 0.8877551020408163 0.1360544217687075 0.8860544217687075 0.1377551020408163 0.8809523809523809 0.1377551020408163 0.8792517006802721 0.1360544217687075 0.8758503401360545 0.1360544217687075 0.8724489795918368 0.1326530612244898 0.8707482993197279 0.1326530612244898 0.8690476190476191 0.13095238095238096 0.8690476190476191 0.1292517006802721 0.8673469387755102 0.12755102040816327 0.8673469387755102 0.12414965986394558 0.8656462585034014 0.12414965986394558 0.8622448979591837 0.12074829931972789 0.8605442176870748 0.12074829931972789 0.858843537414966 0.11904761904761904 0.8486394557823129 0.11904761904761904 0.8469387755102041 0.11734693877551021 0.8435374149659864 0.11734693877551021 0.8384353741496599 0.11224489795918367 0.8367346938775511 0.11224489795918367 0.8333333333333334 0.10884353741496598 0.8333333333333334 0.1054421768707483 0.8316326530612245 0.10374149659863946 0.8316326530612245 0.10204081632653061 0.8231292517006803 0.11054421768707483 0.8231292517006803 0.1292517006802721 0.8214285714285714 0.13095238095238096 0.8231292517006803 0.1326530612244898 0.8231292517006803 0.1360544217687075 0.8214285714285714 0.1377551020408163 0.8214285714285714 0.18877551020408162 0.8231292517006803 0.19047619047619047 0.8214285714285714 0.1921768707482993 0.8214285714285714 0.20408163265306123 0.8231292517006803 0.20578231292517007 0.9982993197278912 0.20578231292517007
0 0.826530612244898 0.5969387755102041 0.826530612244898 0.6105442176870748 0.8282312925170068 0.6122448979591837 0.826530612244898 0.6139455782312925 0.826530612244898 0.6360544217687075 0.8282312925170068 0.6377551020408163 0.8282312925170068 0.641156462585034 0.826530612244898 0.6428571428571429 0.826530612244898 0.6904761904761905 0.8282312925170068 0.6921768707482994 0.8282312925170068 0.6938775510204082 0.8299319727891157 0.6955782312925171 0.8333333333333334 0.6955782312925171 0.8367346938775511 0.6989795918367347 0.8384353741496599 0.6989795918367347 0.8401360544217688 0.7006802721088435 0.8503401360544217 0.7006802721088435 0.8520408163265306 0.6989795918367347 0.8979591836734694 0.6989795918367347 0.8996598639455783 0.7006802721088435 0.9591836734693877 0.7006802721088435 0.9608843537414966 0.6989795918367347 0.9982993197278912 0.6989795918367347 0.9982993197278912 0.5952380952380952 0.9948979591836735 0.5952380952380952 0.9931972789115646 0.5969387755102041 0.9761904761904762 0.5969387755102041 0.9744897959183674 0.5952380952380952 0.9574829931972789 0.5952380952380952 0.95578231292517 0.5969387755102041 0.8554421768707483 0.5969387755102041 0.8537414965986394 0.5952380952380952 0.8520408163265306 0.5952380952380952 0.8503401360544217 0.5969387755102041 0.8435374149659864 0.5969387755102041 0.8418367346938775 0.5952380952380952 0.8401360544217688 0.5969387755102041 0.8384353741496599 0.5952380952380952 0.8299319727891157 0.5952380952380952 0.8282312925170068 0.5969387755102041
0 0.8197278911564626 0.35374149659863946 0.8197278911564626 0.44047619047619047 0.8180272108843537 0.4421768707482993 0.8180272108843537 0.44387755102040816 0.8197278911564626 0.445578231292517 0.8197278911564626 0.44727891156462585 0.8231292517006803 0.44727891156462585 0.8248299319727891 0.4489795918367347 0.858843537414966 0.4489795918367347 0.8605442176870748 0.44727891156462585 0.8741496598639455 0.44727891156462585 0.8758503401360545 0.4489795918367347 0.8860544217687075 0.4489795918367347 0.8877551020408163 0.44727891156462585 0.8928571428571429 0.44727891156462585 0.8945578231292517 0.4489795918367347 0.9030612244897959 0.4489795918367347 0.9047619047619048 0.44727891156462585 0.9064625850340136 0.4489795918367347 0.9982993197278912 0.4489795918367347 0.9982993197278912 0.35034013605442177 0.8401360544217688 0.35034013605442177 0.8384353741496599 0.3486394557823129 0.8350340136054422 0.3486394557823129 0.8333333333333334 0.35034013605442177 0.8282312925170068 0.35034013605442177 0.826530612244898 0.3520408163265306 0.8214285714285714 0.3520408163265306
0 0.29931972789115646 0.9795918367346939 0.29931972789115646 0.9982993197278912 0.6326530612244898 0.9982993197278912 0.6309523809523809 0.9965986394557823 0.6309523809523809 0.9727891156462585 0.6292517006802721 0.9710884353741497 0.6292517006802721 0.9693877551020408 0.6275510204081632 0.967687074829932 0.6275510204081632 0.9659863945578231 0.5901360544217688 0.9659863945578231 0.5884353741496599 0.9642857142857143 0.5867346938775511 0.9642857142857143 0.5850340136054422 0.9659863945578231 0.5731292517006803 0.9659863945578231 0.5714285714285714 0.9642857142857143 0.5663265306122449 0.9642857142857143 0.564625850340136 0.9659863945578231 0.5527210884353742 0.9659863945578231 0.5510204081632653 0.9642857142857143 0.5459183673469388 0.9642857142857143 0.54421768707483 0.9659863945578231 0.5374149659863946 0.9659863945578231 0.5357142857142857 0.9642857142857143 0.5340136054421769 0.9642857142857143 0.532312925170068 0.9659863945578231 0.5068027210884354 0.9659863945578231 0.5051020408163265 0.9642857142857143 0.49829931972789115 0.9642857142857143 0.4965986394557823 0.9659863945578231 0.4931972789115646 0.9659863945578231 0.4914965986394558 0.9642857142857143 0.4846938775510204 0.9642857142857143 0.48299319727891155 0.9659863945578231 0.477891156462585 0.9659863945578231 0.47619047619047616 0.9642857142857143 0.46938775510204084 0.9642857142857143 0.467687074829932 0.9659863945578231 0.46258503401360546 0.9659863945578231 0.4608843537414966 0.9642857142857143 0.4387755102040816 0.9642857142857143 0.4370748299319728 0.9659863945578231 0.43537414965986393 0.9642857142857143 0.39285714285714285 0.9642857142857143 0.391156462585034 0.9659863945578231 0.38945578231292516 0.9642857142857143 0.34183673469387754 0.9642857142857143 0.3401360544217687 0.9659863945578231 0.336734693877551 0.9659863945578231 0.33503401360544216 0.9642857142857143 0.304421768707483 0.9642857142857143 0.30272108843537415 0.9659863945578231 0.30272108843537415 0.9710884353741497 0.3010204081632653 0.9727891156462585 0.3010204081632653 0.9778911564625851
0 0.6530612244897959 0.9693877551020408 0.6530612244897959 0.9761904761904762 0.6547619047619048 0.9778911564625851 0.6547619047619048 0.9982993197278912 0.9948979591836735 0.9982993197278912 0.9948979591836735 0.9829931972789115 0.9897959183673469 0.9778911564625851 0.9880952380952381 0.9778911564625851 0.9863945578231292 0.9761904761904762 0.9863945578231292 0.9744897959183674 0.9778911564625851 0.9659863945578231 0.9472789115646258 0.9659863945578231 0.9455782312925171 0.9642857142857143 0.9438775510204082 0.9659863945578231 0.9047619047619048 0.9659863945578231 0.9030612244897959 0.9642857142857143 0.9013605442176871 0.9659863945578231 0.8027210884353742 0.9659863945578231 0.8010204081632653 0.9642857142857143 0.7993197278911565 0.9659863945578231 0.7959183673469388 0.9659863945578231 0.79421768707483 0.9642857142857143 0.7925170068027211 0.9659863945578231 0.7108843537414966 0.9659863945578231 0.7091836734693877 0.9642857142857143 0.7074829931972789 0.9659863945578231 0.7040816326530612 0.9659863945578231 0.7023809523809523 0.9642857142857143 0.7006802721088435 0.9659863945578231 0.6904761904761905 0.9659863945578231 0.6887755102040817 0.9642857142857143 0.6870748299319728 0.9642857142857143 0.685374149659864 0.9659863945578231 0.6547619047619048 0.9659863945578231 0.6547619047619048 0.967687074829932
0 0 0.8384353741496599 0 0.9489795918367347 0.08673469387755102 0.9489795918367347 0.08843537414965986 0.9472789115646258 0.08843537414965986 0.9455782312925171 0.0935374149659864 0.9404761904761905 0.0935374149659864 0.9387755102040817 0.09693877551020408 0.935374149659864 0.09693877551020408 0.923469387755102 0.09863945578231292 0.9217687074829932 0.09693877551020408 0.9200680272108843 0.09693877551020408 0.9183673469387755 0.09863945578231292 0.9166666666666666 0.09863945578231292 0.9132653061224489 0.09693877551020408 0.9115646258503401 0.09863945578231292 0.9098639455782312 0.09863945578231292 0.9081632653061225 0.09693877551020408 0.9064625850340136 0.09693877551020408 0.9047619047619048 0.09863945578231292 0.9030612244897959 0.09863945578231292 0.8503401360544217 0.09693877551020408 0.8486394557823129 0.09693877551020408 0.8401360544217688 0.0782312925170068 0.8401360544217688 0.07653061224489796 0.8384353741496599 0.07482993197278912 0.8401360544217688 0.06462585034013606 0.8401360544217688 0.06292517006802721 0.8384353741496599 0.061224489795918366 0.8384353741496599 0.05952380952380952 0.8401360544217688 0.04081632653061224 0.8401360544217688 0.0391156462585034 0.8384353741496599
0 0 0.9608843537414966 0 0.9982993197278912 0.16156462585034015 0.9982993197278912 0.16326530612244897 0.9965986394557823 0.16326530612244897 0.9948979591836735 0.16666666666666666 0.9914965986394558 0.1717687074829932 0.9914965986394558 0.17346938775510204 0.9931972789115646 0.17517006802721088 0.9931972789115646 0.17687074829931973 0.9948979591836735 0.17687074829931973 0.9982993197278912 0.2789115646258503 0.9982993197278912 0.2789115646258503 0.967687074829932 0.2755102040816326 0.9642857142857143 0.27380952380952384 0.9642857142857143 0.27040816326530615 0.9608843537414966 0.1360544217687075 0.9608843537414966 0.13435374149659865 0.9625850340136054 0.1326530612244898 0.9625850340136054 0.13095238095238096 0.9608843537414966 0.0935374149659864 0.9608843537414966 0.09183673469387756 0.9625850340136054 0.08843537414965986 0.9625850340136054 0.08673469387755102 0.9608843537414966 0.08503401360544217 0.9625850340136054 0.08333333333333333 0.9625850340136054 0.08163265306122448 0.9608843537414966 0.06292517006802721 0.9608843537414966 0.061224489795918366 0.9625850340136054 0.05782312925170068 0.9625850340136054 0.05612244897959184 0.9608843537414966 0.05272108843537415 0.9608843537414966 0.05102040816326531 0.9625850340136054 0.04931972789115646 0.9608843537414966
0 0 0.3469387755102041 0 0.45068027210884354 0.015306122448979591 0.45068027210884354 0.017006802721088437 0.4489795918367347 0.0391156462585034 0.4489795918367347 0.04081632653061224 0.45068027210884354 0.061224489795918366 0.45068027210884354 0.06292517006802721 0.4489795918367347 0.0935374149659864 0.4489795918367347 0.0935374149659864 0.445578231292517 0.09523809523809523 0.44387755102040816 0.09523809523809523 0.42517006802721086 0.0935374149659864 0.42346938775510207 0.0935374149659864 0.3520408163265306 0.09183673469387756 0.35034013605442177 0.09013605442176871 0.35034013605442177 0.08843537414965986 0.3486394557823129 0.08333333333333333 0.3486394557823129 0.08163265306122448 0.3469387755102041
0 0.9982993197278912 0.2925170068027211 0.9982993197278912 0.29591836734693877 0.9965986394557823 0.2976190476190476 0.9948979591836735 0.2976190476190476 0.9948979591836735 0.29931972789115646 0.9931972789115646 0.3010204081632653 0.9914965986394558 0.3010204081632653 0.9914965986394558 0.30952380952380953 0.9897959183673469 0.3112244897959184 0.9880952380952381 0.3112244897959184 0.9846938775510204 0.31462585034013607 0.9829931972789115 0.31462585034013607 0.9812925170068028 0.3163265306122449 0.9744897959183674 0.3163265306122449 0.9744897959183674 0.31802721088435376 0.9727891156462585 0.3197278911564626 0.9693877551020408 0.3197278911564626 0.967687074829932 0.32142857142857145 0.9659863945578231 0.32142857142857145 0.9642857142857143 0.3197278911564626 0.9608843537414966 0.3231292517006803 0.9574829931972789 0.3231292517006803 0.9574829931972789 0.32482993197278914 0.95578231292517 0.32653061224489793 0.9574829931972789 0.32653061224489793 0.9591836734693877 0.3282312925170068 0.9761904761904762 0.3282312925170068 0.9778911564625851 0.32653061224489793 0.9880952380952381 0.32653061224489793 0.9897959183673469 0.32482993197278914 0.9965986394557823 0.32482993197278914 0.9982993197278912 0.3231292517006803
0 0.9982993197278912 0.01020408163265306 0.9965986394557823 0.011904761904761904 0.9948979591836735 0.011904761904761904 0.9931972789115646 0.013605442176870748 0.9948979591836735 0.015306122448979591 0.9948979591836735 0.022108843537414966 0.9965986394557823 0.023809523809523808 0.9965986394557823 0.027210884353741496 0.9982993197278912 0.027210884353741496
1 0.14625850340136054 0.858843537414966 0.14625850340136054 0.8605442176870748 0.14965986394557823 0.8639455782312925 0.14965986394557823 0.8656462585034014 0.15306122448979592 0.8690476190476191 0.15306122448979592 0.8724489795918368 0.15476190476190477 0.8741496598639455 0.15476190476190477 0.8792517006802721 0.1564625850340136 0.8809523809523809 0.1564625850340136 0.8826530612244898 0.1598639455782313 0.8860544217687075 0.1598639455782313 0.8877551020408163 0.16326530612244897 0.891156462585034 0.16326530612244897 0.8928571428571429 0.1649659863945578 0.8945578231292517 0.1649659863945578 0.8962585034013606 0.16666666666666666 0.8979591836734694 0.16666666666666666 0.9030612244897959 0.1683673469387755 0.9047619047619048 0.1683673469387755 0.9115646258503401 0.1717687074829932 0.9149659863945578 0.1717687074829932 0.9183673469387755 0.17346938775510204 0.9200680272108843 0.17346938775510204 0.9268707482993197 0.1717687074829932 0.9285714285714286 0.17346938775510204 0.9302721088435374 0.17346938775510204 0.9319727891156463 0.17517006802721088 0.9319727891156463 0.17687074829931973 0.9336734693877551 0.17857142857142858 0.9336734693877551 0.18027210884353742 0.935374149659864 0.18197278911564627 0.935374149659864 0.18877551020408162 0.9421768707482994 0.18877551020408162 0.9455782312925171 0.1870748299319728 0.9472789115646258 0.18537414965986396 0.9472789115646258 0.18877551020408162 0.9506802721088435 0.19727891156462585 0.9506802721088435 0.1989795918367347 0.9523809523809523 0.20408163265306123 0.9523809523809523 0.20748299319727892 0.95578231292517 0.21258503401360543 0.95578231292517 0.21428571428571427 0.9574829931972789 0.23129251700680273 0.9574829931972789 0.23129251700680273 0.95578231292517 0.23299319727891157 0.9540816326530612 0.27380952380952384 0.9540816326530612 0.27721088435374147 0.9574829931972789 0.4421768707482993 0.9574829931972789 0.44387755102040816 0.95578231292517 0.445578231292517 0.95578231292517 0.445578231292517 0.9540816326530612 0.44727891156462585 0.9523809523809523 0.44727891156462585 0.8469387755102041 0.445578231292517 0.8452380952380952 0.445578231292517 0.8435374149659864 0.391156462585034 0.8435374149659864 0.38945578231292516 0.8418367346938775 0.38605442176870747 0.8418367346938775 0.3843537414965986 0.8435374149659864 0.19727891156462585 0.8435374149659864 0.195578231292517 0.8418367346938775 0.17857142857142858 0.8418367346938775 0.17687074829931973 0.8435374149659864 0.17006802721088435 0.8435374149659864 0.1683673469387755 0.8418367346938775 0.15816326530612246 0.8418367346938775 0.1564625850340136 0.8435374149659864 0.15306122448979592 0.8435374149659864 0.15306122448979592 0.8537414965986394 0.15136054421768708 0.8554421768707483 0.14965986394557823 0.8554421768707483
1 0 0.6003401360544217 0 0.7040816326530612 0.05952380952380952 0.7040816326530612 0.061224489795918366 0.70578231292517 0.08843537414965986 0.70578231292517 0.09013605442176871 0.7040816326530612 0.09523809523809523 0.7040816326530612 0.09863945578231292 0.7006802721088435 0.10034013605442177 0.7006802721088435 0.10204081632653061 0.6989795918367347 0.10204081632653061 0.6037414965986394 0.10034013605442177 0.6037414965986394 0.09863945578231292 0.6020408163265306 0.09523809523809523 0.6020408163265306 0.0935374149659864 0.6003401360544217
1 0 0.1054421768707483 0 0.2108843537414966 0.06972789115646258 0.2108843537414966 0.07142857142857142 0.21258503401360543 0.07653061224489796 0.21258503401360543 0.0782312925170068 0.2108843537414966 0.09183673469387756 0.2108843537414966 0.0935374149659864 0.20918367346938777 0.09863945578231292 0.20918367346938777 0.09863945578231292 0.12244897959183673 0.10034013605442177 0.12074829931972789 0.10034013605442177 0.11564625850340136 0.09863945578231292 0.11394557823129252 0.09863945578231292 0.11224489795918367 0.09693877551020408 0.11054421768707483 0.09523809523809523 0.11054421768707483 0.0935374149659864 0.10884353741496598 0.08503401360544217 0.10884353741496598 0.08333333333333333 0.10714285714285714 0.061224489795918366 0.10714285714285714 0.05952380952380952 0.1054421768707483
1 0.11904761904761904 0.8384353741496599 0.11564625850340136 0.8418367346938775 0.11564625850340136 0.8435374149659864 0.11054421768707483 0.8486394557823129 0.11054421768707483 0.9387755102040817 0.11224489795918367 0.9404761904761905 0.11734693877551021 0.9404761904761905 0.11904761904761904 0.9421768707482994 0.12755102040816327 0.9421768707482994 0.1292517006802721 0.9438775510204082 0.1360544217687075 0.9438775510204082 0.14285714285714285 0.9506802721088435 0.1564625850340136 0.9506802721088435 0.15816326530612246 0.9489795918367347 0.16156462585034015 0.9489795918367347 0.16326530612244897 0.9472789115646258 0.1649659863945578 0.9472789115646258 0.16326530612244897 0.9472789115646258 0.1598639455782313 0.9438775510204082 0.1598639455782313 0.9421768707482994 0.15816326530612246 0.9404761904761905 0.15816326530612246 0.9387755102040817 0.15306122448979592 0.9336734693877551 0.15306122448979592 0.9200680272108843 0.15476190476190477 0.9183673469387755 0.15306122448979592 0.9166666666666666 0.15306122448979592 0.9115646258503401 0.15136054421768708 0.9098639455782312 0.15136054421768708 0.9081632653061225 0.14965986394557823 0.9064625850340136 0.14965986394557823 0.8979591836734694 0.14795918367346939 0.8962585034013606 0.14795918367346939 0.8945578231292517 0.1445578231292517 0.891156462585034 0.1445578231292517 0.8894557823129252 0.14285714285714285 0.8894557823129252 0.13945578231292516 0.8860544217687075 0.13945578231292516 0.8809523809523809 0.1377551020408163 0.8792517006802721 0.1377551020408163 0.8775510204081632 0.1360544217687075 0.8758503401360545 0.1360544217687075 0.8707482993197279 0.12585034013605442 0.8605442176870748 0.12414965986394558 0.8605442176870748 0.12244897959183673 0.858843537414966 0.12244897959183673 0.8537414965986394 0.12414965986394558 0.8520408163265306 0.12585034013605442 0.8520408163265306 0.12585034013605442 0.8503401360544217 0.12755102040816327 0.8486394557823129 0.1292517006802721 0.8486394557823129 0.1326530612244898 0.8452380952380952 0.1326530612244898 0.8435374149659864 0.13435374149659865 0.8418367346938775 0.1360544217687075 0.8418367346938775 0.13435374149659865 0.8401360544217688 0.1326530612244898 0.8401360544217688 0.13095238095238096 0.8384353741496599
2 0.1326530612244898 0.8248299319727891 0.1326530612244898 0.8316326530612245 0.13435374149659865 0.8333333333333334 0.13435374149659865 0.8367346938775511 0.1360544217687075 0.8384353741496599 0.1360544217687075 0.8401360544217688 0.1377551020408163 0.8418367346938775 0.1360544217687075 0.8435374149659864 0.13435374149659865 0.8435374149659864 0.13435374149659865 0.8452380952380952 0.1292517006802721 0.8503401360544217 0.12755102040816327 0.8503401360544217 0.12755102040816327 0.8520408163265306 0.12585034013605442 0.8537414965986394 0.12414965986394558 0.8537414965986394 0.12414965986394558 0.858843537414966 0.12585034013605442 0.858843537414966 0.1377551020408163 0.8707482993197279 0.1377551020408163 0.8758503401360545 0.13945578231292516 0.8775510204081632 0.13945578231292516 0.8792517006802721 0.141156462585034 0.8809523809523809 0.141156462585034 0.8860544217687075 0.14285714285714285 0.8877551020408163 0.1445578231292517 0.8877551020408163 0.14625850340136054 0.8894557823129252 0.14625850340136054 0.891156462585034 0.14965986394557823 0.8945578231292517 0.14965986394557823 0.8962585034013606 0.15136054421768708 0.8979591836734694 0.15136054421768708 0.9064625850340136 0.15306122448979592 0.9081632653061225 0.15306122448979592 0.9098639455782312 0.15476190476190477 0.9115646258503401 0.15476190476190477 0.9166666666666666 0.1564625850340136 0.9183673469387755 0.15476190476190477 0.9200680272108843 0.15476190476190477 0.9336734693877551 0.1598639455782313 0.9387755102040817 0.1598639455782313 0.9404761904761905 0.16156462585034015 0.9421768707482994 0.16156462585034015 0.9438775510204082 0.16326530612244897 0.9455782312925171 0.1870748299319728 0.9455782312925171 0.1870748299319728 0.9421768707482994 0.18197278911564627 0.9370748299319728 0.18027210884353742 0.9370748299319728 0.17857142857142858 0.935374149659864 0.17687074829931973 0.935374149659864 0.17517006802721088 0.9336734693877551 0.17346938775510204 0.9336734693877551 0.1717687074829932 0.9319727891156463 0.1717687074829932 0.9302721088435374 0.17006802721088435 0.9285714285714286 0.1717687074829932 0.9268707482993197 0.1717687074829932 0.9200680272108843 0.17006802721088435 0.9183673469387755 0.17006802721088435 0.9149659863945578 0.16666666666666666 0.9115646258503401 0.16666666666666666 0.9047619047619048 0.1649659863945578 0.9030612244897959 0.1649659863945578 0.8979591836734694 0.16326530612244897 0.8962585034013606 0.16326530612244897 0.8945578231292517 0.16156462585034015 0.8928571428571429 0.16156462585034015 0.891156462585034 0.15816326530612246 0.8877551020408163 0.15816326530612246 0.8860544217687075 0.15476190476190477 0.8826530612244898 0.15476190476190477 0.8809523809523809 0.15306122448979592 0.8792517006802721 0.15306122448979592 0.8741496598639455 0.15136054421768708 0.8724489795918368 0.15136054421768708 0.8690476190476191 0.14795918367346939 0.8656462585034014 0.14795918367346939 0.8639455782312925 0.1445578231292517 0.8605442176870748 0.1445578231292517 0.858843537414966 0.14965986394557823 0.8537414965986394 0.15136054421768708 0.8537414965986394 0.15136054421768708 0.8418367346938775 0.14965986394557823 0.8401360544217688 0.14965986394557823 0.8384353741496599 0.15136054421768708 0.8367346938775511 0.15136054421768708 0.8299319727891157 0.15306122448979592 0.8282312925170068 0.15306122448979592 0.8248299319727891
2 0.19047619047619047 0.3469387755102041 0.1870748299319728 0.3469387755102041 0.18537414965986396 0.3486394557823129 0.18537414965986396 0.36054421768707484 0.1870748299319728 0.3622448979591837 0.1870748299319728 0.3673469387755102 0.18877551020408162 0.36904761904761907 0.18877551020408162 0.3707482993197279 0.1921768707482993 0.3741496598639456 0.1921768707482993 0.3843537414965986 0.19047619047619047 0.38605442176870747 0.19047619047619047 0.3877551020408163 0.1870748299319728 0.391156462585034 0.1870748299319728 0.39625850340136054 0.18537414965986396 0.3979591836734694 0.18537414965986396 0.39965986394557823 0.1836734693877551 0.4013605442176871 0.1836734693877551 0.40476190476190477 0.18197278911564627 0.4064625850340136 0.18197278911564627 0.4098639455782313 0.18027210884353742 0.41156462585034015 0.18027210884353742 0.413265306122449 0.17687074829931973 0.4166666666666667 0.17687074829931973 0.41836734693877553 0.17346938775510204 0.4217687074829932 0.17006802721088435 0.4217687074829932 0.17006802721088435 0.42346938775510207 0.1649659863945578 0.42857142857142855 0.1649659863945578 0.4336734693877551 0.1683673469387755 0.4370748299319728 0.1683673469387755 0.4387755102040816 0.1717687074829932 0.4387755102040816 0.17346938775510204 0.4370748299319728 0.17517006802721088 0.4370748299319728 0.17517006802721088 0.42857142857142855 0.18027210884353742 0.42346938775510207 0.18027210884353742 0.4200680272108844 0.1836734693877551 0.4166666666666667 0.1836734693877551 0.41496598639455784 0.18537414965986396 0.413265306122449 0.18537414965986396 0.41156462585034015 0.1870748299319728 0.4098639455782313 0.1870748299319728 0.40476190476190477 0.18877551020408162 0.4030612244897959 0.18877551020408162 0.39965986394557823 0.19047619047619047 0.3979591836734694 0.19047619047619047 0.3945578231292517 0.195578231292517 0.38945578231292516 0.195578231292517 0.3877551020408163 0.19727891156462585 0.38605442176870747 0.19727891156462585 0.3843537414965986 0.1989795918367347 0.3826530612244898 0.20068027210884354 0.3826530612244898 0.20238095238095238 0.3843537414965986 0.20238095238095238 0.38605442176870747 0.20408163265306123 0.3877551020408163 0.20408163265306123 0.39285714285714285 0.20578231292517007 0.3945578231292517 0.20578231292517007 0.39625850340136054 0.20748299319727892 0.3979591836734694 0.20748299319727892 0.39965986394557823 0.20918367346938777 0.39965986394557823 0.2108843537414966 0.4013605442176871 0.2108843537414966 0.4030612244897959 0.21258503401360543 0.40476190476190477 0.21258503401360543 0.4064625850340136 0.21428571428571427 0.40816326530612246 0.21428571428571427 0.4166666666666667 0.21598639455782312 0.41836734693877553 0.21598639455782312 0.42346938775510207 0.2193877551020408 0.42346938775510207 0.22108843537414966 0.4217687074829932 0.2227891156462585 0.4217687074829932 0.22448979591836735 0.4200680272108844 0.22448979591836735 0.41836734693877553 0.2261904761904762 0.4166666666666667 0.2261904761904762 0.40816326530612246 0.22108843537414966 0.40816326530612246 0.2193877551020408 0.4064625850340136 0.2193877551020408 0.40476190476190477 0.21428571428571427 0.39965986394557823 0.21428571428571427 0.3979591836734694 0.2108843537414966 0.3945578231292517 0.2108843537414966 0.39285714285714285 0.20748299319727892 0.38945578231292516 0.20748299319727892 0.3826530612244898 0.20578231292517007 0.38095238095238093 0.20578231292517007 0.3792517006802721 0.20408163265306123 0.37755102040816324 0.20238095238095238 0.37755102040816324 0.20068027210884354 0.3758503401360544 0.20068027210884354 0.3741496598639456 0.1989795918367347 0.37244897959183676 0.1989795918367347 0.3707482993197279 0.195578231292517 0.3673469387755102 0.195578231292517 0.3622448979591837 0.19727891156462585 0.36054421768707484 0.19727891156462585 0.3520408163265306 0.19387755102040816 0.3486394557823129 0.1921768707482993 0.3486394557823129
2 0.564625850340136 0.09523809523809523 0.5561224489795918 0.09523809523809523 0.5561224489795918 0.09863945578231292 0.5578231292517006 0.10034013605442177 0.5578231292517006 0.11054421768707483 0.5595238095238095 0.11224489795918367 0.5595238095238095 0.11394557823129252 0.5612244897959183 0.11564625850340136 0.5612244897959183 0.11734693877551021 0.5629251700680272 0.11904761904761904 0.5629251700680272 0.12414965986394558 0.564625850340136 0.12585034013605442 0.564625850340136 0.12755102040816327 0.5629251700680272 0.1292517006802721 0.5629251700680272 0.13095238095238096 0.5612244897959183 0.1326530612244898 0.5612244897959183 0.13435374149659865 0.5595238095238095 0.1360544217687075 0.5595238095238095 0.13945578231292516 0.5578231292517006 0.141156462585034 0.5578231292517006 0.1445578231292517 0.5561224489795918 0.14625850340136054 0.5561224489795918 0.14965986394557823 0.5527210884353742 0.15306122448979592 0.5527210884353742 0.15476190476190477 0.5510204081632653 0.1564625850340136 0.5510204081632653 0.15816326530612246 0.5493197278911565 0.1598639455782313 0.5476190476190477 0.1598639455782313 0.5459183673469388 0.16156462585034015 0.5459183673469388 0.16326530612244897 0.5425170068027211 0.16666666666666666 0.5408163265306123 0.16666666666666666 0.5357142857142857 0.1717687074829932 0.5357142857142857 0.18027210884353742 0.5391156462585034 0.1836734693877551 0.5391156462585034 0.18537414965986396 0.5425170068027211 0.18537414965986396 0.54421768707483 0.1836734693877551 0.54421768707483 0.17346938775510204 0.5493197278911565 0.1683673469387755 0.5493197278911565 0.16666666666666666 0.5510204081632653 0.1649659863945578 0.5527210884353742 0.1649659863945578 0.5527210884353742 0.16326530612244897 0.5561224489795918 0.1598639455782313 0.5561224489795918 0.1564625850340136 0.5595238095238095 0.15306122448979592 0.5595238095238095 0.14795918367346939 0.5612244897959183 0.14625850340136054 0.5612244897959183 0.14285714285714285 0.5629251700680272 0.141156462585034 0.5629251700680272 0.13945578231292516 0.5663265306122449 0.1360544217687075 0.5663265306122449 0.13435374149659865 0.5680272108843537 0.1326530612244898 0.5680272108843537 0.1292517006802721 0.5697278911564626 0.12755102040816327 0.5714285714285714 0.12755102040816327 0.5731292517006803 0.1292517006802721 0.5731292517006803 0.1326530612244898 0.5748299319727891 0.13435374149659865 0.5748299319727891 0.13945578231292516 0.576530612244898 0.141156462585034 0.576530612244898 0.14285714285714285 0.5782312925170068 0.1445578231292517 0.5782312925170068 0.14625850340136054 0.5816326530612245 0.14965986394557823 0.5816326530612245 0.15136054421768708 0.5850340136054422 0.15476190476190477 0.5850340136054422 0.1598639455782313 0.5867346938775511 0.16156462585034015 0.5867346938775511 0.1683673469387755 0.5901360544217688 0.1683673469387755 0.5935374149659864 0.1649659863945578 0.5935374149659864 0.16326530612244897 0.5952380952380952 0.16156462585034015 0.5952380952380952 0.15476190476190477 0.5935374149659864 0.15476190476190477 0.5850340136054422 0.14625850340136054 0.5850340136054422 0.1445578231292517 0.5816326530612245 0.141156462585034 0.5816326530612245 0.13945578231292516 0.5799319727891157 0.1377551020408163 0.5799319727891157 0.1360544217687075 0.5782312925170068 0.13435374149659865 0.5782312925170068 0.1292517006802721 0.576530612244898 0.12755102040816327 0.576530612244898 0.12414965986394558 0.5748299319727891 0.12244897959183673 0.5731292517006803 0.12244897959183673 0.5714285714285714 0.12074829931972789 0.5714285714285714 0.11904761904761904 0.5697278911564626 0.11734693877551021 0.5697278911564626 0.11564625850340136 0.564625850340136 0.11054421768707483 0.5680272108843537 0.10714285714285714 0.5680272108843537 0.1054421768707483 0.5697278911564626 0.10374149659863946 0.5697278911564626 0.10034013605442177
2 0.9982993197278912 0 0.9965986394557823 0 0.9965986394557823 0.0017006802721088435 0.9880952380952381 0.01020408163265306 0.9880952380952381 0.023809523809523808 0.9897959183673469 0.025510204081632654 0.9897959183673469 0.027210884353741496 0.9931972789115646 0.027210884353741496 0.9948979591836735 0.02891156462585034 0.9948979591836735 0.03231292517006803 0.9965986394557823 0.034013605442176874 0.9948979591836735 0.03571428571428571 0.9914965986394558 0.03571428571428571 0.9914965986394558 0.03741496598639456 0.9897959183673469 0.0391156462585034 0.9897959183673469 0.04251700680272109 0.9880952380952381 0.04421768707482993 0.9863945578231292 0.04421768707482993 0.9863945578231292 0.05102040816326531 0.9829931972789115 0.05442176870748299 0.9812925170068028 0.05272108843537415 0.9778911564625851 0.05272108843537415 0.9761904761904762 0.05102040816326531 0.9727891156462585 0.05102040816326531 0.9710884353741497 0.04931972789115646 0.967687074829932 0.04931972789115646 0.9574829931972789 0.05952380952380952 0.9540816326530612 0.05952380952380952 0.9523809523809523 0.05782312925170068 0.9523809523809523 0.05612244897959184 0.9506802721088435 0.05442176870748299 0.9455782312925171 0.05442176870748299 0.9455782312925171 0.05782312925170068 0.9438775510204082 0.05952380952380952 0.9404761904761905 0.05952380952380952 0.9387755102040817 0.061224489795918366 0.9319727891156463 0.061224489795918366 0.9268707482993197 0.0663265306122449 0.9268707482993197 0.06972789115646258 0.9251700680272109 0.07142857142857142 0.9217687074829932 0.06802721088435375 0.9200680272108843 0.06802721088435375 0.9183673469387755 0.0663265306122449 0.9183673469387755 0.061224489795918366 0.9166666666666666 0.05952380952380952 0.9166666666666666 0.05782312925170068 0.9132653061224489 0.05442176870748299 0.9098639455782312 0.05442176870748299 0.9098639455782312 0.05952380952380952 0.9115646258503401 0.061224489795918366 0.9115646258503401 0.0663265306122449 0.9166666666666666 0.0663265306122449 0.9183673469387755 0.06802721088435375 0.9183673469387755 0.07312925170068027 0.9217687074829932 0.07312925170068027 0.923469387755102 0.07482993197278912 0.9251700680272109 0.07312925170068027 0.9268707482993197 0.07312925170068027 0.9285714285714286 0.07142857142857142 0.9302721088435374 0.07142857142857142 0.9302721088435374 0.06972789115646258 0.9319727891156463 0.06802721088435375 0.9336734693877551 0.06972789115646258 0.9387755102040817 0.06972789115646258 0.9404761904761905 0.06802721088435375 0.9438775510204082 0.06802721088435375 0.9472789115646258 0.06462585034013606 0.95578231292517 0.06462585034013606 0.9574829931972789 0.06292517006802721 0.9591836734693877 0.06292517006802721 0.9608843537414966 0.061224489795918366 0.9625850340136054 0.061224489795918366 0.967687074829932 0.05612244897959184 0.9693877551020408 0.05612244897959184 0.9710884353741497 0.05442176870748299 0.9744897959183674 0.05442176870748299 0.9778911564625851 0.05782312925170068 0.9863945578231292 0.05782312925170068 0.9897959183673469 0.05442176870748299 0.9914965986394558 0.05442176870748299 0.9914965986394558 0.04591836734693878 0.9931972789115646 0.04421768707482993 0.9931972789115646 0.04081632653061224 0.9948979591836735 0.0391156462585034 0.9982993197278912 0.0391156462585034 0.9982993197278912 0.02891156462585034 0.9965986394557823 0.02891156462585034 0.9948979591836735 0.027210884353741496 0.9948979591836735 0.023809523809523808 0.9931972789115646 0.022108843537414966 0.9931972789115646 0.015306122448979591 0.9914965986394558 0.013605442176870748 0.9948979591836735 0.01020408163265306 0.9965986394557823 0.01020408163265306 0.9982993197278912 0.008503401360544218
2 0.9982993197278912 0.26360544217687076 0.9948979591836735 0.26360544217687076 0.9931972789115646 0.2653061224489796 0.9931972789115646 0.2755102040816326 0.9948979591836735 0.27721088435374147 0.9948979591836735 0.28401360544217685 0.9965986394557823 0.2857142857142857 0.9965986394557823 0.2891156462585034 0.9948979591836735 0.29081632653061223 0.9931972789115646 0.29081632653061223 0.9863945578231292 0.2976190476190476 0.9863945578231292 0.30272108843537415 0.9846938775510204 0.304421768707483 0.9846938775510204 0.30612244897959184 0.9829931972789115 0.3078231292517007 0.9812925170068028 0.3078231292517007 0.9795918367346939 0.30952380952380953 0.9710884353741497 0.30952380952380953 0.967687074829932 0.3129251700680272 0.967687074829932 0.31462585034013607 0.9659863945578231 0.3163265306122449 0.9642857142857143 0.31462585034013607 0.9625850340136054 0.31462585034013607 0.9608843537414966 0.3163265306122449 0.9574829931972789 0.3163265306122449 0.9540816326530612 0.3197278911564626 0.9523809523809523 0.3197278911564626 0.9489795918367347 0.3231292517006803 0.9472789115646258 0.32142857142857145 0.9438775510204082 0.32142857142857145 0.9421768707482994 0.3197278911564626 0.9387755102040817 0.3197278911564626 0.9370748299319728 0.31802721088435376 0.9302721088435374 0.31802721088435376 0.9251700680272109 0.3231292517006803 0.923469387755102 0.3231292517006803 0.9217687074829932 0.32482993197278914 0.9200680272108843 0.3231292517006803 0.9200680272108843 0.3163265306122449 0.9183673469387755 0.3163265306122449 0.9166666666666666 0.31462585034013607 0.9166666666666666 0.30952380952380953 0.9149659863945578 0.3078231292517007 0.9132653061224489 0.3078231292517007 0.9115646258503401 0.30612244897959184 0.9064625850340136 0.30612244897959184 0.9064625850340136 0.30952380952380953 0.9098639455782312 0.3129251700680272 0.9098639455782312 0.31802721088435376 0.9115646258503401 0.3197278911564626 0.9132653061224489 0.3197278911564626 0.9149659863945578 0.32142857142857145 0.9132653061224489 0.3231292517006803 0.9098639455782312 0.3231292517006803 0.9098639455782312 0.32653061224489793 0.9183673469387755 0.32653061224489793 0.9200680272108843 0.3282312925170068 0.923469387755102 0.3282312925170068 0.9251700680272109 0.32653061224489793 0.9285714285714286 0.32653061224489793 0.9302721088435374 0.32482993197278914 0.9319727891156463 0.32653061224489793 0.9438775510204082 0.32653061224489793 0.9455782312925171 0.3282312925170068 0.9506802721088435 0.3282312925170068 0.9523809523809523 0.32653061224489793 0.9540816326530612 0.32653061224489793 0.95578231292517 0.32482993197278914 0.95578231292517 0.3231292517006803 0.9574829931972789 0.32142857142857145 0.9608843537414966 0.32142857142857145 0.9642857142857143 0.31802721088435376 0.9659863945578231 0.3197278911564626 0.967687074829932 0.3197278911564626 0.9693877551020408 0.31802721088435376 0.9727891156462585 0.31802721088435376 0.9727891156462585 0.3163265306122449 0.9744897959183674 0.31462585034013607 0.9812925170068028 0.31462585034013607 0.9829931972789115 0.3129251700680272 0.9846938775510204 0.3129251700680272 0.9880952380952381 0.30952380952380953 0.9897959183673469 0.30952380952380953 0.9897959183673469 0.3010204081632653 0.9914965986394558 0.29931972789115646 0.9931972789115646 0.29931972789115646 0.9931972789115646 0.2976190476190476 0.9948979591836735 0.29591836734693877 0.9965986394557823 0.29591836734693877 0.9965986394557823 0.2925170068027211 0.9982993197278912 0.29081632653061223 0.9982993197278912 0.27040816326530615 0.9965986394557823 0.2687074829931973 0.9982993197278912 0.26700680272108845
2 0.18197278911564627 0.6343537414965986 0.18027210884353742 0.6343537414965986 0.17857142857142858 0.6326530612244898 0.17517006802721088 0.6326530612244898 0.17346938775510204 0.6309523809523809 0.17006802721088435 0.6309523809523809 0.1683673469387755 0.6292517006802721 0.16666666666666666 0.6292517006802721 0.1649659863945578 0.6275510204081632 0.1649659863945578 0.6258503401360545 0.16326530612244897 0.6241496598639455 0.15136054421768708 0.6241496598639455 0.14965986394557823 0.6258503401360545 0.14965986394557823 0.6275510204081632 0.14795918367346939 0.6292517006802721 0.1445578231292517 0.6292517006802721 0.1445578231292517 0.6309523809523809 0.1377551020408163 0.6377551020408163 0.1377551020408163 0.6394557823129252 0.13435374149659865 0.6428571428571429 0.13435374149659865 0.6445578231292517 0.1326530612244898 0.6462585034013606 0.12755102040816327 0.6462585034013606 0.12585034013605442 0.6479591836734694 0.12244897959183673 0.6479591836734694 0.11904761904761904 0.6445578231292517 0.11904761904761904 0.6360544217687075 0.11224489795918367 0.6360544217687075 0.11224489795918367 0.6394557823129252 0.11564625850340136 0.6428571428571429 0.11564625850340136 0.6513605442176871 0.12244897959183673 0.6513605442176871 0.12414965986394558 0.6530612244897959 0.12755102040816327 0.6530612244897959 0.1292517006802721 0.6547619047619048 0.13095238095238096 0.6547619047619048 0.1326530612244898 0.6564625850340136 0.13435374149659865 0.6564625850340136 0.1360544217687075 0.6581632653061225 0.1360544217687075 0.6598639455782312 0.1377551020408163 0.6598639455782312 0.13945578231292516 0.6615646258503401 0.13945578231292516 0.6649659863945578 0.141156462585034 0.6666666666666666 0.141156462585034 0.6683673469387755 0.14285714285714285 0.6700680272108843 0.1445578231292517 0.6700680272108843 0.14625850340136054 0.6717687074829932 0.15136054421768708 0.6717687074829932 0.15136054421768708 0.6683673469387755 0.14965986394557823 0.6666666666666666 0.14795918367346939 0.6666666666666666 0.1445578231292517 0.6632653061224489 0.1445578231292517 0.6615646258503401 0.14285714285714285 0.6598639455782312 0.14285714285714285 0.6581632653061225 0.13945578231292516 0.6547619047619048 0.1377551020408163 0.6547619047619048 0.1360544217687075 0.6530612244897959 0.13435374149659865 0.6530612244897959 0.1326530612244898 0.6513605442176871 0.13435374149659865 0.6496598639455783 0.1377551020408163 0.6496598639455783 0.13945578231292516 0.6479591836734694 0.13945578231292516 0.6445578231292517 0.14285714285714285 0.641156462585034 0.14285714285714285 0.6394557823129252 0.14625850340136054 0.6360544217687075 0.15136054421768708 0.6360544217687075 0.15136054421768708 0.6343537414965986 0.15306122448979592 0.6326530612244898 0.15306122448979592 0.6309523809523809 0.15476190476190477 0.6292517006802721 0.1598639455782313 0.6292517006802721 0.16666666666666666 0.6360544217687075 0.1717687074829932 0.6360544217687075 0.17346938775510204 0.6343537414965986 0.17517006802721088 0.6343537414965986 0.17857142857142858 0.6377551020408163 0.17857142857142858 0.6394557823129252 0.18197278911564627 0.6394557823129252
2 0.23299319727891157 0.95578231292517 0.23299319727891157 0.9591836734693877 0.27040816326530615 0.9591836734693877 0.27380952380952384 0.9625850340136054 0.2755102040816326 0.9625850340136054 0.28061224489795916 0.967687074829932 0.28061224489795916 0.9982993197278912 0.29591836734693877 0.9982993197278912 0.2925170068027211 0.9948979591836735 0.29081632653061223 0.9948979591836735 0.2891156462585034 0.9931972789115646 0.2891156462585034 0.9659863945578231 0.28741496598639454 0.9659863945578231 0.2857142857142857 0.9642857142857143 0.28401360544217685 0.9642857142857143 0.28061224489795916 0.9608843537414966 0.2789115646258503 0.9608843537414966 0.27380952380952384 0.95578231292517
2 0.25170068027210885 0.09863945578231292 0.2465986394557823 0.09863945578231292 0.24489795918367346 0.10034013605442177 0.23979591836734693 0.10034013605442177 0.23809523809523808 0.10204081632653061 0.23639455782312926 0.10204081632653061 0.23469387755102042 0.10374149659863946 0.22789115646258504 0.10374149659863946 0.2261904761904762 0.1054421768707483 0.22108843537414966 0.1054421768707483 0.2193877551020408 0.10714285714285714 0.21258503401360543 0.10714285714285714 0.2108843537414966 0.10884353741496598 0.1989795918367347 0.10884353741496598 0.19727891156462585 0.10714285714285714 0.1921768707482993 0.10714285714285714 0.19047619047619047 0.10884353741496598 0.17006802721088435 0.10884353741496598 0.17006802721088435 0.11224489795918367 0.17857142857142858 0.11224489795918367 0.18027210884353742 0.11394557823129252 0.1870748299319728 0.11394557823129252 0.18877551020408162 0.11224489795918367 0.21598639455782312 0.11224489795918367 0.21768707482993196 0.11054421768707483 0.22448979591836735 0.11054421768707483 0.2261904761904762 0.10884353741496598 0.23299319727891157 0.10884353741496598 0.23469387755102042 0.10714285714285714 0.23809523809523808 0.10714285714285714 0.23979591836734693 0.1054421768707483 0.2465986394557823 0.1054421768707483 0.24829931972789115 0.10374149659863946 0.25 0.10374149659863946 0.25170068027210885 0.10204081632653061
2 0.8333333333333334 0.09863945578231292 0.8333333333333334 0.10374149659863946 0.8350340136054422 0.1054421768707483 0.8350340136054422 0.10884353741496598 0.8367346938775511 0.11054421768707483 0.8384353741496599 0.11054421768707483 0.8435374149659864 0.11564625850340136 0.8469387755102041 0.11564625850340136 0.8486394557823129 0.11734693877551021 0.858843537414966 0.11734693877551021 0.8605442176870748 0.11904761904761904 0.8622448979591837 0.11904761904761904 0.8656462585034014 0.12244897959183673 0.8673469387755102 0.12244897959183673 0.8690476190476191 0.12414965986394558 0.8690476190476191 0.12755102040816327 0.8707482993197279 0.1292517006802721 0.8707482993197279 0.13095238095238096 0.8724489795918368 0.13095238095238096 0.8758503401360545 0.13435374149659865 0.8792517006802721 0.13435374149659865 0.8809523809523809 0.1360544217687075 0.8860544217687075 0.1360544217687075 0.8860544217687075 0.13095238095238096 0.8843537414965986 0.13095238095238096 0.8826530612244898 0.1292517006802721 0.8792517006802721 0.1292517006802721 0.8775510204081632 0.12755102040816327 0.8775510204081632 0.12585034013605442 0.8758503401360545 0.12414965986394558 0.8741496598639455 0.12414965986394558 0.8724489795918368 0.12244897959183673 0.8724489795918368 0.11904761904761904 0.8707482993197279 0.11734693877551021 0.8690476190476191 0.11734693877551021 0.8656462585034014 0.11394557823129252 0.8571428571428571 0.11394557823129252 0.8554421768707483 0.11224489795918367 0.8520408163265306 0.11224489795918367 0.8503401360544217 0.11054421768707483 0.8486394557823129 0.11054421768707483 0.8469387755102041 0.10884353741496598 0.8452380952380952 0.10884353741496598 0.8435374149659864 0.10714285714285714 0.8418367346938775 0.10714285714285714 0.8384353741496599 0.10374149659863946 0.8384353741496599 0.10034013605442177 0.8367346938775511 0.09863945578231292
2 0 0.47619047619047616 0 0.4914965986394558 0.0017006802721088435 0.4914965986394558 0.003401360544217687 0.4931972789115646 0.003401360544217687 0.49829931972789115 0.00510204081632653 0.5 0.00510204081632653 0.5034013605442177 0.006802721088435374 0.5051020408163265 0.006802721088435374 0.5085034013605442 0.01020408163265306 0.5119047619047619 0.01020408163265306 0.5136054421768708 0.011904761904761904 0.5153061224489796 0.011904761904761904 0.5170068027210885 0.015306122448979591 0.5204081632653061 0.015306122448979591 0.5221088435374149 0.02040816326530612 0.5272108843537415 0.02040816326530612 0.532312925170068 0.022108843537414966 0.5340136054421769 0.022108843537414966 0.5374149659863946 0.023809523809523808 0.5374149659863946 0.025510204081632654 0.5391156462585034 0.025510204081632654 0.5425170068027211 0.027210884353741496 0.54421768707483 0.030612244897959183 0.54421768707483 0.030612244897959183 0.5391156462585034 0.02891156462585034 0.5391156462585034 0.027210884353741496 0.5374149659863946 0.027210884353741496 0.5340136054421769 0.025510204081632654 0.532312925170068 0.025510204081632654 0.5289115646258503 0.023809523809523808 0.5272108843537415 0.023809523809523808 0.5255102040816326 0.022108843537414966 0.5238095238095238 0.022108843537414966 0.5221088435374149 0.02040816326530612 0.5204081632653061 0.02040816326530612 0.5187074829931972 0.01870748299319728 0.5187074829931972 0.017006802721088437 0.5170068027210885 0.017006802721088437 0.5136054421768708 0.015306122448979591 0.5119047619047619 0.015306122448979591 0.5102040816326531 0.011904761904761904 0.5068027210884354 0.011904761904761904 0.5051020408163265 0.01020408163265306 0.5034013605442177 0.01020408163265306 0.5017006802721088 0.006802721088435374 0.49829931972789115 0.006802721088435374 0.4931972789115646 0.00510204081632653 0.4931972789115646 0.003401360544217687 0.4914965986394558 0.003401360544217687 0.4846938775510204 0 0.4812925170068027
2 0.6224489795918368 0.28741496598639454 0.6224489795918368 0.29081632653061223 0.6241496598639455 0.29081632653061223 0.6258503401360545 0.2925170068027211 0.6258503401360545 0.2942176870748299 0.6275510204081632 0.2942176870748299 0.6292517006802721 0.29591836734693877 0.6292517006802721 0.29931972789115646 0.6309523809523809 0.3010204081632653 0.6343537414965986 0.3010204081632653 0.6343537414965986 0.29591836734693877 0.6326530612244898 0.2942176870748299 0.6326530612244898 0.29081632653061223 0.6292517006802721 0.29081632653061223 0.6275510204081632 0.2891156462585034 0.6275510204081632 0.28741496598639454
2 0.16326530612244897 0.9982993197278912 0.17517006802721088 0.9982993197278912 0.17517006802721088 0.9948979591836735 0.17346938775510204 0.9948979591836735 0.1717687074829932 0.9931972789115646 0.16666666666666666 0.9931972789115646 0.1649659863945578 0.9948979591836735 0.1649659863945578 0.9965986394557823