0 0.5133587786259542 0.7786259541984732 0.5133587786259542 0.8835877862595419 0.5152671755725191 0.8854961832061069 0.5152671755725191 0.8893129770992366 0.517175572519084 0.8912213740458015 0.666030534351145 0.8912213740458015 0.6679389312977099 0.8893129770992366 0.8072519083969466 0.8893129770992366 0.8091603053435115 0.8912213740458015 0.816793893129771 0.8912213740458015 0.8187022900763359 0.8893129770992366 0.8225190839694656 0.8893129770992366 0.8244274809160306 0.8912213740458015 0.8664122137404581 0.8912213740458015 0.8683206106870229 0.8893129770992366 0.8759541984732825 0.8893129770992366 0.8778625954198473 0.8874045801526718 0.8778625954198473 0.7843511450381679 0.8759541984732825 0.7824427480916031 0.8759541984732825 0.7805343511450382 0.8721374045801527 0.7767175572519084 0.6526717557251909 0.7767175572519084 0.6507633587786259 0.7786259541984732 0.5725190839694656 0.7786259541984732 0.5706106870229007 0.7767175572519084 0.5534351145038168 0.7767175572519084 0.5515267175572519 0.7786259541984732
0 0.5152671755725191 0 0.5152671755725191 0.0057251908396946565 0.5133587786259542 0.007633587786259542 0.5133587786259542 0.009541984732824428 0.5152671755725191 0.011450381679389313 0.5152671755725191 0.04198473282442748 0.5133587786259542 0.04389312977099236 0.5133587786259542 0.09732824427480916 0.5152671755725191 0.09923664122137404 0.5152671755725191 0.11068702290076336 0.5267175572519084 0.11068702290076336 0.5286259541984732 0.11259541984732824 0.5553435114503816 0.11259541984732824 0.5572519083969466 0.11068702290076336 0.5763358778625954 0.11068702290076336 0.5782442748091603 0.11259541984732824 0.6221374045801527 0.11259541984732824 0.6240458015267175 0.11068702290076336 0.6278625954198473 0.11068702290076336 0.6297709923664122 0.11259541984732824 0.6450381679389313 0.11259541984732824 0.6469465648854962 0.11068702290076336 0.6603053435114504 0.11068702290076336 0.6622137404580153 0.11259541984732824 0.700381679389313 0.11259541984732824 0.7022900763358778 0.11068702290076336 0.7977099236641222 0.11068702290076336 0.799618320610687 0.11259541984732824 0.8721374045801527 0.11259541984732824 0.8740458015267175 0.11068702290076336 0.8759541984732825 0.11068702290076336 0.8778625954198473 0.10877862595419847 0.8778625954198473 0.03816793893129771 0.8797709923664122 0.03625954198473282 0.8797709923664122 0.022900763358778626 0.8778625954198473 0.02099236641221374 0.8778625954198473 0.01717557251908397 0.8797709923664122 0.015267175572519083 0.8797709923664122 0.013358778625954198 0.8778625954198473 0.011450381679389313 0.8778625954198473 0
0 0.5973282442748091 0.6526717557251909 0.5954198473282443 0.6507633587786259 0.5935114503816794 0.6507633587786259 0.5916030534351145 0.648854961832061 0.583969465648855 0.648854961832061 0.5820610687022901 0.6507633587786259 0.38549618320610685 0.6507633587786259 0.383587786259542 0.6526717557251909 0.3816793893129771 0.6526717557251909 0.3797709923664122 0.6507633587786259 0.3511450381679389 0.6507633587786259 0.34923664122137404 0.6526717557251909 0.2729007633587786 0.6526717557251909 0.27099236641221375 0.6507633587786259 0.2652671755725191 0.6507633587786259 0.2633587786259542 0.6526717557251909 0.2366412213740458 0.6526717557251909 0.23473282442748092 0.6545801526717557 0.23473282442748092 0.7633587786259542 0.2366412213740458 0.7633587786259542 0.2385496183206107 0.7652671755725191 0.26145038167938933 0.7652671755725191 0.2633587786259542 0.7633587786259542 0.4064885496183206 0.7633587786259542 0.4083969465648855 0.7614503816793893 0.43320610687022904 0.7614503816793893 0.4351145038167939 0.7633587786259542 0.44274809160305345 0.7633587786259542 0.4446564885496183 0.7614503816793893 0.4713740458015267 0.7614503816793893 0.4732824427480916 0.7633587786259542 0.48854961832061067 0.7633587786259542 0.4904580152671756 0.7614503816793893 0.5954198473282443 0.7614503816793893 0.5973282442748091 0.7595419847328244
0 0.23091603053435114 0.3893129770992366 0.23091603053435114 0.4389312977099237 0.22900763358778625 0.44083969465648853 0.22900763358778625 0.4961832061068702 0.23091603053435114 0.49809160305343514 0.44083969465648853 0.49809160305343514 0.44274809160305345 0.5 0.46564885496183206 0.5 0.4675572519083969 0.49809160305343514 0.4732824427480916 0.49809160305343514 0.4751908396946565 0.5 0.5896946564885496 0.5 0.5916030534351145 0.49809160305343514 0.5916030534351145 0.3969465648854962 0.5935114503816794 0.3950381679389313 0.5896946564885496 0.39122137404580154 0.4389312977099237 0.39122137404580154 0.43702290076335876 0.3893129770992366 0.4255725190839695 0.3893129770992366 0.42366412213740456 0.39122137404580154 0.3950381679389313 0.39122137404580154 0.3931297709923664 0.3893129770992366 0.36450381679389315 0.3893129770992366 0.36259541984732824 0.39122137404580154 0.3511450381679389 0.39122137404580154 0.34923664122137404 0.3893129770992366
0 0.8759541984732825 0.5209923664122137 0.8740458015267175 0.5190839694656488 0.8473282442748091 0.5190839694656488 0.8454198473282443 0.517175572519084 0.8301526717557252 0.517175572519084 0.8320610687022901 0.5190839694656488 0.8301526717557252 0.5209923664122137 0.8301526717557252 0.5248091603053435 0.8282442748091603 0.5267175572519084 0.8301526717557252 0.5286259541984732 0.8301526717557252 0.5305343511450382 0.833969465648855 0.5305343511450382 0.8396946564885496 0.5362595419847328 0.8358778625954199 0.5400763358778626 0.8301526717557252 0.5419847328244275 0.8263358778625954 0.5458015267175572 0.8263358778625954 0.5515267175572519 0.8225190839694656 0.5553435114503816 0.8244274809160306 0.5553435114503816 0.8263358778625954 0.5572519083969466 0.8282442748091603 0.5629770992366412 0.8320610687022901 0.566793893129771 0.833969465648855 0.566793893129771 0.8358778625954199 0.5687022900763359 0.8358778625954199 0.5706106870229007 0.8377862595419847 0.5706106870229007 0.8396946564885496 0.5725190839694656 0.8396946564885496 0.5744274809160306 0.8377862595419847 0.5763358778625954 0.8358778625954199 0.5763358778625954 0.8263358778625954 0.566793893129771 0.8244274809160306 0.566793893129771 0.816793893129771 0.5591603053435115 0.816793893129771 0.5553435114503816 0.8206106870229007 0.5515267175572519 0.8206106870229007 0.549618320610687 0.8225190839694656 0.5477099236641222 0.8225190839694656 0.5419847328244275 0.8282442748091603 0.5381679389312977 0.8282442748091603 0.5362595419847328 0.8225190839694656 0.5305343511450382 0.8225190839694656 0.5267175572519084 0.8263358778625954 0.5229007633587787 0.8263358778625954 0.5190839694656488 0.799618320610687 0.5190839694656488 0.8091603053435115 0.5190839694656488 0.8110687022900763 0.5209923664122137 0.8110687022900763 0.5229007633587787 0.8053435114503816 0.5267175572519084 0.8034351145038168 0.5267175572519084 0.799618320610687 0.5229007633587787 0.799618320610687 0.5324427480916031 0.8015267175572519 0.5343511450381679 0.8015267175572519 0.5381679389312977 0.799618320610687 0.5400763358778626 0.799618320610687 0.5458015267175572 0.7977099236641222 0.5477099236641222 0.7977099236641222 0.5515267175572519 0.7958015267175572 0.5534351145038168 0.7958015267175572 0.5591603053435115 0.7919847328244275 0.5629770992366412 0.7919847328244275 0.5648854961832062 0.7900763358778626 0.566793893129771 0.7881679389312977 0.5648854961832062 0.7881679389312977 0.5610687022900763 0.7919847328244275 0.5553435114503816 0.7919847328244275 0.549618320610687 0.7958015267175572 0.5438931297709924 0.7958015267175572 0.5305343511450382 0.7919847328244275 0.5248091603053435 0.7919847328244275 0.5190839694656488 0.7862595419847328 0.5190839694656488 0.7843511450381679 0.517175572519084 0.7767175572519084 0.517175572519084 0.7748091603053435 0.5190839694656488 0.5973282442748091 0.5190839694656488 0.5954198473282443 0.5209923664122137 0.5782442748091603 0.5209923664122137 0.5763358778625954 0.5190839694656488 0.5610687022900763 0.5190839694656488 0.5591603053435115 0.5209923664122137 0.5458015267175572 0.5209923664122137 0.5438931297709924 0.5229007633587787 0.5381679389312977 0.5229007633587787 0.5362595419847328 0.5248091603053435 0.5305343511450382 0.5267175572519084 0.5248091603053435 0.5324427480916031 0.5248091603053435 0.5343511450381679 0.5209923664122137 0.5381679389312977 0.5209923664122137 0.5458015267175572 0.5190839694656488 0.5477099236641222 0.5190839694656488 0.5801526717557252 0.517175572519084 0.5820610687022901 0.517175572519084 0.5935114503816794 0.5152671755725191 0.5954198473282443 0.5152671755725191 0.6221374045801527 0.517175572519084 0.6221374045801527 0.5190839694656488 0.6240458015267175 0.5343511450381679 0.6240458015267175 0.5362595419847328 0.6259541984732825 0.5572519083969466 0.6259541984732825 0.5591603053435115 0.6278625954198473 0.5896946564885496 0.6278625954198473 0.5916030534351145 0.6297709923664122 0.6049618320610687 0.6297709923664122 0.6068702290076335 0.6278625954198473 0.6431297709923665 0.6278625954198473 0.6450381679389313 0.6297709923664122 0.7041984732824428 0.6297709923664122 0.7061068702290076 0.6278625954198473 0.7080152671755725 0.6297709923664122 0.732824427480916 0.6297709923664122 0.7347328244274809 0.6278625954198473 0.8740458015267175 0.6278625954198473 0.8759541984732825 0.6259541984732825 0.8759541984732825 0.5992366412213741 0.8778625954198473 0.5973282442748091 0.8778625954198473 0.5820610687022901 0.8759541984732825 0.5801526717557252
0 0.22709923664122136 0.1297709923664122 0.22709923664122136 0.2099236641221374 0.22900763358778625 0.21183206106870228 0.22900763358778625 0.21946564885496184 0.23091603053435114 0.22137404580152673 0.23091603053435114 0.22328244274809161 0.23282442748091603 0.22519083969465647 0.23282442748091603 0.22709923664122136 0.23473282442748092 0.22900763358778625 0.2366412213740458 0.22900763358778625 0.2385496183206107 0.23091603053435114 0.24045801526717558 0.23091603053435114 0.24236641221374045 0.23282442748091603 0.25 0.23282442748091603 0.25190839694656486 0.23473282442748092 0.26145038167938933 0.23473282442748092 0.2633587786259542 0.2366412213740458 0.28435114503816794 0.2366412213740458 0.2862595419847328 0.2385496183206107 0.30343511450381677 0.2385496183206107 0.3053435114503817 0.2366412213740458 0.30725190839694655 0.2366412213740458 0.30916030534351147 0.2385496183206107 0.32061068702290074 0.2385496183206107 0.32251908396946566 0.2366412213740458 0.34541984732824427 0.2366412213740458 0.3473282442748092 0.2385496183206107 0.3683206106870229 0.2385496183206107 0.3702290076335878 0.24045801526717558 0.4866412213740458 0.24045801526717558 0.48854961832061067 0.24236641221374045 0.5229007633587787 0.24236641221374045 0.5248091603053435 0.24045801526717558 0.5305343511450382 0.24045801526717558 0.5324427480916031 0.24236641221374045 0.5534351145038168 0.24236641221374045 0.5553435114503816 0.24045801526717558 0.5648854961832062 0.24045801526717558 0.566793893129771 0.2385496183206107 0.5744274809160306 0.2385496183206107 0.5763358778625954 0.2366412213740458 0.5782442748091603 0.2366412213740458 0.5801526717557252 0.23473282442748092 0.5801526717557252 0.23091603053435114 0.5820610687022901 0.22900763358778625 0.5820610687022901 0.21755725190839695 0.583969465648855 0.21564885496183206 0.583969465648855 0.1984732824427481 0.5858778625954199 0.1965648854961832 0.5858778625954199 0.17938931297709923 0.5877862595419847 0.17748091603053434 0.5877862595419847 0.13549618320610687 0.5572519083969466 0.13549618320610687 0.5553435114503816 0.13358778625954199 0.5057251908396947 0.13358778625954199 0.5038167938931297 0.13549618320610687 0.4847328244274809 0.13549618320610687 0.48282442748091603 0.13740458015267176 0.4484732824427481 0.13740458015267176 0.44656488549618323 0.13549618320610687 0.4255725190839695 0.13549618320610687 0.42366412213740456 0.13358778625954199 0.3988549618320611 0.13358778625954199 0.3969465648854962 0.1316793893129771 0.3473282442748092 0.1316793893129771 0.34541984732824427 0.1297709923664122
0 0.5133587786259542 0.26145038167938933 0.5133587786259542 0.2729007633587786 0.5114503816793893 0.2748091603053435 0.5114503816793893 0.29961832061068705 0.5133587786259542 0.3015267175572519 0.5133587786259542 0.3282442748091603 0.5152671755725191 0.3301526717557252 0.5152671755725191 0.3377862595419847 0.517175572519084 0.33969465648854963 0.517175572519084 0.34923664122137404 0.5190839694656488 0.3511450381679389 0.5190839694656488 0.3549618320610687 0.5209923664122137 0.3568702290076336 0.5209923664122137 0.35877862595419846 0.5229007633587787 0.3606870229007634 0.5438931297709924 0.3606870229007634 0.5458015267175572 0.35877862595419846 0.5572519083969466 0.35877862595419846 0.5591603053435115 0.3568702290076336 0.5801526717557252 0.3568702290076336 0.5820610687022901 0.35877862595419846 0.5877862595419847 0.35877862595419846 0.5896946564885496 0.3606870229007634 0.5973282442748091 0.3606870229007634 0.5992366412213741 0.36259541984732824 0.6164122137404581 0.36259541984732824 0.6183206106870229 0.36450381679389315 0.6240458015267175 0.36450381679389315 0.6259541984732825 0.366412213740458 0.6316793893129771 0.366412213740458 0.6335877862595419 0.3683206106870229 0.6393129770992366 0.3683206106870229 0.6412213740458015 0.366412213740458 0.6927480916030534 0.366412213740458 0.6946564885496184 0.3683206106870229 0.7958015267175572 0.3683206106870229 0.7977099236641222 0.366412213740458 0.833969465648855 0.366412213740458 0.8358778625954199 0.36450381679389315 0.8568702290076335 0.36450381679389315 0.8587786259541985 0.36259541984732824 0.8625954198473282 0.36259541984732824 0.8683206106870229 0.3568702290076336 0.8683206106870229 0.3473282442748092 0.8702290076335878 0.34541984732824427 0.8702290076335878 0.29770992366412213 0.8683206106870229 0.2958015267175573 0.8683206106870229 0.2824427480916031 0.8664122137404581 0.28053435114503816 0.8664122137404581 0.27099236641221375 0.8645038167938931 0.26908396946564883 0.8645038167938931 0.26717557251908397 0.8625954198473282 0.2652671755725191 0.8625954198473282 0.2633587786259542 0.8568702290076335 0.2633587786259542 0.8549618320610687 0.26145038167938933 0.8396946564885496 0.26145038167938933 0.8377862595419847 0.2595419847328244 0.8282442748091603 0.2595419847328244 0.8263358778625954 0.26145038167938933 0.8053435114503816 0.26145038167938933 0.8034351145038168 0.2595419847328244 0.5553435114503816 0.2595419847328244 0.5534351145038168 0.26145038167938933
0 0.23473282442748092 0.9217557251908397 0.23473282442748092 0.9599236641221374 0.2366412213740458 0.9618320610687023 0.2366412213740458 0.9980916030534351 0.5935114503816794 0.9980916030534351 0.5935114503816794 0.9637404580152672 0.5916030534351145 0.9618320610687023 0.5916030534351145 0.950381679389313 0.5896946564885496 0.9484732824427481 0.5896946564885496 0.9389312977099237 0.5877862595419847 0.9370229007633588 0.5877862595419847 0.9274809160305344 0.5858778625954199 0.9255725190839694 0.5858778625954199 0.9198473282442748 0.583969465648855 0.9179389312977099 0.583969465648855 0.916030534351145 0.5820610687022901 0.9141221374045801 0.5820610687022901 0.9122137404580153 0.5763358778625954 0.9122137404580153 0.5744274809160306 0.9141221374045801 0.5629770992366412 0.9141221374045801 0.5610687022900763 0.916030534351145 0.5381679389312977 0.916030534351145 0.5362595419847328 0.9179389312977099 0.5267175572519084 0.9179389312977099 0.5248091603053435 0.916030534351145 0.5152671755725191 0.916030534351145 0.5133587786259542 0.9141221374045801 0.5076335877862596 0.9141221374045801 0.5057251908396947 0.9122137404580153 0.4847328244274809 0.9122137404580153 0.48282442748091603 0.9103053435114504 0.4770992366412214 0.9103053435114504 0.4751908396946565 0.9083969465648855 0.4732824427480916 0.9083969465648855 0.4713740458015267 0.9064885496183206 0.4637404580152672 0.9064885496183206 0.4618320610687023 0.9083969465648855 0.45038167938931295 0.9083969465648855 0.4484732824427481 0.9103053435114504 0.4389312977099237 0.9103053435114504 0.43702290076335876 0.9083969465648855 0.4064885496183206 0.9083969465648855 0.40458015267175573 0.9064885496183206 0.3244274809160305 0.9064885496183206 0.32251908396946566 0.9083969465648855 0.3187022900763359 0.9083969465648855 0.31679389312977096 0.9064885496183206 0.30916030534351147 0.9064885496183206 0.30725190839694655 0.9083969465648855 0.25763358778625955 0.9083969465648855 0.25572519083969464 0.9103053435114504 0.2480916030534351 0.9103053435114504 0.24618320610687022 0.9122137404580153 0.24236641221374045 0.9122137404580153 0.24045801526717558 0.9141221374045801 0.2385496183206107 0.9141221374045801 0.2385496183206107 0.916030534351145 0.2366412213740458 0.9179389312977099 0.2366412213740458 0.9198473282442748
0 0.9980916030534351 0.38740458015267176 0.9923664122137404 0.38740458015267176 0.9904580152671756 0.3893129770992366 0.8931297709923665 0.3893129770992366 0.8912213740458015 0.39122137404580154 0.7977099236641222 0.39122137404580154 0.7977099236641222 0.4961832061068702 0.799618320610687 0.49809160305343514 0.9980916030534351 0.49809160305343514
0 0.8091603053435115 0.6526717557251909 0.8091603053435115 0.7576335877862596 0.8148854961832062 0.7633587786259542 0.9370229007633588 0.7633587786259542 0.9389312977099237 0.7652671755725191 0.9980916030534351 0.7652671755725191 0.9980916030534351 0.6526717557251909 0.8606870229007634 0.6526717557251909 0.8587786259541985 0.6507633587786259 0.8110687022900763 0.6507633587786259
0 0.8034351145038168 0.13740458015267176 0.8034351145038168 0.13931297709923665 0.8015267175572519 0.14122137404580154 0.8015267175572519 0.1450381679389313 0.8034351145038168 0.14694656488549618 0.8034351145038168 0.16984732824427481 0.8015267175572519 0.1717557251908397 0.8015267175572519 0.2099236641221374 0.8034351145038168 0.21183206106870228 0.8034351145038168 0.22137404580152673 0.8053435114503816 0.22328244274809161 0.8053435114503816 0.22709923664122136 0.8072519083969466 0.22900763358778625 0.8072519083969466 0.23091603053435114 0.8110687022900763 0.23473282442748092 0.8129770992366412 0.23473282442748092 0.8148854961832062 0.2366412213740458 0.8206106870229007 0.2366412213740458 0.8225190839694656 0.2385496183206107 0.8282442748091603 0.2385496183206107 0.8301526717557252 0.24045801526717558 0.8416030534351145 0.24045801526717558 0.8435114503816794 0.24236641221374045 0.9045801526717557 0.24236641221374045 0.9064885496183206 0.24045801526717558 0.9274809160305344 0.24045801526717558 0.9293893129770993 0.24236641221374045 0.9541984732824428 0.24236641221374045 0.9561068702290076 0.24427480916030533 0.9980916030534351 0.24427480916030533 0.9980916030534351 0.13931297709923665 0.9961832061068703 0.13740458015267176 0.9904580152671756 0.13740458015267176 0.9885496183206107 0.13549618320610687 0.9751908396946565 0.13549618320610687 0.9732824427480916 0.13358778625954199 0.9370229007633588 0.13358778625954199 0.9351145038167938 0.13549618320610687 0.8797709923664122 0.13549618320610687 0.8778625954198473 0.13358778625954199 0.8759541984732825 0.13358778625954199 0.8740458015267175 0.13549618320610687 0.8053435114503816 0.13549618320610687
0 0.7900763358778626 0.1316793893129771 0.7881679389312977 0.1297709923664122 0.7270992366412213 0.1297709923664122 0.7251908396946565 0.1316793893129771 0.7213740458015268 0.1316793893129771 0.7194656488549618 0.1297709923664122 0.6965648854961832 0.1297709923664122 0.6946564885496184 0.1316793893129771 0.6087786259541985 0.1316793893129771 0.6068702290076335 0.13358778625954199 0.6068702290076335 0.24045801526717558 0.6087786259541985 0.24236641221374045 0.6316793893129771 0.24236641221374045 0.6335877862595419 0.24045801526717558 0.6908396946564885 0.24045801526717558 0.6927480916030534 0.24236641221374045 0.7118320610687023 0.24236641221374045 0.7137404580152672 0.24045801526717558 0.7862595419847328 0.24045801526717558 0.7900763358778626 0.2366412213740458
0 0.3148854961832061 0.7805343511450382 0.3148854961832061 0.7824427480916031 0.31297709923664124 0.7843511450381679 0.31297709923664124 0.7938931297709924 0.3148854961832061 0.7958015267175572 0.3148854961832061 0.8129770992366412 0.3187022900763359 0.8129770992366412 0.32061068702290074 0.8148854961832062 0.32061068702290074 0.816793893129771 0.32251908396946566 0.816793893129771 0.3244274809160305 0.8187022900763359 0.3282442748091603 0.8187022900763359 0.3301526717557252 0.816793893129771 0.33587786259541985 0.816793893129771 0.3377862595419847 0.8148854961832062 0.33969465648854963 0.816793893129771 0.3416030534351145 0.816793893129771 0.34541984732824427 0.8129770992366412 0.3473282442748092 0.8129770992366412 0.34923664122137404 0.8110687022900763 0.3530534351145038 0.8110687022900763 0.3549618320610687 0.8129770992366412 0.35877862595419846 0.8129770992366412 0.3606870229007634 0.8110687022900763 0.36450381679389315 0.8110687022900763 0.366412213740458 0.8091603053435115 0.3683206106870229 0.8110687022900763 0.3683206106870229 0.8129770992366412 0.366412213740458 0.8148854961832062 0.36259541984732824 0.8148854961832062 0.3606870229007634 0.816793893129771 0.3473282442748092 0.816793893129771 0.3435114503816794 0.8206106870229007 0.33969465648854963 0.8206106870229007 0.3377862595419847 0.8225190839694656 0.33587786259541985 0.8206106870229007 0.33396946564885494 0.8225190839694656 0.32061068702290074 0.8225190839694656 0.31679389312977096 0.8187022900763359 0.3148854961832061 0.8187022900763359 0.3148854961832061 0.8950381679389313 0.49236641221374045 0.8950381679389313 0.49236641221374045 0.8931297709923665 0.49427480916030536 0.8912213740458015 0.49427480916030536 0.8053435114503816 0.49236641221374045 0.8034351145038168 0.49236641221374045 0.7958015267175572 0.4904580152671756 0.7938931297709924 0.4904580152671756 0.7900763358778626 0.48854961832061067 0.7881679389312977 0.48854961832061067 0.7862595419847328 0.4866412213740458 0.7862595419847328 0.4847328244274809 0.7843511450381679 0.4770992366412214 0.7843511450381679 0.4751908396946565 0.7824427480916031 0.383587786259542 0.7824427480916031 0.3816793893129771 0.7805343511450382 0.3797709923664122 0.7824427480916031 0.37595419847328243 0.7824427480916031 0.37404580152671757 0.7805343511450382
0 0.6106870229007634 0.6526717557251909 0.6106870229007634 0.6583969465648855 0.6125954198473282 0.6603053435114504 0.6125954198473282 0.6641221374045801 0.6106870229007634 0.666030534351145 0.6125954198473282 0.6679389312977099 0.6125954198473282 0.7309160305343512 0.6145038167938931 0.732824427480916 0.6145038167938931 0.7461832061068703 0.6164122137404581 0.7480916030534351 0.6164122137404581 0.75 0.6202290076335878 0.7538167938931297 0.6221374045801527 0.7538167938931297 0.6240458015267175 0.7557251908396947 0.6316793893129771 0.7557251908396947 0.6335877862595419 0.7576335877862596 0.6641221374045801 0.7576335877862596 0.666030534351145 0.7595419847328244 0.6927480916030534 0.7595419847328244 0.6946564885496184 0.7614503816793893 0.7347328244274809 0.7614503816793893 0.7366412213740458 0.7633587786259542 0.7576335877862596 0.7633587786259542 0.7595419847328244 0.7614503816793893 0.7938931297709924 0.7614503816793893 0.7958015267175572 0.7595419847328244 0.7958015267175572 0.7270992366412213 0.7843511450381679 0.7270992366412213 0.7824427480916031 0.7251908396946565 0.7805343511450382 0.7270992366412213 0.7767175572519084 0.7270992366412213 0.7767175572519084 0.7290076335877863 0.7729007633587787 0.732824427480916 0.7709923664122137 0.732824427480916 0.7690839694656488 0.7347328244274809 0.767175572519084 0.7347328244274809 0.7652671755725191 0.732824427480916 0.7633587786259542 0.732824427480916 0.7614503816793893 0.7309160305343512 0.7595419847328244 0.7309160305343512 0.7576335877862596 0.7290076335877863 0.7557251908396947 0.7290076335877863 0.7538167938931297 0.7309160305343512 0.75 0.7309160305343512 0.7442748091603053 0.7366412213740458 0.7385496183206107 0.7309160305343512 0.7385496183206107 0.7290076335877863 0.7347328244274809 0.7251908396946565 0.7347328244274809 0.7232824427480916 0.7366412213740458 0.7213740458015268 0.7385496183206107 0.7213740458015268 0.7404580152671756 0.7232824427480916 0.7404580152671756 0.7251908396946565 0.7423664122137404 0.7270992366412213 0.7423664122137404 0.7290076335877863 0.7442748091603053 0.7290076335877863 0.7461832061068703 0.7270992366412213 0.7480916030534351 0.7270992366412213 0.75 0.7251908396946565 0.7614503816793893 0.7251908396946565 0.7633587786259542 0.7270992366412213 0.7652671755725191 0.7270992366412213 0.767175572519084 0.7290076335877863 0.7690839694656488 0.7290076335877863 0.7767175572519084 0.7213740458015268 0.7881679389312977 0.7213740458015268 0.7900763358778626 0.7232824427480916 0.7919847328244275 0.7232824427480916 0.7938931297709924 0.7213740458015268 0.7958015267175572 0.7213740458015268 0.7958015267175572 0.6545801526717557 0.7938931297709924 0.6526717557251909 0.7938931297709924 0.6507633587786259 0.7919847328244275 0.6507633587786259 0.7900763358778626 0.648854961832061 0.6927480916030534 0.648854961832061 0.6908396946564885 0.6507633587786259 0.6335877862595419 0.6507633587786259 0.6316793893129771 0.648854961832061 0.6145038167938931 0.648854961832061
0 0.03816793893129771 0.6564885496183206 0.03816793893129771 0.6603053435114504 0.03625954198473282 0.6622137404580153 0.03625954198473282 0.7061068702290076 0.03435114503816794 0.7080152671755725 0.03435114503816794 0.7461832061068703 0.03244274809160305 0.7480916030534351 0.03244274809160305 0.7576335877862596 0.03435114503816794 0.7576335877862596 0.03625954198473282 0.7595419847328244 0.16030534351145037 0.7595419847328244 0.16221374045801526 0.7576335877862596 0.18129770992366412 0.7576335877862596 0.183206106870229 0.7557251908396947 0.20229007633587787 0.7557251908396947 0.20419847328244276 0.7538167938931297 0.2099236641221374 0.7538167938931297 0.21374045801526717 0.75 0.21374045801526717 0.7461832061068703 0.21564885496183206 0.7442748091603053 0.21564885496183206 0.683206106870229 0.21755725190839695 0.6812977099236641 0.21755725190839695 0.6603053435114504 0.21564885496183206 0.6583969465648855 0.21564885496183206 0.648854961832061 0.19083969465648856 0.648854961832061 0.18893129770992367 0.6469465648854962 0.183206106870229 0.6469465648854962 0.18129770992366412 0.648854961832061 0.13740458015267176 0.648854961832061 0.13549618320610687 0.6469465648854962 0.10687022900763359 0.6469465648854962 0.1049618320610687 0.648854961832061 0.05725190839694656 0.648854961832061 0.05534351145038168 0.6507633587786259 0.04580152671755725 0.6507633587786259 0.04389312977099236 0.6526717557251909 0.04198473282442748 0.6526717557251909
0 0.32061068702290074 0.015267175572519083 0.32061068702290074 0.01717557251908397 0.3187022900763359 0.019083969465648856 0.3187022900763359 0.11259541984732824 0.32061068702290074 0.11450381679389313 0.32061068702290074 0.11641221374045801 0.4446564885496183 0.11641221374045801 0.44656488549618323 0.11450381679389313 0.4599236641221374 0.11450381679389313 0.4618320610687023 0.11641221374045801 0.47900763358778625 0.11641221374045801 0.48091603053435117 0.11450381679389313 0.4904580152671756 0.11450381679389313 0.49236641221374045 0.11259541984732824 0.49427480916030536 0.11259541984732824 0.4961832061068702 0.11068702290076336 0.4961832061068702 0.10877862595419847 0.49809160305343514 0.10687022900763359 0.49809160305343514 0.07251908396946564 0.4961832061068702 0.07061068702290077 0.4961832061068702 0.04580152671755725 0.49809160305343514 0.04389312977099236 0.49809160305343514 0.003816793893129771 0.3931297709923664 0.003816793893129771 0.39122137404580154 0.0057251908396946565 0.37404580152671757 0.0057251908396946565 0.37213740458015265 0.007633587786259542 0.35877862595419846 0.007633587786259542 0.3568702290076336 0.009541984732824428 0.3416030534351145 0.009541984732824428 0.33969465648854963 0.011450381679389313 0.3282442748091603 0.011450381679389313 0.32633587786259544 0.013358778625954198 0.32251908396946566 0.013358778625954198
0 0.030534351145038167 0.1450381679389313 0.030534351145038167 0.14694656488549618 0.02862595419847328 0.14885496183206107 0.02862595419847328 0.15267175572519084 0.026717557251908396 0.15458015267175573 0.02862595419847328 0.15648854961832062 0.02862595419847328 0.16412213740458015 0.026717557251908396 0.16603053435114504 0.026717557251908396 0.16984732824427481 0.02862595419847328 0.1717557251908397 0.02862595419847328 0.18129770992366412 0.026717557251908396 0.183206106870229 0.02862595419847328 0.1851145038167939 0.02862595419847328 0.18893129770992367 0.026717557251908396 0.19083969465648856 0.026717557251908396 0.1965648854961832 0.02862595419847328 0.1984732824427481 0.02862595419847328 0.20038167938931298 0.026717557251908396 0.20229007633587787 0.026717557251908396 0.22137404580152673 0.02480916030534351 0.22328244274809161 0.026717557251908396 0.22519083969465647 0.026717557251908396 0.22900763358778625 0.02480916030534351 0.23091603053435114 0.02480916030534351 0.2366412213740458 0.026717557251908396 0.2385496183206107 0.026717557251908396 0.24236641221374045 0.02862595419847328 0.24236641221374045 0.030534351145038167 0.24427480916030533 0.0916030534351145 0.24427480916030533 0.09351145038167939 0.24618320610687022 0.10305343511450382 0.24618320610687022 0.1049618320610687 0.24427480916030533 0.12786259541984732 0.24427480916030533 0.1297709923664122 0.24618320610687022 0.13358778625954199 0.24618320610687022 0.13549618320610687 0.24427480916030533 0.13740458015267176 0.24618320610687022 0.1431297709923664 0.24618320610687022 0.1450381679389313 0.24427480916030533 0.16221374045801526 0.24427480916030533 0.16412213740458015 0.24618320610687022 0.1965648854961832 0.24618320610687022 0.1984732824427481 0.24427480916030533 0.20229007633587787 0.24427480916030533 0.20610687022900764 0.24045801526717558 0.20610687022900764 0.2366412213740458 0.20801526717557253 0.23473282442748092 0.20801526717557253 0.13740458015267176 0.20610687022900764 0.13549618320610687 0.0916030534351145 0.13549618320610687 0.08969465648854962 0.13740458015267176 0.07251908396946564 0.13740458015267176 0.07061068702290077 0.13931297709923665 0.04007633587786259 0.13931297709923665 0.03816793893129771 0.14122137404580154 0.03435114503816794 0.14122137404580154
0 0.6068702290076335 0.40076335877862596 0.6068702290076335 0.4026717557251908 0.6049618320610687 0.40458015267175573 0.6049618320610687 0.41603053435114506 0.6030534351145038 0.4179389312977099 0.6030534351145038 0.4217557251908397 0.6049618320610687 0.42366412213740456 0.6049618320610687 0.4599236641221374 0.6068702290076335 0.4618320610687023 0.6049618320610687 0.4637404580152672 0.6049618320610687 0.5 0.6068702290076335 0.5019083969465649 0.7194656488549618 0.5019083969465649 0.7213740458015268 0.5 0.7748091603053435 0.5 0.7767175572519084 0.49809160305343514 0.7786259541984732 0.49809160305343514 0.7805343511450382 0.4961832061068702 0.7805343511450382 0.49427480916030536 0.7824427480916031 0.49236641221374045 0.7824427480916031 0.48854961832061067 0.7843511450381679 0.4866412213740458 0.7843511450381679 0.43702290076335876 0.7862595419847328 0.4351145038167939 0.7862595419847328 0.3988549618320611 0.7881679389312977 0.3969465648854962 0.7881679389312977 0.3950381679389313 0.7862595419847328 0.3931297709923664 0.6679389312977099 0.3931297709923664 0.666030534351145 0.3950381679389313 0.6335877862595419 0.3950381679389313 0.6316793893129771 0.3969465648854962 0.6145038167938931 0.3969465648854962 0.6125954198473282 0.3988549618320611 0.6106870229007634 0.3988549618320611 0.6087786259541985 0.40076335877862596
0 0.32061068702290074 0.2767175572519084 0.32061068702290074 0.28053435114503816 0.3187022900763359 0.2824427480916031 0.3187022900763359 0.3148854961832061 0.32061068702290074 0.31679389312977096 0.32061068702290074 0.32633587786259544 0.3187022900763359 0.3282442748091603 0.3187022900763359 0.37404580152671757 0.32061068702290074 0.37404580152671757 0.32251908396946566 0.37595419847328243 0.3416030534351145 0.37595419847328243 0.3435114503816794 0.37404580152671757 0.4847328244274809 0.37404580152671757 0.4866412213740458 0.37213740458015265 0.49427480916030536 0.37213740458015265 0.49809160305343514 0.3683206106870229 0.49809160305343514 0.3606870229007634 0.5 0.35877862595419846 0.5 0.3473282442748092 0.49809160305343514 0.34541984732824427 0.49809160305343514 0.2652671755725191 0.3950381679389313 0.2652671755725191 0.3931297709923664 0.26717557251908397 0.35877862595419846 0.26717557251908397 0.3568702290076336 0.26908396946564883 0.3377862595419847 0.26908396946564883 0.33587786259541985 0.27099236641221375 0.3282442748091603 0.27099236641221375 0.32633587786259544 0.2729007633587786 0.3244274809160305 0.2729007633587786
0 0.04007633587786259 0.3969465648854962 0.04007633587786259 0.3988549618320611 0.03816793893129771 0.40076335877862596 0.03816793893129771 0.41030534351145037 0.03625954198473282 0.4122137404580153 0.03625954198473282 0.4580152671755725 0.03435114503816794 0.4599236641221374 0.03435114503816794 0.48091603053435117 0.03244274809160305 0.48282442748091603 0.03244274809160305 0.5 0.03435114503816794 0.5019083969465649 0.15839694656488548 0.5019083969465649 0.16030534351145037 0.5 0.1946564885496183 0.5 0.1965648854961832 0.49809160305343514 0.20801526717557253 0.49809160305343514 0.21374045801526717 0.49236641221374045 0.21374045801526717 0.4904580152671756 0.21564885496183206 0.48854961832061067 0.21564885496183206 0.47900763358778625 0.21755725190839695 0.4770992366412214 0.21755725190839695 0.4751908396946565 0.21564885496183206 0.4732824427480916 0.21564885496183206 0.3950381679389313 0.08206106870229007 0.3950381679389313 0.08015267175572519 0.3931297709923664 0.04961832061068702 0.3931297709923664 0.04770992366412214 0.3950381679389313 0.04389312977099236 0.3950381679389313 0.04198473282442748 0.3969465648854962
0 0.32061068702290074 0.5248091603053435 0.32061068702290074 0.5267175572519084 0.3187022900763359 0.5286259541984732 0.3187022900763359 0.6049618320610687 0.32061068702290074 0.6068702290076335 0.32061068702290074 0.6202290076335878 0.32251908396946566 0.6221374045801527 0.32251908396946566 0.6240458015267175 0.32633587786259544 0.6278625954198473 0.3282442748091603 0.6278625954198473 0.3301526717557252 0.6297709923664122 0.33969465648854963 0.6297709923664122 0.3416030534351145 0.6316793893129771 0.37404580152671757 0.6316793893129771 0.37595419847328243 0.6335877862595419 0.40458015267175573 0.6335877862595419 0.4064885496183206 0.6354961832061069 0.4961832061068702 0.6354961832061069 0.49809160305343514 0.6335877862595419 0.49809160305343514 0.5629770992366412 0.5 0.5610687022900763 0.5 0.5400763358778626 0.49809160305343514 0.5381679389312977 0.49809160305343514 0.5267175572519084 0.4961832061068702 0.5267175572519084 0.49427480916030536 0.5248091603053435 0.4389312977099237 0.5248091603053435 0.4541984732824427 0.5248091603053435 0.45610687022900764 0.5267175572519084 0.4599236641221374 0.5267175572519084 0.4618320610687023 0.5286259541984732 0.48091603053435117 0.5286259541984732 0.48282442748091603 0.5305343511450382 0.4866412213740458 0.5305343511450382 0.48854961832061067 0.5324427480916031 0.48854961832061067 0.5343511450381679 0.4866412213740458 0.5362595419847328 0.4847328244274809 0.5362595419847328 0.48282442748091603 0.5343511450381679 0.46564885496183206 0.5343511450381679 0.4637404580152672 0.5324427480916031 0.45610687022900764 0.5324427480916031 0.4541984732824427 0.5305343511450382 0.44083969465648853 0.5305343511450382 0.4389312977099237 0.5286259541984732 0.4312977099236641 0.5286259541984732 0.42938931297709926 0.5267175572519084 0.42938931297709926 0.5248091603053435 0.4217557251908397 0.5248091603053435 0.42938931297709926 0.5324427480916031 0.4312977099236641 0.5324427480916031 0.4351145038167939 0.5362595419847328 0.43702290076335876 0.5362595419847328 0.4389312977099237 0.5381679389312977 0.44083969465648853 0.5381679389312977 0.4446564885496183 0.5419847328244275 0.4484732824427481 0.5419847328244275 0.45038167938931295 0.5438931297709924 0.45229007633587787 0.5438931297709924 0.45610687022900764 0.5477099236641222 0.4580152671755725 0.5477099236641222 0.4599236641221374 0.549618320610687 0.4599236641221374 0.5515267175572519 0.4618320610687023 0.5534351145038168 0.4618320610687023 0.5553435114503816 0.46564885496183206 0.5591603053435115 0.46564885496183206 0.5610687022900763 0.46946564885496184 0.5648854961832062 0.46946564885496184 0.5687022900763359 0.4713740458015267 0.5706106870229007 0.4713740458015267 0.5744274809160306 0.4770992366412214 0.5801526717557252 0.4770992366412214 0.5820610687022901 0.47900763358778625 0.583969465648855 0.47900763358778625 0.5877862595419847 0.48282442748091603 0.5916030534351145 0.48282442748091603 0.5935114503816794 0.49236641221374045 0.6030534351145038 0.49236641221374045 0.6049618320610687 0.49427480916030536 0.6068702290076335 0.49427480916030536 0.6087786259541985 0.49236641221374045 0.6106870229007634 0.4904580152671756 0.6106870229007634 0.4866412213740458 0.6068702290076335 0.4866412213740458 0.6049618320610687 0.4847328244274809 0.6049618320610687 0.48091603053435117 0.601145038167939 0.48091603053435117 0.5992366412213741 0.47900763358778625 0.5973282442748091 0.47900763358778625 0.5954198473282443 0.4751908396946565 0.5916030534351145 0.4751908396946565 0.5877862595419847 0.4713740458015267 0.583969465648855 0.4713740458015267 0.5820610687022901 0.4675572519083969 0.5782442748091603 0.4675572519083969 0.5763358778625954 0.46564885496183206 0.5744274809160306 0.46564885496183206 0.5725190839694656 0.4637404580152672 0.5706106870229007 0.4637404580152672 0.5687022900763359 0.4618320610687023 0.566793893129771 0.4618320610687023 0.5648854961832062 0.4599236641221374 0.5629770992366412 0.4599236641221374 0.5610687022900763 0.45610687022900764 0.5572519083969466 0.45610687022900764 0.5553435114503816 0.4541984732824427 0.5553435114503816 0.4484732824427481 0.549618320610687 0.44656488549618323 0.549618320610687 0.44274809160305345 0.5458015267175572 0.44083969465648853 0.5458015267175572 0.4389312977099237 0.5438931297709924 0.43702290076335876 0.5438931297709924 0.4351145038167939 0.5419847328244275 0.43320610687022904 0.5419847328244275 0.42938931297709926 0.5381679389312977 0.42748091603053434 0.5381679389312977 0.4198473282442748 0.5305343511450382 0.4179389312977099 0.5305343511450382 0.41603053435114506 0.5286259541984732 0.41603053435114506 0.5248091603053435
0 0.8072519083969466 0.9045801526717557 0.8072519083969466 0.9217557251908397 0.8053435114503816 0.9236641221374046 0.8053435114503816 0.9847328244274809 0.8072519083969466 0.9866412213740458 0.8072519083969466 0.9923664122137404 0.8091603053435115 0.9942748091603053 0.8091603053435115 0.9961832061068703 0.8110687022900763 0.9980916030534351 0.9980916030534351 0.9980916030534351 0.9980916030534351 0.9064885496183206 0.9713740458015268 0.9064885496183206 0.9694656488549618 0.9045801526717557
0 0.03816793893129771 0.9122137404580153 0.03816793893129771 0.9179389312977099 0.03625954198473282 0.9198473282442748 0.03625954198473282 0.9790076335877863 0.03435114503816794 0.9809160305343512 0.03435114503816794 0.9942748091603053 0.03244274809160305 0.9961832061068703 0.03244274809160305 0.9980916030534351 0.21564885496183206 0.9980916030534351 0.21564885496183206 0.9656488549618321 0.21374045801526717 0.9637404580152672 0.21374045801526717 0.9465648854961832 0.21564885496183206 0.9446564885496184 0.21564885496183206 0.9083969465648855 0.21374045801526717 0.9064885496183206 0.04961832061068702 0.9064885496183206 0.04770992366412214 0.9083969465648855 0.04198473282442748 0.9083969465648855
0 0.6106870229007634 0.9179389312977099 0.6106870229007634 0.9217557251908397 0.6087786259541985 0.9236641221374046 0.6087786259541985 0.950381679389313 0.6106870229007634 0.9522900763358778 0.6106870229007634 0.9694656488549618 0.6087786259541985 0.9713740458015268 0.6087786259541985 0.9751908396946565 0.6106870229007634 0.9770992366412213 0.6106870229007634 0.982824427480916 0.6087786259541985 0.9847328244274809 0.6087786259541985 0.9980916030534351 0.7881679389312977 0.9980916030534351 0.7881679389312977 0.9904580152671756 0.7900763358778626 0.9885496183206107 0.7900763358778626 0.9675572519083969 0.7919847328244275 0.9656488549618321 0.7900763358778626 0.9637404580152672 0.7900763358778626 0.9599236641221374 0.7919847328244275 0.9580152671755725 0.7919847328244275 0.9198473282442748 0.7900763358778626 0.9179389312977099 0.7900763358778626 0.916030534351145 0.7862595419847328 0.9122137404580153 0.7786259541984732 0.9122137404580153 0.7767175572519084 0.9103053435114504 0.7748091603053435 0.9122137404580153 0.7385496183206107 0.9122137404580153 0.7366412213740458 0.9103053435114504 0.7175572519083969 0.9103053435114504 0.7156488549618321 0.9122137404580153 0.6946564885496184 0.9122137404580153 0.6927480916030534 0.9103053435114504 0.6564885496183206 0.9103053435114504 0.6545801526717557 0.9122137404580153 0.6526717557251909 0.9103053435114504 0.6278625954198473 0.9103053435114504 0.6259541984732825 0.9122137404580153 0.6145038167938931 0.9122137404580153 0.6125954198473282 0.9141221374045801 0.6125954198473282 0.916030534351145
0 0.8874045801526718 0.7786259541984732 0.8874045801526718 0.8854961832061069 0.8931297709923665 0.8912213740458015 0.9370229007633588 0.8912213740458015 0.9389312977099237 0.8931297709923665 0.9408396946564885 0.8912213740458015 0.9847328244274809 0.8912213740458015 0.9866412213740458 0.8893129770992366 0.9866412213740458 0.8874045801526718 0.9885496183206107 0.8854961832061069 0.9885496183206107 0.8797709923664122 0.9866412213740458 0.8778625954198473 0.982824427480916 0.8778625954198473 0.9809160305343512 0.8759541984732825 0.9770992366412213 0.8759541984732825 0.9751908396946565 0.8740458015267175 0.9732824427480916 0.8740458015267175 0.9713740458015268 0.8721374045801527 0.9694656488549618 0.8721374045801527 0.9675572519083969 0.8702290076335878 0.9656488549618321 0.8702290076335878 0.9618320610687023 0.8664122137404581 0.9580152671755725 0.8664122137404581 0.9561068702290076 0.8645038167938931 0.9522900763358778 0.8645038167938931 0.950381679389313 0.8625954198473282 0.9465648854961832 0.8625954198473282 0.9446564885496184 0.8606870229007634 0.9427480916030534 0.8606870229007634 0.9408396946564885 0.8587786259541985 0.9370229007633588 0.8587786259541985 0.9351145038167938 0.8568702290076335 0.933206106870229 0.8568702290076335 0.9312977099236641 0.8549618320610687 0.9293893129770993 0.8549618320610687 0.9274809160305344 0.8530534351145038 0.9255725190839694 0.8530534351145038 0.9236641221374046 0.851145038167939 0.9198473282442748 0.851145038167939 0.9179389312977099 0.8492366412213741 0.9179389312977099 0.8473282442748091 0.9198473282442748 0.8454198473282443 0.9236641221374046 0.8454198473282443 0.9255725190839694 0.8473282442748091 0.9274809160305344 0.8473282442748091 0.9293893129770993 0.8492366412213741 0.9312977099236641 0.8492366412213741 0.933206106870229 0.851145038167939 0.9351145038167938 0.851145038167939 0.9370229007633588 0.8530534351145038 0.9389312977099237 0.8530534351145038 0.9408396946564885 0.8549618320610687 0.9446564885496184 0.8549618320610687 0.9465648854961832 0.8568702290076335 0.9484732824427481 0.8568702290076335 0.950381679389313 0.8587786259541985 0.9541984732824428 0.8587786259541985 0.9561068702290076 0.8606870229007634 0.9599236641221374 0.8606870229007634 0.9618320610687023 0.8625954198473282 0.9656488549618321 0.8625954198473282 0.9694656488549618 0.8664122137404581 0.9713740458015268 0.8664122137404581 0.9732824427480916 0.8683206106870229 0.9751908396946565 0.8683206106870229 0.9770992366412213 0.8702290076335878 0.9790076335877863 0.8702290076335878 0.9809160305343512 0.8721374045801527 0.9847328244274809 0.8721374045801527 0.9866412213740458 0.8740458015267175 0.9885496183206107 0.8740458015267175 0.9904580152671756 0.8759541984732825 0.9923664122137404 0.8740458015267175 0.9923664122137404 0.8721374045801527 0.9942748091603053 0.8702290076335878 0.9942748091603053 0.8683206106870229 0.9961832061068703 0.8664122137404581 0.9961832061068703 0.8645038167938931 0.9980916030534351 0.8625954198473282 0.9980916030534351 0.7786259541984732 0.982824427480916 0.7786259541984732 0.9809160305343512 0.7767175572519084 0.9732824427480916 0.7767175572519084 0.9713740458015268 0.7786259541984732 0.9370229007633588 0.7786259541984732 0.9351145038167938 0.7767175572519084 0.9236641221374046 0.7767175572519084 0.9217557251908397 0.7786259541984732
0 0.9980916030534351 0.5209923664122137 0.9751908396946565 0.5209923664122137 0.9732824427480916 0.5190839694656488 0.9618320610687023 0.5190839694656488 0.9599236641221374 0.5209923664122137 0.9083969465648855 0.5209923664122137 0.9064885496183206 0.5229007633587787 0.9007633587786259 0.5229007633587787 0.898854961832061 0.5248091603053435 0.8950381679389313 0.5248091603053435 0.8931297709923665 0.5267175572519084 0.8931297709923665 0.5286259541984732 0.8912213740458015 0.5305343511450382 0.8912213740458015 0.5324427480916031 0.8893129770992366 0.5343511450381679 0.8893129770992366 0.5629770992366412 0.8912213740458015 0.5648854961832062 0.8912213740458015 0.6259541984732825 0.8931297709923665 0.6278625954198473 0.8931297709923665 0.6259541984732825 0.8950381679389313 0.6240458015267175 0.8969465648854962 0.6240458015267175 0.8969465648854962 0.6183206106870229 0.898854961832061 0.6164122137404581 0.898854961832061 0.6087786259541985 0.9026717557251909 0.6049618320610687 0.9026717557251909 0.5935114503816794 0.9007633587786259 0.5916030534351145 0.9007633587786259 0.5877862595419847 0.898854961832061 0.5858778625954199 0.898854961832061 0.583969465648855 0.8969465648854962 0.5820610687022901 0.8969465648854962 0.5782442748091603 0.8950381679389313 0.5763358778625954 0.8950381679389313 0.5744274809160306 0.8969465648854962 0.5725190839694656 0.9007633587786259 0.5763358778625954 0.9007633587786259 0.5782442748091603 0.9045801526717557 0.5820610687022901 0.9045801526717557 0.5858778625954199 0.9064885496183206 0.5877862595419847 0.9064885496183206 0.5896946564885496 0.9083969465648855 0.5916030534351145 0.9083969465648855 0.5973282442748091 0.9083969465648855 0.5954198473282443 0.9103053435114504 0.5935114503816794 0.9122137404580153 0.5935114503816794 0.9141221374045801 0.5916030534351145 0.916030534351145 0.5916030534351145 0.9179389312977099 0.5896946564885496 0.916030534351145 0.5877862595419847 0.916030534351145 0.5858778625954199 0.9179389312977099 0.583969465648855 0.9179389312977099 0.5820610687022901 0.9198473282442748 0.5801526717557252 0.9198473282442748 0.5782442748091603 0.9236641221374046 0.5744274809160306 0.9236641221374046 0.5725190839694656 0.9293893129770993 0.566793893129771 0.9293893129770993 0.5610687022900763 0.933206106870229 0.5572519083969466 0.933206106870229 0.5553435114503816 0.9351145038167938 0.5534351145038168 0.9370229007633588 0.5553435114503816 0.9370229007633588 0.5591603053435115 0.9389312977099237 0.5610687022900763 0.9408396946564885 0.5610687022900763 0.9427480916030534 0.5629770992366412 0.9408396946564885 0.5648854961832062 0.9351145038167938 0.5648854961832062 0.9351145038167938 0.5687022900763359 0.9236641221374046 0.5801526717557252 0.9236641221374046 0.5820610687022901 0.9217557251908397 0.583969465648855 0.9217557251908397 0.5916030534351145 0.9179389312977099 0.5954198473282443 0.916030534351145 0.5954198473282443 0.9141221374045801 0.5973282442748091 0.9141221374045801 0.601145038167939 0.9103053435114504 0.6049618320610687 0.9083969465648855 0.6030534351145038 0.9083969465648855 0.601145038167939 0.9064885496183206 0.6030534351145038 0.9064885496183206 0.6049618320610687 0.9083969465648855 0.6030534351145038 0.9103053435114504 0.6049618320610687 0.9103053435114504 0.6068702290076335 0.9045801526717557 0.6125954198473282 0.9064885496183206 0.6125954198473282 0.9103053435114504 0.6164122137404581 0.9103053435114504 0.6202290076335878 0.9064885496183206 0.6240458015267175 0.9064885496183206 0.6259541984732825 0.9045801526717557 0.6278625954198473 0.9026717557251909 0.6278625954198473 0.9007633587786259 0.6297709923664122 0.9980916030534351 0.6297709923664122
0 0.9007633587786259 0.011450381679389313 0.8969465648854962 0.015267175572519083 0.8969465648854962 0.01717557251908397 0.8950381679389313 0.019083969465648856 0.8950381679389313 0.03244274809160305 0.8931297709923665 0.03435114503816794 0.8931297709923665 0.11450381679389313 0.8950381679389313 0.11641221374045801 0.9045801526717557 0.11641221374045801 0.9064885496183206 0.11450381679389313 0.9790076335877863 0.11450381679389313 0.9809160305343512 0.11641221374045801 0.982824427480916 0.11450381679389313 0.9980916030534351 0.11450381679389313 0.9980916030534351 0.009541984732824428 0.9637404580152672 0.009541984732824428 0.9618320610687023 0.007633587786259542 0.933206106870229 0.007633587786259542 0.9312977099236641 0.009541984732824428 0.9083969465648855 0.009541984732824428 0.9064885496183206 0.011450381679389313
0 0.8950381679389313 0.2595419847328244 0.8912213740458015 0.2633587786259542 0.8912213740458015 0.3187022900763359 0.8931297709923665 0.32061068702290074 0.8931297709923665 0.34541984732824427 0.8950381679389313 0.3473282442748092 0.8950381679389313 0.3549618320610687 0.8969465648854962 0.3568702290076336 0.8969465648854962 0.3606870229007634 0.898854961832061 0.3606870229007634 0.9026717557251909 0.36450381679389315 0.9122137404580153 0.36450381679389315 0.9141221374045801 0.366412213740458 0.9885496183206107 0.366412213740458 0.9904580152671756 0.3683206106870229 0.9980916030534351 0.3683206106870229 0.9980916030534351 0.26145038167938933 0.9522900763358778 0.26145038167938933 0.950381679389313 0.2595419847328244
0 0.01717557251908397 0.40458015267175573 0.015267175572519083 0.40458015267175573 0.013358778625954198 0.4064885496183206 0 0.4064885496183206 0 0.5076335877862596 0.007633587786259542 0.5076335877862596 0.009541984732824428 0.5057251908396947 0.011450381679389313 0.5057251908396947 0.013358778625954198 0.5038167938931297 0.013358778625954198 0.5 0.015267175572519083 0.49809160305343514 0.015267175572519083 0.4904580152671756 0.01717557251908397 0.48854961832061067 0.01717557251908397 0.4446564885496183 0.019083969465648856 0.44274809160305345 0.019083969465648856 0.4064885496183206
0 0.015267175572519083 0.6564885496183206 0 0.6564885496183206 0 0.7538167938931297 0.0019083969465648854 0.7538167938931297 0.0057251908396946565 0.75 0.007633587786259542 0.75 0.009541984732824428 0.7480916030534351 0.009541984732824428 0.7461832061068703 0.011450381679389313 0.7442748091603053 0.011450381679389313 0.7404580152671756 0.013358778625954198 0.7385496183206107 0.013358778625954198 0.7251908396946565 0.015267175572519083 0.7232824427480916 0.015267175572519083 0.6984732824427481 0.01717557251908397 0.6965648854961832 0.01717557251908397 0.6812977099236641 0.019083969465648856 0.6793893129770993 0.019083969465648856 0.6583969465648855 0.01717557251908397 0.6583969465648855
0 0 0.916030534351145 0 0.9980916030534351 0.015267175572519083 0.9980916030534351 0.015267175572519083 0.9675572519083969 0.01717557251908397 0.9656488549618321 0.01717557251908397 0.9370229007633588 0.019083969465648856 0.9351145038167938 0.01717557251908397 0.933206106870229 0.01717557251908397 0.9179389312977099 0.015267175572519083 0.916030534351145
0 0 0.14885496183206107 0 0.25 0.0057251908396946565 0.25 0.007633587786259542 0.2480916030534351 0.011450381679389313 0.2480916030534351 0.011450381679389313 0.1965648854961832 0.009541984732824428 0.1946564885496183 0.009541984732824428 0.1736641221374046 0.007633587786259542 0.1717557251908397 0.007633587786259542 0.16221374045801526 0.0057251908396946565 0.16030534351145037 0.0057251908396946565 0.15648854961832062 0.003816793893129771 0.15458015267175573 0.003816793893129771 0.15076335877862596 0.0019083969465648854 0.14885496183206107
1 0.011450381679389313 0.7977099236641222 0.011450381679389313 0.816793893129771 0.013358778625954198 0.8187022900763359 0.013358778625954198 0.8206106870229007 0.015267175572519083 0.8225190839694656 0.015267175572519083 0.8263358778625954 0.01717557251908397 0.8282442748091603 0.01717557251908397 0.833969465648855 0.019083969465648856 0.8358778625954199 0.019083969465648856 0.8396946564885496 0.02099236641221374 0.8416030534351145 0.02099236641221374 0.8492366412213741 0.019083969465648856 0.851145038167939 0.019083969465648856 0.8549618320610687 0.01717557251908397 0.8568702290076335 0.019083969465648856 0.8587786259541985 0.019083969465648856 0.8874045801526718 0.02480916030534351 0.8874045801526718 0.026717557251908396 0.8893129770992366 0.23091603053435114 0.8893129770992366 0.23282442748091603 0.8912213740458015 0.26145038167938933 0.8912213740458015 0.2633587786259542 0.8893129770992366 0.2862595419847328 0.8893129770992366 0.2862595419847328 0.8874045801526718 0.2881679389312977 0.8854961832061069 0.2881679389312977 0.8835877862595419 0.2900763358778626 0.8816793893129771 0.2900763358778626 0.8797709923664122 0.2919847328244275 0.8778625954198473 0.2919847328244275 0.8645038167938931 0.29389312977099236 0.8625954198473282 0.29389312977099236 0.8606870229007634 0.2958015267175573 0.8587786259541985 0.2958015267175573 0.7881679389312977 0.2881679389312977 0.7805343511450382 0.1183206106870229 0.7805343511450382 0.11641221374045801 0.7786259541984732 0.11068702290076336 0.7786259541984732 0.10877862595419847 0.7805343511450382 0.07251908396946564 0.7805343511450382 0.07061068702290077 0.7786259541984732 0.06870229007633588 0.7786259541984732 0.06679389312977099 0.7767175572519084 0.022900763358778626 0.7767175572519084 0.019083969465648856 0.7805343511450382 0.019083969465648856 0.7824427480916031 0.01717557251908397 0.7843511450381679 0.01717557251908397 0.7862595419847328 0.015267175572519083 0.7881679389312977 0.015267175572519083 0.7900763358778626 0.013358778625954198 0.7919847328244275 0.013358778625954198 0.7958015267175572
1 0.30343511450381677 0.5305343511450382 0.3015267175572519 0.5286259541984732 0.3015267175572519 0.5267175572519084 0.29770992366412213 0.5229007633587787 0.2958015267175573 0.5229007633587787 0.29389312977099236 0.5209923664122137 0.2881679389312977 0.5209923664122137 0.2862595419847328 0.5190839694656488 0.2538167938931298 0.5190839694656488 0.25190839694656486 0.517175572519084 0.2366412213740458 0.517175572519084 0.23473282442748092 0.5190839694656488 0.07442748091603053 0.5190839694656488 0.07251908396946564 0.5209923664122137 0.06870229007633588 0.5209923664122137 0.06679389312977099 0.5190839694656488 0.05152671755725191 0.5190839694656488 0.04961832061068702 0.5209923664122137 0.022900763358778626 0.5209923664122137 0.02099236641221374 0.5229007633587787 0.02099236641221374 0.5267175572519084 0.019083969465648856 0.5286259541984732 0.019083969465648856 0.5305343511450382 0.01717557251908397 0.5324427480916031 0.01717557251908397 0.5343511450381679 0.015267175572519083 0.5362595419847328 0.015267175572519083 0.5419847328244275 0.013358778625954198 0.5438931297709924 0.013358778625954198 0.5553435114503816 0.015267175572519083 0.5572519083969466 0.015267175572519083 0.5629770992366412 0.01717557251908397 0.5648854961832062 0.01717557251908397 0.5706106870229007 0.019083969465648856 0.5725190839694656 0.019083969465648856 0.5877862595419847 0.01717557251908397 0.5896946564885496 0.01717557251908397 0.5992366412213741 0.019083969465648856 0.601145038167939 0.019083969465648856 0.6125954198473282 0.02099236641221374 0.6145038167938931 0.02099236641221374 0.6259541984732825 0.02480916030534351 0.6259541984732825 0.026717557251908396 0.6278625954198473 0.02862595419847328 0.6278625954198473 0.030534351145038167 0.6259541984732825 0.03244274809160305 0.6259541984732825 0.03435114503816794 0.6240458015267175 0.12786259541984732 0.6240458015267175 0.1297709923664122 0.6221374045801527 0.15839694656488548 0.6221374045801527 0.16030534351145037 0.6240458015267175 0.20038167938931298 0.6240458015267175 0.20229007633587787 0.6221374045801527 0.20419847328244276 0.6221374045801527 0.20801526717557253 0.6259541984732825 0.2099236641221374 0.6259541984732825 0.21183206106870228 0.6278625954198473 0.2385496183206107 0.6278625954198473 0.24045801526717558 0.6259541984732825 0.25190839694656486 0.6259541984732825 0.2538167938931298 0.6240458015267175 0.27099236641221375 0.6240458015267175 0.2729007633587786 0.6221374045801527 0.2919847328244275 0.6221374045801527 0.29389312977099236 0.6202290076335878 0.29770992366412213 0.6202290076335878 0.3015267175572519 0.6164122137404581 0.3015267175572519 0.6145038167938931 0.30343511450381677 0.6125954198473282 0.30343511450381677 0.6068702290076335 0.3053435114503817 0.6049618320610687 0.3053435114503817 0.5763358778625954 0.30343511450381677 0.5744274809160306
1 0.01717557251908397 0.27099236641221375 0.01717557251908397 0.2729007633587786 0.019083969465648856 0.2748091603053435 0.019083969465648856 0.29961832061068705 0.02099236641221374 0.3015267175572519 0.02099236641221374 0.31297709923664124 0.019083969465648856 0.3148854961832061 0.019083969465648856 0.3187022900763359 0.015267175572519083 0.32251908396946566 0.015267175572519083 0.32633587786259544 0.013358778625954198 0.3282442748091603 0.013358778625954198 0.3320610687022901 0.015267175572519083 0.33396946564885494 0.015267175572519083 0.33969465648854963 0.013358778625954198 0.3416030534351145 0.013358778625954198 0.3435114503816794 0.009541984732824428 0.3473282442748092 0.009541984732824428 0.3549618320610687 0.011450381679389313 0.3568702290076336 0.011450381679389313 0.35877862595419846 0.013358778625954198 0.3606870229007634 0.013358778625954198 0.366412213740458 0.01717557251908397 0.3702290076335878 0.02099236641221374 0.3702290076335878 0.022900763358778626 0.37213740458015265 0.03244274809160305 0.37213740458015265 0.03435114503816794 0.3702290076335878 0.07633587786259542 0.3702290076335878 0.07824427480916031 0.3683206106870229 0.09351145038167939 0.3683206106870229 0.09541984732824428 0.3702290076335878 0.13358778625954199 0.3702290076335878 0.13549618320610687 0.37213740458015265 0.18702290076335878 0.37213740458015265 0.18893129770992367 0.3702290076335878 0.23091603053435114 0.3702290076335878 0.23282442748091603 0.3683206106870229 0.24045801526717558 0.3683206106870229 0.24236641221374045 0.3702290076335878 0.2538167938931298 0.3702290076335878 0.25572519083969464 0.3683206106870229 0.2729007633587786 0.3683206106870229 0.2748091603053435 0.366412213740458 0.2824427480916031 0.366412213740458 0.28435114503816794 0.36450381679389315 0.2862595419847328 0.36450381679389315 0.2919847328244275 0.35877862595419846 0.2919847328244275 0.3549618320610687 0.29389312977099236 0.3530534351145038 0.29389312977099236 0.3473282442748092 0.2958015267175573 0.34541984732824427 0.2958015267175573 0.31297709923664124 0.29770992366412213 0.3110687022900763 0.29770992366412213 0.2900763358778626 0.29961832061068705 0.2881679389312977 0.29961832061068705 0.27099236641221375 0.29770992366412213 0.26908396946564883 0.29770992366412213 0.2652671755725191 0.24618320610687022 0.2652671755725191 0.24427480916030533 0.2633587786259542 0.20419847328244276 0.2633587786259542 0.20229007633587787 0.2652671755725191 0.14122137404580154 0.2652671755725191 0.13931297709923665 0.2633587786259542 0.10305343511450382 0.2633587786259542 0.10114503816793893 0.2652671755725191 0.026717557251908396 0.2652671755725191 0.02480916030534351 0.26717557251908397 0.019083969465648856 0.26717557251908397 0.019083969465648856 0.26908396946564883
1 0.030534351145038167 0.1049618320610687 0.030534351145038167 0.10687022900763359 0.03244274809160305 0.10877862595419847 0.04198473282442748 0.10877862595419847 0.04389312977099236 0.10687022900763359 0.05916030534351145 0.10687022900763359 0.061068702290076333 0.10877862595419847 0.08206106870229007 0.10877862595419847 0.08396946564885496 0.10687022900763359 0.10305343511450382 0.10687022900763359 0.1049618320610687 0.10877862595419847 0.12595419847328243 0.10877862595419847 0.12786259541984732 0.11068702290076336 0.15648854961832062 0.11068702290076336 0.15839694656488548 0.10877862595419847 0.28435114503816794 0.10877862595419847 0.2862595419847328 0.11068702290076336 0.2881679389312977 0.11068702290076336 0.2900763358778626 0.11259541984732824 0.29961832061068705 0.11259541984732824 0.3015267175572519 0.11068702290076336 0.30343511450381677 0.11068702290076336 0.30343511450381677 0.10877862595419847 0.3053435114503817 0.10687022900763359 0.3053435114503817 0.09923664122137404 0.30343511450381677 0.09732824427480916 0.30343511450381677 0.08587786259541985 0.3053435114503817 0.08396946564885496 0.3053435114503817 0.02862595419847328 0.30343511450381677 0.026717557251908396 0.30343511450381677 0.02480916030534351 0.3015267175572519 0.022900763358778626 0.3015267175572519 0.02099236641221374 0.29389312977099236 0.013358778625954198 0.2919847328244275 0.013358778625954198 0.2900763358778626 0.011450381679389313 0.2862595419847328 0.011450381679389313 0.28435114503816794 0.009541984732824428 0.2366412213740458 0.009541984732824428 0.23473282442748092 0.007633587786259542 0.21946564885496184 0.007633587786259542 0.21755725190839695 0.009541984732824428 0.1736641221374046 0.009541984732824428 0.1717557251908397 0.007633587786259542 0.16412213740458015 0.007633587786259542 0.16221374045801526 0.0057251908396946565 0.14885496183206107 0.0057251908396946565 0.14694656488549618 0.003816793893129771 0.14122137404580154 0.003816793893129771 0.13931297709923665 0.0057251908396946565 0.13549618320610687 0.0057251908396946565 0.1316793893129771 0.0019083969465648854 0.12022900763358779 0.0019083969465648854 0.1183206106870229 0.003816793893129771 0.10877862595419847 0.003816793893129771 0.10687022900763359 0.0057251908396946565 0.10305343511450382 0.0057251908396946565 0.10114503816793893 0.007633587786259542 0.0648854961832061 0.007633587786259542 0.0648854961832061 0.013358778625954198 0.06297709923664122 0.015267175572519083 0.06297709923664122 0.02099236641221374 0.061068702290076333 0.022900763358778626 0.061068702290076333 0.02480916030534351 0.05916030534351145 0.026717557251908396 0.05916030534351145 0.02862595419847328 0.05725190839694656 0.030534351145038167 0.05725190839694656 0.03244274809160305 0.05534351145038168 0.03435114503816794 0.05534351145038168 0.03625954198473282 0.05343511450381679 0.03816793893129771 0.05343511450381679 0.04198473282442748 0.04770992366412214 0.04770992366412214 0.04770992366412214 0.05916030534351145 0.04580152671755725 0.061068702290076333 0.04580152671755725 0.06679389312977099 0.04389312977099236 0.06870229007633588 0.04389312977099236 0.07633587786259542 0.04198473282442748 0.07824427480916031 0.04198473282442748 0.08396946564885496 0.04007633587786259 0.08587786259541985 0.04007633587786259 0.08778625954198473 0.03625954198473282 0.0916030534351145 0.03625954198473282 0.09351145038167939 0.03244274809160305 0.09732824427480916 0.03244274809160305 0.10305343511450382
1 0.04198473282442748 0.007633587786259542 0 0.007633587786259542 0 0.11641221374045801 0.003816793893129771 0.11641221374045801 0.0057251908396946565 0.1183206106870229 0.015267175572519083 0.1183206106870229 0.01717557251908397 0.11641221374045801 0.01717557251908397 0.11450381679389313 0.019083969465648856 0.11259541984732824 0.01717557251908397 0.11068702290076336 0.01717557251908397 0.10114503816793893 0.022900763358778626 0.09541984732824428 0.022900763358778626 0.09351145038167939 0.02862595419847328 0.08778625954198473 0.02862595419847328 0.08015267175572519 0.030534351145038167 0.07824427480916031 0.030534351145038167 0.07633587786259542 0.03244274809160305 0.07442748091603053 0.03244274809160305 0.06679389312977099 0.03435114503816794 0.0648854961832061 0.03435114503816794 0.06297709923664122 0.03625954198473282 0.061068702290076333 0.03625954198473282 0.05534351145038168 0.03816793893129771 0.05343511450381679 0.03816793893129771 0.04961832061068702 0.04007633587786259 0.04770992366412214 0.04007633587786259 0.04580152671755725 0.04198473282442748 0.04389312977099236 0.04198473282442748 0.04007633587786259 0.04389312977099236 0.03816793893129771 0.04389312977099236 0.03625954198473282 0.04580152671755725 0.03435114503816794 0.04580152671755725 0.02862595419847328 0.04770992366412214 0.026717557251908396 0.04770992366412214 0.022900763358778626 0.04580152671755725 0.02099236641221374 0.04580152671755725 0.019083969465648856 0.04389312977099236 0.01717557251908397 0.04389312977099236 0.015267175572519083 0.04198473282442748 0.013358778625954198
1 0.009541984732824428 0.5286259541984732 0 0.5286259541984732 0 0.6354961832061069 0.0019083969465648854 0.6354961832061069 0.003816793893129771 0.6335877862595419 0.007633587786259542 0.6335877862595419 0.009541984732824428 0.6316793893129771 0.007633587786259542 0.6335877862595419 0.0057251908396946565 0.6316793893129771 0.0057251908396946565 0.6278625954198473 0.007633587786259542 0.6259541984732825 0.0057251908396946565 0.6240458015267175 0.0057251908396946565 0.5896946564885496 0.007633587786259542 0.5877862595419847 0.007633587786259542 0.5858778625954199 0.0057251908396946565 0.583969465648855 0.0057251908396946565 0.5687022900763359 0.003816793893129771 0.566793893129771 0.003816793893129771 0.5591603053435115 0.0019083969465648854 0.5572519083969466 0.0019083969465648854 0.549618320610687 0.003816793893129771 0.5477099236641222 0.003816793893129771 0.5458015267175572 0.0057251908396946565 0.5438931297709924 0.0057251908396946565 0.5400763358778626 0.007633587786259542 0.5381679389312977 0.007633587786259542 0.5324427480916031 0.009541984732824428 0.5305343511450382
1 0 0.27099236641221375 0 0.3530534351145038 0 0.3511450381679389 0.0019083969465648854 0.34923664122137404 0.0019083969465648854 0.3244274809160305 0.007633587786259542 0.3187022900763359 0.007633587786259542 0.3148854961832061 0.0057251908396946565 0.31297709923664124 0.0057251908396946565 0.30725190839694655 0.003816793893129771 0.3053435114503817 0.003816793893129771 0.2958015267175573 0.0057251908396946565 0.29389312977099236 0.003816793893129771 0.2919847328244275 0.003816793893129771 0.2786259541984733 0.0019083969465648854 0.2767175572519084 0.0019083969465648854 0.2729007633587786
1 0 0.8263358778625954 0 0.898854961832061 0.003816793893129771 0.898854961832061 0.007633587786259542 0.8950381679389313 0.0057251908396946565 0.8950381679389313 0.003816793893129771 0.8931297709923665 0.003816793893129771 0.8606870229007634 0.0057251908396946565 0.8587786259541985 0.0057251908396946565 0.8492366412213741 0.003816793893129771 0.8473282442748091 0.003816793893129771 0.8377862595419847 0.0019083969465648854 0.8358778625954199 0.0019083969465648854 0.8320610687022901 0 0.8301526717557252
1 0.009541984732824428 0.7843511450381679 0 0.7843511450381679 0 0.799618320610687 0 0.7958015267175572 0.0019083969465648854 0.7938931297709924 0.0019083969465648854 0.7881679389312977 0.003816793893129771 0.7862595419847328 0.007633587786259542 0.7862595419847328
2 0.10687022900763359 0.003816793893129771 0.04961832061068702 0.003816793893129771 0.04961832061068702 0.0057251908396946565 0.04389312977099236 0.009541984732824428 0.04389312977099236 0.013358778625954198 0.04961832061068702 0.022900763358778626 0.04770992366412214 0.03435114503816794 0.04389312977099236 0.04007633587786259 0.04389312977099236 0.04389312977099236 0.03816793893129771 0.05534351145038168 0.03816793893129771 0.061068702290076333 0.03435114503816794 0.06679389312977099 0.03435114503816794 0.07442748091603053 0.030534351145038167 0.08015267175572519 0.030534351145038167 0.08778625954198473 0.019083969465648856 0.10114503816793893 0.019083969465648856 0.11068702290076336 0.02099236641221374 0.11259541984732824 0.007633587786259542 0.13549618320610687 0.011450381679389313 0.1431297709923664 0.011450381679389313 0.16030534351145037 0.009541984732824428 0.16221374045801526 0.009541984732824428 0.16603053435114504 0.011450381679389313 0.16793893129770993 0.011450381679389313 0.1946564885496183 0.013358778625954198 0.1965648854961832 0.013358778625954198 0.21374045801526717 0.015267175572519083 0.21564885496183206 0.013358778625954198 0.21755725190839695 0.013358778625954198 0.25190839694656486 0.015267175572519083 0.2538167938931298 0.015267175572519083 0.2595419847328244 0.013358778625954198 0.26145038167938933 0.003816793893129771 0.26145038167938933 0.0019083969465648854 0.2633587786259542 0.0019083969465648854 0.27099236641221375 0.0057251908396946565 0.2786259541984733 0.0057251908396946565 0.2919847328244275 0.007633587786259542 0.29389312977099236 0.0057251908396946565 0.2958015267175573 0.0057251908396946565 0.3053435114503817 0.007633587786259542 0.30725190839694655 0.009541984732824428 0.3187022900763359 0.003816793893129771 0.3244274809160305 0.003816793893129771 0.34923664122137404 0 0.3549618320610687 0 0.366412213740458 0.003816793893129771 0.37213740458015265 0.003816793893129771 0.37595419847328243 0.007633587786259542 0.37786259541984735 0.0057251908396946565 0.3797709923664122 0.007633587786259542 0.3816793893129771 0.009541984732824428 0.39122137404580154 0.02099236641221374 0.4064885496183206 0.02099236641221374 0.44274809160305345 0.019083969465648856 0.4446564885496183 0.019083969465648856 0.48854961832061067 0.01717557251908397 0.4904580152671756 0.015267175572519083 0.5038167938931297 0.011450381679389313 0.5076335877862596 0.011450381679389313 0.5114503816793893 0.009541984732824428 0.5133587786259542 0.009541984732824428 0.517175572519084 0.011450381679389313 0.5190839694656488 0.011450381679389313 0.5305343511450382 0.009541984732824428 0.5324427480916031 0.007633587786259542 0.5438931297709924 0.003816793893129771 0.549618320610687 0.003816793893129771 0.5572519083969466 0.0057251908396946565 0.5591603053435115 0.007633587786259542 0.583969465648855 0.009541984732824428 0.5858778625954199 0.007633587786259542 0.5896946564885496 0.007633587786259542 0.6240458015267175 0.009541984732824428 0.6259541984732825 0.007633587786259542 0.6278625954198473 0.007633587786259542 0.6316793893129771 0.009541984732824428 0.6297709923664122 0.011450381679389313 0.6316793893129771 0.011450381679389313 0.6393129770992366 0.015267175572519083 0.6450381679389313 0.015267175572519083 0.6545801526717557 0.02099236641221374 0.6583969465648855 0.02099236641221374 0.6793893129770993 0.019083969465648856 0.6812977099236641 0.01717557251908397 0.7232824427480916 0.015267175572519083 0.7251908396946565 0.015267175572519083 0.7366412213740458 0.019083969465648856 0.7404580152671756 0.019083969465648856 0.75 0.015267175572519083 0.7538167938931297 0.015267175572519083 0.7576335877862596 0.009541984732824428 0.7652671755725191 0.009541984732824428 0.7690839694656488 0.011450381679389313 0.7709923664122137 0.011450381679389313 0.7843511450381679 0.007633587786259542 0.7881679389312977 0.003816793893129771 0.7881679389312977 0.003816793893129771 0.7938931297709924 0 0.8015267175572519 0 0.8244274809160306 0.0057251908396946565 0.8377862595419847 0.0057251908396946565 0.8473282442748091 0.007633587786259542 0.8492366412213741 0.007633587786259542 0.8587786259541985 0.0057251908396946565 0.8606870229007634 0.0057251908396946565 0.8931297709923665 0.009541984732824428 0.8931297709923665 0.011450381679389313 0.8950381679389313 0.007633587786259542 0.9083969465648855 0.011450381679389313 0.9141221374045801 0.015267175572519083 0.9141221374045801 0.019083969465648856 0.9179389312977099 0.019083969465648856 0.933206106870229 0.02099236641221374 0.9351145038167938 0.019083969465648856 0.9370229007633588 0.01717557251908397 0.9866412213740458 0.02480916030534351 0.9923664122137404 0.02480916030534351 0.9980916030534351 0.030534351145038167 0.9980916030534351 0.03244274809160305 0.9942748091603053 0.03435114503816794 0.9637404580152672 0.030534351145038167 0.9618320610687023 0.02480916030534351 0.9541984732824428 0.026717557251908396 0.9522900763358778 0.02480916030534351 0.9045801526717557 0.022900763358778626 0.9026717557251909 0.02480916030534351 0.8893129770992366 0.019083969465648856 0.8893129770992366 0.01717557251908397 0.8874045801526718 0.01717557251908397 0.8587786259541985 0.015267175572519083 0.8568702290076335 0.019083969465648856 0.8492366412213741 0.019083969465648856 0.8416030534351145 0.015267175572519083 0.833969465648855 0.013358778625954198 0.8225190839694656 0.009541984732824428 0.816793893129771 0.009541984732824428 0.7977099236641222 0.01717557251908397 0.7805343511450382 0.02480916030534351 0.7748091603053435 0.022900763358778626 0.7633587786259542 0.026717557251908396 0.7595419847328244 0.02862595419847328 0.7519083969465649 0.03244274809160305 0.7461832061068703 0.03244274809160305 0.7137404580152672 0.026717557251908396 0.7099236641221374 0.026717557251908396 0.6889312977099237 0.02862595419847328 0.6870229007633588 0.02862595419847328 0.6698473282442748 0.026717557251908396 0.6679389312977099 0.026717557251908396 0.6603053435114504 0.02862595419847328 0.6583969465648855 0.02862595419847328 0.6374045801526718 0.02480916030534351 0.6316793893129771 0.02480916030534351 0.6278625954198473 0.02099236641221374 0.6278625954198473 0.019083969465648856 0.6259541984732825 0.019083969465648856 0.6145038167938931 0.01717557251908397 0.6125954198473282 0.01717557251908397 0.601145038167939 0.015267175572519083 0.5992366412213741 0.01717557251908397 0.5725190839694656 0.015267175572519083 0.5706106870229007 0.015267175572519083 0.5648854961832062 0.011450381679389313 0.5553435114503816 0.011450381679389313 0.5438931297709924 0.013358778625954198 0.5419847328244275 0.013358778625954198 0.5362595419847328 0.019083969465648856 0.5267175572519084 0.019083969465648856 0.5229007633587787 0.02480916030534351 0.5190839694656488 0.02480916030534351 0.5038167938931297 0.02862595419847328 0.4961832061068702 0.02862595419847328 0.4580152671755725 0.030534351145038167 0.45610687022900764 0.02862595419847328 0.4541984732824427 0.02862595419847328 0.42366412213740456 0.026717557251908396 0.4217557251908397 0.026717557251908396 0.4122137404580153 0.02862595419847328 0.41030534351145037 0.02862595419847328 0.40458015267175573 0.03244274809160305 0.3988549618320611 0.03244274809160305 0.3931297709923664 0.02862595419847328 0.3893129770992366 0.02862595419847328 0.38549618320610685 0.02480916030534351 0.3816793893129771 0.022900763358778626 0.37404580152671757 0.02099236641221374 0.37213740458015265 0.01717557251908397 0.37213740458015265 0.011450381679389313 0.366412213740458 0.011450381679389313 0.3606870229007634 0.007633587786259542 0.3549618320610687 0.007633587786259542 0.3473282442748092 0.013358778625954198 0.33969465648854963 0.011450381679389313 0.3282442748091603 0.019083969465648856 0.31297709923664124 0.019083969465648856 0.3015267175572519 0.01717557251908397 0.29961832061068705 0.01717557251908397 0.2748091603053435 0.015267175572519083 0.27099236641221375 0.019083969465648856 0.2652671755725191 0.02862595419847328 0.2633587786259542 0.02862595419847328 0.24427480916030533 0.02480916030534351 0.24236641221374045 0.02480916030534351 0.2385496183206107 0.022900763358778626 0.2366412213740458 0.02480916030534351 0.20229007633587787 0.026717557251908396 0.20038167938931298 0.022900763358778626 0.19274809160305342 0.022900763358778626 0.18893129770992367 0.026717557251908396 0.18129770992366412 0.026717557251908396 0.1717557251908397 0.02480916030534351 0.16984732824427481 0.026717557251908396 0.15648854961832062 0.022900763358778626 0.15076335877862596 0.02862595419847328 0.13549618320610687 0.026717557251908396 0.12022900763358779 0.02862595419847328 0.1183206106870229 0.02862595419847328 0.11450381679389313 0.03244274809160305 0.11068702290076336 0.02862595419847328 0.10687022900763359 0.030534351145038167 0.09732824427480916 0.04007633587786259 0.08396946564885496 0.04198473282442748 0.06870229007633588 0.04580152671755725 0.05916030534351145 0.04580152671755725 0.04770992366412214 0.05152671755725191 0.04198473282442748 0.05152671755725191 0.03816793893129771 0.061068702290076333 0.02099236641221374 0.06297709923664122 0.007633587786259542 0.0648854961832061 0.0057251908396946565 0.10114503816793893 0.0057251908396946565 0.10305343511450382 0.003816793893129771
2 0.14885496183206107 0.003816793893129771 0.16221374045801526 0.003816793893129771 0.16412213740458015 0.0057251908396946565 0.1717557251908397 0.0057251908396946565 0.1736641221374046 0.007633587786259542 0.21755725190839695 0.007633587786259542 0.21946564885496184 0.0057251908396946565 0.23473282442748092 0.0057251908396946565 0.2366412213740458 0.007633587786259542 0.28053435114503816 0.007633587786259542 0.2881679389312977 0 0.2748091603053435 0 0.2729007633587786 0.0019083969465648854 0.26717557251908397 0.0019083969465648854 0.2652671755725191 0 0.25190839694656486 0 0.25 0.0019083969465648854 0.24618320610687022 0.0019083969465648854 0.24427480916030533 0.003816793893129771 0.24236641221374045 0.0019083969465648854 0.24045801526717558 0.0019083969465648854 0.2385496183206107 0 0.21564885496183206 0 0.21374045801526717 0.0019083969465648854 0.21183206106870228 0.0019083969465648854 0.2099236641221374 0.003816793893129771 0.17748091603053434 0.003816793893129771 0.17557251908396945 0.0019083969465648854 0.1736641221374046 0.0019083969465648854 0.1717557251908397 0 0.16793893129770993 0 0.16603053435114504 0.0019083969465648854 0.16221374045801526 0.0019083969465648854 0.16030534351145037 0 0.15076335877862596 0 0.14885496183206107 0.0019083969465648854
2 0.3969465648854962 0.14885496183206107 0.3931297709923664 0.14885496183206107 0.39122137404580154 0.15076335877862596 0.38549618320610685 0.15076335877862596 0.383587786259542 0.15267175572519084 0.3816793893129771 0.15076335877862596 0.37786259541984735 0.15076335877862596 0.37404580152671757 0.15458015267175573 0.37213740458015265 0.15267175572519084 0.366412213740458 0.15267175572519084 0.36259541984732824 0.14885496183206107 0.3606870229007634 0.14885496183206107 0.3568702290076336 0.15267175572519084 0.34541984732824427 0.15267175572519084 0.3435114503816794 0.15458015267175573 0.3435114503816794 0.15648854961832062 0.3416030534351145 0.15839694656488548 0.3416030534351145 0.16412213740458015 0.33969465648854963 0.16603053435114504 0.33969465648854963 0.16984732824427481 0.3320610687022901 0.17748091603053434 0.3320610687022901 0.17938931297709923 0.3301526717557252 0.18129770992366412 0.3301526717557252 0.19274809160305342 0.32251908396946566 0.20038167938931298 0.32061068702290074 0.20038167938931298 0.3148854961832061 0.1946564885496183 0.3148854961832061 0.19274809160305342 0.30916030534351147 0.19274809160305342 0.30725190839694655 0.19083969465648856 0.3053435114503817 0.19083969465648856 0.30343511450381677 0.18893129770992367 0.30343511450381677 0.18702290076335878 0.29961832061068705 0.18702290076335878 0.29770992366412213 0.1851145038167939 0.2958015267175573 0.1851145038167939 0.2958015267175573 0.18702290076335878 0.3015267175572519 0.19274809160305342 0.3053435114503817 0.19274809160305342 0.30725190839694655 0.1946564885496183 0.31297709923664124 0.1946564885496183 0.3148854961832061 0.1965648854961832 0.3148854961832061 0.1984732824427481 0.31679389312977096 0.20038167938931298 0.31679389312977096 0.20229007633587787 0.3187022900763359 0.20419847328244276 0.32061068702290074 0.20419847328244276 0.32251908396946566 0.20610687022900764 0.32251908396946566 0.20801526717557253 0.32061068702290074 0.2099236641221374 0.32061068702290074 0.21183206106870228 0.32251908396946566 0.21374045801526717 0.32251908396946566 0.21564885496183206 0.3244274809160305 0.21755725190839695 0.3244274809160305 0.21946564885496184 0.32633587786259544 0.22137404580152673 0.32633587786259544 0.22328244274809161 0.32633587786259544 0.21755725190839695 0.3244274809160305 0.21564885496183206 0.3244274809160305 0.21374045801526717 0.32251908396946566 0.21183206106870228 0.32251908396946566 0.2099236641221374 0.3282442748091603 0.20419847328244276 0.3282442748091603 0.20038167938931298 0.3301526717557252 0.1984732824427481 0.3301526717557252 0.1965648854961832 0.33396946564885494 0.19274809160305342 0.33396946564885494 0.19083969465648856 0.3320610687022901 0.18893129770992367 0.3320610687022901 0.183206106870229 0.33587786259541985 0.17938931297709923 0.3377862595419847 0.17938931297709923 0.33969465648854963 0.17748091603053434 0.33969465648854963 0.17557251908396945 0.3416030534351145 0.1736641221374046 0.3416030534351145 0.1717557251908397 0.34541984732824427 0.16793893129770993 0.34541984732824427 0.16030534351145037 0.3473282442748092 0.15839694656488548 0.34923664122137404 0.16030534351145037 0.3511450381679389 0.16030534351145037 0.3530534351145038 0.15839694656488548 0.3549618320610687 0.15839694656488548 0.3549618320610687 0.15648854961832062 0.3568702290076336 0.15458015267175573 0.35877862595419846 0.15458015267175573 0.3606870229007634 0.15267175572519084 0.36259541984732824 0.15267175572519084 0.36450381679389315 0.15458015267175573 0.366412213740458 0.15458015267175573 0.3683206106870229 0.15648854961832062 0.37213740458015265 0.15648854961832062 0.37404580152671757 0.15839694656488548 0.37595419847328243 0.15648854961832062 0.37786259541984735 0.15648854961832062 0.37786259541984735 0.15458015267175573 0.3797709923664122 0.15267175572519084 0.38740458015267176 0.15267175572519084 0.3893129770992366 0.15076335877862596 0.3969465648854962 0.15076335877862596
2 0.44656488549618323 0.7080152671755725 0.44656488549618323 0.7099236641221374 0.4484732824427481 0.7099236641221374 0.45229007633587787 0.7137404580152672 0.45038167938931295 0.7156488549618321 0.45038167938931295 0.7175572519083969 0.45229007633587787 0.7194656488549618 0.4541984732824427 0.7194656488549618 0.45610687022900764 0.7213740458015268 0.45610687022900764 0.7232824427480916 0.4580152671755725 0.7251908396946565 0.4618320610687023 0.7251908396946565 0.4637404580152672 0.7270992366412213 0.4713740458015267 0.7270992366412213 0.4751908396946565 0.7309160305343512 0.4713740458015267 0.7347328244274809 0.4713740458015267 0.7404580152671756 0.4732824427480916 0.7385496183206107 0.4732824427480916 0.732824427480916 0.4847328244274809 0.7213740458015268 0.4866412213740458 0.7213740458015268 0.48854961832061067 0.7194656488549618 0.4904580152671756 0.7213740458015268 0.49427480916030536 0.7213740458015268 0.4961832061068702 0.7232824427480916 0.49809160305343514 0.7213740458015268 0.5 0.7232824427480916 0.5019083969465649 0.7213740458015268 0.5248091603053435 0.7213740458015268 0.5267175572519084 0.7194656488549618 0.5324427480916031 0.7194656488549618 0.5362595419847328 0.7156488549618321 0.5400763358778626 0.7156488549618321 0.5419847328244275 0.7137404580152672 0.5438931297709924 0.7137404580152672 0.5458015267175572 0.7156488549618321 0.5477099236641222 0.7156488549618321 0.549618320610687 0.7137404580152672 0.5515267175572519 0.7156488549618321 0.5553435114503816 0.7156488549618321 0.5572519083969466 0.7175572519083969 0.5572519083969466 0.7156488549618321 0.5553435114503816 0.7156488549618321 0.5534351145038168 0.7137404580152672 0.5381679389312977 0.7137404580152672 0.5362595419847328 0.7156488549618321 0.5343511450381679 0.7156488549618321 0.5324427480916031 0.7175572519083969 0.5286259541984732 0.7175572519083969 0.5267175572519084 0.7194656488549618 0.5019083969465649 0.7194656488549618 0.5 0.7213740458015268 0.49427480916030536 0.7213740458015268 0.49236641221374045 0.7194656488549618 0.4866412213740458 0.7194656488549618 0.48282442748091603 0.7232824427480916 0.48091603053435117 0.7232824427480916 0.4770992366412214 0.7270992366412213 0.4751908396946565 0.7270992366412213 0.46946564885496184 0.7213740458015268 0.46946564885496184 0.7194656488549618 0.4675572519083969 0.7194656488549618 0.46564885496183206 0.7213740458015268 0.46564885496183206 0.7232824427480916 0.4637404580152672 0.7251908396946565 0.4618320610687023 0.7232824427480916 0.4599236641221374 0.7232824427480916 0.4580152671755725 0.7213740458015268 0.4580152671755725 0.7118320610687023 0.45610687022900764 0.7118320610687023 0.4541984732824427 0.7099236641221374 0.45229007633587787 0.7099236641221374 0.45038167938931295 0.7080152671755725
2 0.9351145038167938 0.5553435114503816 0.9351145038167938 0.5572519083969466 0.9312977099236641 0.5610687022900763 0.9312977099236641 0.566793893129771 0.9255725190839694 0.5725190839694656 0.9255725190839694 0.5744274809160306 0.9217557251908397 0.5782442748091603 0.9217557251908397 0.5801526717557252 0.9198473282442748 0.5820610687022901 0.9198473282442748 0.583969465648855 0.9179389312977099 0.5858778625954199 0.9179389312977099 0.5877862595419847 0.9198473282442748 0.5896946564885496 0.916030534351145 0.5935114503816794 0.9141221374045801 0.5935114503816794 0.9122137404580153 0.5954198473282443 0.9103053435114504 0.5954198473282443 0.9103053435114504 0.5973282442748091 0.9083969465648855 0.5992366412213741 0.9064885496183206 0.5973282442748091 0.9064885496183206 0.5916030534351145 0.9045801526717557 0.5896946564885496 0.9045801526717557 0.5877862595419847 0.9026717557251909 0.5858778625954199 0.9026717557251909 0.5820610687022901 0.898854961832061 0.5782442748091603 0.898854961832061 0.5763358778625954 0.8969465648854962 0.5744274809160306 0.8969465648854962 0.5763358778625954 0.898854961832061 0.5782442748091603 0.898854961832061 0.5820610687022901 0.9007633587786259 0.583969465648855 0.9007633587786259 0.5858778625954199 0.9026717557251909 0.5877862595419847 0.9026717557251909 0.5916030534351145 0.9045801526717557 0.5935114503816794 0.9045801526717557 0.6049618320610687 0.9007633587786259 0.6087786259541985 0.9007633587786259 0.6164122137404581 0.898854961832061 0.6183206106870229 0.898854961832061 0.6240458015267175 0.8969465648854962 0.6259541984732825 0.8950381679389313 0.6259541984732825 0.8950381679389313 0.6297709923664122 0.898854961832061 0.6297709923664122 0.9026717557251909 0.6259541984732825 0.9045801526717557 0.6259541984732825 0.9045801526717557 0.6240458015267175 0.9083969465648855 0.6202290076335878 0.9083969465648855 0.6164122137404581 0.9064885496183206 0.6145038167938931 0.9045801526717557 0.6145038167938931 0.9026717557251909 0.6125954198473282 0.9083969465648855 0.6068702290076335 0.9083969465648855 0.6049618320610687 0.9122137404580153 0.601145038167939 0.9122137404580153 0.5973282442748091 0.916030534351145 0.5935114503816794 0.9179389312977099 0.5935114503816794 0.9198473282442748 0.5916030534351145 0.9198473282442748 0.583969465648855 0.9217557251908397 0.5820610687022901 0.9217557251908397 0.5801526717557252 0.933206106870229 0.5687022900763359 0.933206106870229 0.5648854961832062 0.9351145038167938 0.5629770992366412 0.9408396946564885 0.5629770992366412 0.9389312977099237 0.5629770992366412 0.9351145038167938 0.5591603053435115
2 0.8969465648854962 0.29770992366412213 0.8969465648854962 0.3015267175572519 0.8950381679389313 0.30343511450381677 0.8969465648854962 0.30343511450381677 0.9007633587786259 0.29961832061068705 0.9045801526717557 0.30343511450381677 0.9045801526717557 0.3053435114503817 0.9198473282442748 0.3053435114503817 0.9217557251908397 0.30725190839694655 0.9217557251908397 0.30916030534351147 0.9236641221374046 0.30916030534351147 0.9236641221374046 0.3053435114503817 0.9217557251908397 0.30343511450381677 0.9217557251908397 0.3015267175572519 0.9236641221374046 0.29961832061068705 0.9370229007633588 0.29961832061068705 0.9389312977099237 0.3015267175572519 0.9389312977099237 0.30343511450381677 0.9408396946564885 0.3053435114503817 0.9408396946564885 0.3110687022900763 0.9427480916030534 0.31297709923664124 0.9427480916030534 0.3148854961832061 0.9446564885496184 0.31679389312977096 0.9484732824427481 0.31679389312977096 0.9541984732824428 0.32251908396946566 0.9541984732824428 0.32633587786259544 0.9561068702290076 0.3282442748091603 0.9561068702290076 0.3244274809160305 0.950381679389313 0.3187022900763359 0.950381679389313 0.31679389312977096 0.9484732824427481 0.31679389312977096 0.9465648854961832 0.3148854961832061 0.9446564885496184 0.3148854961832061 0.9427480916030534 0.31297709923664124 0.9427480916030534 0.3110687022900763 0.9408396946564885 0.30916030534351147 0.9408396946564885 0.3015267175572519 0.9389312977099237 0.29961832061068705 0.933206106870229 0.29961832061068705 0.9312977099236641 0.29770992366412213 0.9255725190839694 0.29770992366412213 0.9236641221374046 0.2958015267175573 0.9236641221374046 0.29389312977099236 0.9217557251908397 0.2919847328244275 0.9217557251908397 0.2900763358778626 0.9198473282442748 0.2881679389312977 0.9198473282442748 0.2862595419847328 0.9217557251908397 0.28435114503816794 0.9217557251908397 0.2767175572519084 0.9179389312977099 0.2767175572519084 0.9179389312977099 0.2786259541984733 0.9198473282442748 0.28053435114503816 0.9198473282442748 0.2824427480916031 0.9083969465648855 0.29389312977099236 0.9064885496183206 0.29389312977099236 0.9064885496183206 0.2958015267175573 0.9045801526717557 0.29770992366412213 0.9026717557251909 0.29770992366412213 0.9007633587786259 0.2958015267175573 0.898854961832061 0.2958015267175573
2 0.4179389312977099 0.5248091603053435 0.4179389312977099 0.5286259541984732 0.4198473282442748 0.5286259541984732 0.42748091603053434 0.5362595419847328 0.42938931297709926 0.5362595419847328 0.43320610687022904 0.5400763358778626 0.4351145038167939 0.5400763358778626 0.43702290076335876 0.5419847328244275 0.4389312977099237 0.5419847328244275 0.44083969465648853 0.5438931297709924 0.44274809160305345 0.5438931297709924 0.44656488549618323 0.5477099236641222 0.4484732824427481 0.5477099236641222 0.4541984732824427 0.5534351145038168 0.45610687022900764 0.5534351145038168 0.4580152671755725 0.5553435114503816 0.4580152671755725 0.5572519083969466 0.4618320610687023 0.5610687022900763 0.4618320610687023 0.5629770992366412 0.4637404580152672 0.5648854961832062 0.4637404580152672 0.566793893129771 0.46564885496183206 0.5687022900763359 0.46564885496183206 0.5706106870229007 0.4675572519083969 0.5725190839694656 0.4675572519083969 0.5744274809160306 0.46946564885496184 0.5763358778625954 0.46946564885496184 0.5782442748091603 0.4732824427480916 0.5820610687022901 0.4732824427480916 0.583969465648855 0.4770992366412214 0.5877862595419847 0.4770992366412214 0.5916030534351145 0.48091603053435117 0.5954198473282443 0.48091603053435117 0.5973282442748091 0.48282442748091603 0.5992366412213741 0.48282442748091603 0.601145038167939 0.4847328244274809 0.6030534351145038 0.4866412213740458 0.6030534351145038 0.48854961832061067 0.6049618320610687 0.48854961832061067 0.6068702290076335 0.4904580152671756 0.6087786259541985 0.49236641221374045 0.6087786259541985 0.49236641221374045 0.6068702290076335 0.4904580152671756 0.6049618320610687 0.4904580152671756 0.6030534351145038 0.48091603053435117 0.5935114503816794 0.48091603053435117 0.5916030534351145 0.4770992366412214 0.5877862595419847 0.4770992366412214 0.583969465648855 0.4751908396946565 0.5820610687022901 0.4751908396946565 0.5801526717557252 0.46946564885496184 0.5744274809160306 0.46946564885496184 0.5706106870229007 0.4675572519083969 0.5687022900763359 0.4675572519083969 0.5648854961832062 0.4637404580152672 0.5610687022900763 0.4637404580152672 0.5591603053435115 0.4599236641221374 0.5553435114503816 0.4599236641221374 0.5534351145038168 0.4580152671755725 0.5515267175572519 0.4580152671755725 0.549618320610687 0.45610687022900764 0.549618320610687 0.45229007633587787 0.5458015267175572 0.45038167938931295 0.5458015267175572 0.4484732824427481 0.5438931297709924 0.4446564885496183 0.5438931297709924 0.44083969465648853 0.5400763358778626 0.4389312977099237 0.5400763358778626 0.43702290076335876 0.5381679389312977 0.4351145038167939 0.5381679389312977 0.4312977099236641 0.5343511450381679 0.42938931297709926 0.5343511450381679 0.4198473282442748 0.5248091603053435
2 0.8282442748091603 0.5190839694656488 0.8282442748091603 0.5229007633587787 0.8244274809160306 0.5267175572519084 0.8244274809160306 0.5305343511450382 0.8301526717557252 0.5362595419847328 0.8301526717557252 0.5381679389312977 0.8263358778625954 0.5419847328244275 0.8244274809160306 0.5419847328244275 0.8244274809160306 0.5477099236641222 0.8225190839694656 0.549618320610687 0.8225190839694656 0.5515267175572519 0.8187022900763359 0.5553435114503816 0.8187022900763359 0.5591603053435115 0.8244274809160306 0.5648854961832062 0.8263358778625954 0.5648854961832062 0.8358778625954199 0.5744274809160306 0.8377862595419847 0.5744274809160306 0.8396946564885496 0.5763358778625954 0.8396946564885496 0.5782442748091603 0.8416030534351145 0.5801526717557252 0.8416030534351145 0.5973282442748091 0.8435114503816794 0.5954198473282443 0.8435114503816794 0.5858778625954199 0.8454198473282443 0.583969465648855 0.8473282442748091 0.583969465648855 0.8492366412213741 0.5820610687022901 0.8568702290076335 0.5820610687022901 0.8568702290076335 0.5801526717557252 0.8492366412213741 0.5801526717557252 0.8473282442748091 0.5820610687022901 0.8435114503816794 0.5820610687022901 0.8416030534351145 0.5801526717557252 0.8416030534351145 0.5763358778625954 0.8396946564885496 0.5763358778625954 0.8377862595419847 0.5744274809160306 0.8377862595419847 0.5725190839694656 0.8358778625954199 0.5725190839694656 0.833969465648855 0.5706106870229007 0.833969465648855 0.5687022900763359 0.8320610687022901 0.5687022900763359 0.8263358778625954 0.5629770992366412 0.8263358778625954 0.5610687022900763 0.8244274809160306 0.5591603053435115 0.8244274809160306 0.5572519083969466 0.8225190839694656 0.5572519083969466 0.8206106870229007 0.5553435114503816 0.8244274809160306 0.5515267175572519 0.8244274809160306 0.5458015267175572 0.8301526717557252 0.5400763358778626 0.8320610687022901 0.5400763358778626 0.833969465648855 0.5381679389312977 0.8358778625954199 0.5381679389312977 0.8377862595419847 0.5362595419847328 0.833969465648855 0.5324427480916031 0.8301526717557252 0.5324427480916031 0.8282442748091603 0.5305343511450382 0.8282442748091603 0.5286259541984732 0.8263358778625954 0.5267175572519084 0.8282442748091603 0.5248091603053435 0.8282442748091603 0.5209923664122137 0.8301526717557252 0.5190839694656488
2 0.7786259541984732 0.26145038167938933 0.7748091603053435 0.26145038167938933 0.7748091603053435 0.2652671755725191 0.7729007633587787 0.26717557251908397 0.7709923664122137 0.26717557251908397 0.7709923664122137 0.26908396946564883 0.7690839694656488 0.27099236641221375 0.7690839694656488 0.2748091603053435 0.767175572519084 0.2767175572519084 0.7652671755725191 0.2767175572519084 0.7652671755725191 0.2881679389312977 0.7633587786259542 0.2900763358778626 0.7633587786259542 0.2919847328244275 0.7614503816793893 0.29389312977099236 0.7614503816793893 0.29770992366412213 0.7538167938931297 0.3053435114503817 0.7519083969465649 0.3053435114503817 0.75 0.30725190839694655 0.75 0.3148854961832061 0.7461832061068703 0.3187022900763359 0.7461832061068703 0.32061068702290074 0.7442748091603053 0.32251908396946566 0.7442748091603053 0.3244274809160305 0.7404580152671756 0.3282442748091603 0.7423664122137404 0.3282442748091603 0.7442748091603053 0.32633587786259544 0.7442748091603053 0.32251908396946566 0.7461832061068703 0.32061068702290074 0.7461832061068703 0.3187022900763359 0.7480916030534351 0.31679389312977096 0.75 0.31679389312977096 0.7519083969465649 0.3148854961832061 0.7519083969465649 0.31297709923664124 0.75 0.3110687022900763 0.7538167938931297 0.30725190839694655 0.7538167938931297 0.3053435114503817 0.7557251908396947 0.30343511450381677 0.7576335877862596 0.30343511450381677 0.7595419847328244 0.3015267175572519 0.7595419847328244 0.29961832061068705 0.7614503816793893 0.29770992366412213 0.7614503816793893 0.2958015267175573 0.7633587786259542 0.29389312977099236 0.7633587786259542 0.2919847328244275 0.767175572519084 0.2881679389312977 0.7690839694656488 0.2881679389312977 0.7709923664122137 0.2900763358778626 0.7709923664122137 0.30916030534351147 0.7729007633587787 0.3110687022900763 0.7729007633587787 0.31297709923664124 0.7748091603053435 0.31297709923664124 0.7767175572519084 0.3148854961832061 0.7767175572519084 0.32251908396946566 0.7786259541984732 0.3244274809160305 0.7786259541984732 0.31679389312977096 0.7767175572519084 0.3148854961832061 0.7767175572519084 0.31297709923664124 0.7729007633587787 0.30916030534351147 0.7729007633587787 0.3015267175572519 0.7709923664122137 0.29961832061068705 0.7709923664122137 0.29770992366412213 0.7729007633587787 0.2958015267175573 0.7709923664122137 0.29389312977099236 0.7709923664122137 0.2824427480916031 0.7729007633587787 0.28053435114503816 0.7729007633587787 0.26908396946564883 0.7767175572519084 0.2652671755725191 0.7767175572519084 0.2633587786259542
2 0.9198473282442748 0.8473282442748091 0.9198473282442748 0.8492366412213741 0.9236641221374046 0.8492366412213741 0.9255725190839694 0.851145038167939 0.9274809160305344 0.851145038167939 0.9293893129770993 0.8530534351145038 0.9312977099236641 0.8530534351145038 0.933206106870229 0.8549618320610687 0.9351145038167938 0.8549618320610687 0.9370229007633588 0.8568702290076335 0.9408396946564885 0.8568702290076335 0.9427480916030534 0.8587786259541985 0.9446564885496184 0.8587786259541985 0.9465648854961832 0.8606870229007634 0.950381679389313 0.8606870229007634 0.9522900763358778 0.8625954198473282 0.9561068702290076 0.8625954198473282 0.9580152671755725 0.8645038167938931 0.9618320610687023 0.8645038167938931 0.9656488549618321 0.8683206106870229 0.9675572519083969 0.8683206106870229 0.9694656488549618 0.8702290076335878 0.9713740458015268 0.8702290076335878 0.9732824427480916 0.8721374045801527 0.9751908396946565 0.8721374045801527 0.9770992366412213 0.8740458015267175 0.9809160305343512 0.8740458015267175 0.982824427480916 0.8759541984732825 0.9866412213740458 0.8759541984732825 0.9904580152671756 0.8797709923664122 0.9904580152671756 0.8854961832061069 0.9885496183206107 0.8874045801526718 0.9885496183206107 0.8893129770992366 0.9866412213740458 0.8912213740458015 0.9904580152671756 0.8912213740458015 0.9904580152671756 0.8893129770992366 0.9923664122137404 0.8874045801526718 0.9923664122137404 0.8835877862595419 0.9942748091603053 0.8816793893129771 0.9980916030534351 0.8854961832061069 0.9980916030534351 0.8816793893129771 0.9942748091603053 0.8778625954198473 0.9942748091603053 0.8759541984732825 0.9961832061068703 0.8740458015267175 0.9961832061068703 0.8721374045801527 0.9980916030534351 0.8702290076335878 0.9980916030534351 0.8645038167938931 0.9980916030534351 0.8664122137404581 0.9961832061068703 0.8683206106870229 0.9961832061068703 0.8702290076335878 0.9942748091603053 0.8721374045801527 0.9942748091603053 0.8740458015267175 0.9904580152671756 0.8778625954198473 0.9885496183206107 0.8759541984732825 0.9866412213740458 0.8759541984732825 0.9847328244274809 0.8740458015267175 0.9809160305343512 0.8740458015267175 0.9790076335877863 0.8721374045801527 0.9770992366412213 0.8721374045801527 0.9751908396946565 0.8702290076335878 0.9732824427480916 0.8702290076335878 0.9713740458015268 0.8683206106870229 0.9694656488549618 0.8683206106870229 0.9656488549618321 0.8645038167938931 0.9618320610687023 0.8645038167938931 0.9599236641221374 0.8625954198473282 0.9561068702290076 0.8625954198473282 0.9541984732824428 0.8606870229007634 0.950381679389313 0.8606870229007634 0.9484732824427481 0.8587786259541985 0.9465648854961832 0.8587786259541985 0.9446564885496184 0.8568702290076335 0.9408396946564885 0.8568702290076335 0.9389312977099237 0.8549618320610687 0.9370229007633588 0.8549618320610687 0.9351145038167938 0.8530534351145038 0.933206106870229 0.8530534351145038 0.9312977099236641 0.851145038167939 0.9293893129770993 0.851145038167939 0.9274809160305344 0.8492366412213741 0.9255725190839694 0.8492366412213741 0.9236641221374046 0.8473282442748091
2 0.5076335877862596 0.9541984732824428 0.5076335877862596 0.9580152671755725 0.5114503816793893 0.9618320610687023 0.5133587786259542 0.9618320610687023 0.5229007633587787 0.9713740458015268 0.5248091603053435 0.9713740458015268 0.5324427480916031 0.9790076335877863 0.5343511450381679 0.9790076335877863 0.5419847328244275 0.9866412213740458 0.5438931297709924 0.9866412213740458 0.5515267175572519 0.9942748091603053 0.5534351145038168 0.9942748091603053 0.5553435114503816 0.9961832061068703 0.5572519083969466 0.9961832061068703 0.5477099236641222 0.9866412213740458 0.5458015267175572 0.9866412213740458 0.5381679389312977 0.9790076335877863 0.5362595419847328 0.9790076335877863 0.5286259541984732 0.9713740458015268 0.5267175572519084 0.9713740458015268 0.517175572519084 0.9618320610687023 0.5152671755725191 0.9618320610687023
2 0.7366412213740458 0.7232824427480916 0.7366412213740458 0.7251908396946565 0.7404580152671756 0.7290076335877863 0.7404580152671756 0.7309160305343512 0.7442748091603053 0.7347328244274809 0.75 0.7290076335877863 0.7538167938931297 0.7290076335877863 0.7557251908396947 0.7270992366412213 0.7576335877862596 0.7270992366412213 0.7595419847328244 0.7290076335877863 0.7614503816793893 0.7290076335877863 0.7633587786259542 0.7309160305343512 0.7652671755725191 0.7309160305343512 0.767175572519084 0.732824427480916 0.7690839694656488 0.732824427480916 0.7709923664122137 0.7309160305343512 0.7729007633587787 0.7309160305343512 0.7748091603053435 0.7290076335877863 0.7748091603053435 0.7270992366412213 0.7767175572519084 0.7251908396946565 0.7805343511450382 0.7251908396946565 0.7824427480916031 0.7232824427480916 0.7843511450381679 0.7251908396946565 0.7958015267175572 0.7251908396946565 0.7958015267175572 0.7232824427480916 0.7938931297709924 0.7232824427480916 0.7919847328244275 0.7251908396946565 0.7900763358778626 0.7251908396946565 0.7881679389312977 0.7232824427480916 0.7767175572519084 0.7232824427480916 0.7690839694656488 0.7309160305343512 0.767175572519084 0.7309160305343512 0.7652671755725191 0.7290076335877863 0.7633587786259542 0.7290076335877863 0.7614503816793893 0.7270992366412213 0.75 0.7270992366412213 0.7480916030534351 0.7290076335877863 0.7461832061068703 0.7290076335877863 0.7442748091603053 0.7309160305343512 0.7423664122137404 0.7309160305343512 0.7404580152671756 0.7290076335877863 0.7404580152671756 0.7270992366412213 0.7385496183206107 0.7251908396946565 0.7385496183206107 0.7232824427480916
2 0.8091603053435115 0.5209923664122137 0.799618320610687 0.5209923664122137 0.7977099236641222 0.5190839694656488 0.7938931297709924 0.5190839694656488 0.7938931297709924 0.5248091603053435 0.7958015267175572 0.5267175572519084 0.7958015267175572 0.5286259541984732 0.7977099236641222 0.5305343511450382 0.7977099236641222 0.5438931297709924 0.7958015267175572 0.5458015267175572 0.7958015267175572 0.5477099236641222 0.7938931297709924 0.549618320610687 0.7938931297709924 0.5553435114503816 0.7919847328244275 0.5572519083969466 0.7919847328244275 0.5591603053435115 0.7900763358778626 0.5610687022900763 0.7900763358778626 0.5648854961832062 0.7900763358778626 0.5629770992366412 0.7938931297709924 0.5591603053435115 0.7938931297709924 0.5534351145038168 0.7958015267175572 0.5515267175572519 0.7958015267175572 0.5477099236641222 0.7977099236641222 0.5458015267175572 0.7977099236641222 0.5400763358778626 0.799618320610687 0.5381679389312977 0.799618320610687 0.5343511450381679 0.7977099236641222 0.5324427480916031 0.7977099236641222 0.5229007633587787 0.799618320610687 0.5209923664122137 0.8034351145038168 0.5248091603053435 0.8053435114503816 0.5248091603053435 0.8072519083969466 0.5229007633587787 0.8091603053435115 0.5229007633587787
2 0.4312977099236641 0.5248091603053435 0.4312977099236641 0.5267175572519084 0.4389312977099237 0.5267175572519084 0.44083969465648853 0.5286259541984732 0.4541984732824427 0.5286259541984732 0.45610687022900764 0.5305343511450382 0.4637404580152672 0.5305343511450382 0.46564885496183206 0.5324427480916031 0.48282442748091603 0.5324427480916031 0.4847328244274809 0.5343511450381679 0.4866412213740458 0.5343511450381679 0.4866412213740458 0.5324427480916031 0.48282442748091603 0.5324427480916031 0.48091603053435117 0.5305343511450382 0.4618320610687023 0.5305343511450382 0.4599236641221374 0.5286259541984732 0.45610687022900764 0.5286259541984732 0.4541984732824427 0.5267175572519084 0.4389312977099237 0.5267175572519084 0.43702290076335876 0.5248091603053435
2 0.40458015267175573 0.5267175572519084 0.4026717557251908 0.5267175572519084 0.4026717557251908 0.5305343511450382 0.40076335877862596 0.5324427480916031 0.40076335877862596 0.5400763358778626 0.3988549618320611 0.5419847328244275 0.3988549618320611 0.5458015267175572 0.3969465648854962 0.5477099236641222 0.3969465648854962 0.5515267175572519 0.3950381679389313 0.5534351145038168 0.3950381679389313 0.5553435114503816 0.3969465648854962 0.5572519083969466 0.3816793893129771 0.5725190839694656 0.3816793893129771 0.5744274809160306 0.3931297709923664 0.5629770992366412 0.3950381679389313 0.5629770992366412 0.3950381679389313 0.5610687022900763 0.3969465648854962 0.5591603053435115 0.3969465648854962 0.5534351145038168 0.3988549618320611 0.5515267175572519 0.3988549618320611 0.5477099236641222 0.40076335877862596 0.5458015267175572 0.40076335877862596 0.5400763358778626 0.4026717557251908 0.5381679389312977 0.4026717557251908 0.5324427480916031 0.40458015267175573 0.5305343511450382
2 0.366412213740458 0.8110687022900763 0.36450381679389315 0.8129770992366412 0.3606870229007634 0.8129770992366412 0.35877862595419846 0.8148854961832062 0.3549618320610687 0.8148854961832062 0.3530534351145038 0.8129770992366412 0.34923664122137404 0.8129770992366412 0.3473282442748092 0.8148854961832062 0.34541984732824427 0.8148854961832062 0.3416030534351145 0.8187022900763359 0.33969465648854963 0.8187022900763359 0.3377862595419847 0.816793893129771 0.33587786259541985 0.8187022900763359 0.3301526717557252 0.8187022900763359 0.3282442748091603 0.8206106870229007 0.3244274809160305 0.8206106870229007 0.32251908396946566 0.8187022900763359 0.32061068702290074 0.8187022900763359 0.3187022900763359 0.816793893129771 0.3187022900763359 0.8148854961832062 0.31297709923664124 0.8148854961832062 0.3148854961832061 0.816793893129771 0.31679389312977096 0.816793893129771 0.32061068702290074 0.8206106870229007 0.33396946564885494 0.8206106870229007 0.33587786259541985 0.8187022900763359 0.3377862595419847 0.8206106870229007 0.33969465648854963 0.8187022900763359 0.3435114503816794 0.8187022900763359 0.3473282442748092 0.8148854961832062 0.3606870229007634 0.8148854961832062 0.36259541984732824 0.8129770992366412 0.366412213740458 0.8129770992366412
2 0.7843511450381679 0.5687022900763359 0.7805343511450382 0.5725190839694656 0.7786259541984732 0.5725190839694656 0.7748091603053435 0.5687022900763359 0.7709923664122137 0.5725190839694656 0.7709923664122137 0.5763358778625954 0.7690839694656488 0.5782442748091603 0.7690839694656488 0.5801526717557252 0.767175572519084 0.5820610687022901 0.767175572519084 0.5896946564885496 0.7690839694656488 0.5877862595419847 0.7690839694656488 0.583969465648855 0.7709923664122137 0.5820610687022901 0.7709923664122137 0.5801526717557252 0.7729007633587787 0.5782442748091603 0.7729007633587787 0.5744274809160306 0.7748091603053435 0.5725190839694656 0.7767175572519084 0.5725190839694656 0.7786259541984732 0.5744274809160306 0.7805343511450382 0.5725190839694656 0.7824427480916031 0.5725190839694656 0.7843511450381679 0.5706106870229007
2 0.7786259541984732 0.3282442748091603 0.7786259541984732 0.3377862595419847 0.7824427480916031 0.3416030534351145 0.7824427480916031 0.3435114503816794 0.7843511450381679 0.34541984732824427 0.7824427480916031 0.3473282442748092 0.7824427480916031 0.3530534351145038 0.7824427480916031 0.34923664122137404 0.7843511450381679 0.3473282442748092 0.7843511450381679 0.3416030534351145 0.7824427480916031 0.3416030534351145 0.7805343511450382 0.33969465648854963 0.7805343511450382 0.33396946564885494 0.7786259541984732 0.3320610687022901