0 0.21052631578947367 0.7481203007518797 0.21052631578947367 0.7875939849624061 0.212406015037594 0.7894736842105263 0.212406015037594 0.8552631578947368 0.2424812030075188 0.8552631578947368 0.24436090225563908 0.8533834586466166 0.2556390977443609 0.8533834586466166 0.2575187969924812 0.8552631578947368 0.2800751879699248 0.8552631578947368 0.2819548872180451 0.8533834586466166 0.2932330827067669 0.8533834586466166 0.2951127819548872 0.8552631578947368 0.31954887218045114 0.8552631578947368 0.32142857142857145 0.8533834586466166 0.5056390977443609 0.8533834586466166 0.5075187969924813 0.8515037593984962 0.5169172932330827 0.8515037593984962 0.518796992481203 0.8533834586466166 0.5545112781954887 0.8533834586466166 0.556390977443609 0.8515037593984962 0.5676691729323309 0.8515037593984962 0.5676691729323309 0.7443609022556391 0.5639097744360902 0.7406015037593985 0.42105263157894735 0.7406015037593985 0.4191729323308271 0.7424812030075187 0.3533834586466165 0.7424812030075187 0.35150375939849626 0.7406015037593985 0.33458646616541354 0.7406015037593985 0.33270676691729323 0.7424812030075187 0.2161654135338346 0.7424812030075187
0 0.5037593984962406 0.11278195488721804 0.5037593984962406 0.16353383458646617 0.5018796992481203 0.16541353383458646 0.5018796992481203 0.17669172932330826 0.5037593984962406 0.17857142857142858 0.5037593984962406 0.19736842105263158 0.5056390977443609 0.19924812030075187 0.5319548872180451 0.19924812030075187 0.5338345864661654 0.20112781954887218 0.5526315789473685 0.20112781954887218 0.5545112781954887 0.20300751879699247 0.575187969924812 0.20300751879699247 0.5770676691729323 0.20112781954887218 0.5977443609022557 0.20112781954887218 0.599624060150376 0.19924812030075187 0.6203007518796992 0.19924812030075187 0.6221804511278195 0.19736842105263158 0.6541353383458647 0.19736842105263158 0.6560150375939849 0.19924812030075187 0.6578947368421053 0.19924812030075187 0.6597744360902256 0.19736842105263158 0.6616541353383458 0.19736842105263158 0.6635338345864662 0.19924812030075187 0.8007518796992481 0.19924812030075187 0.8026315789473685 0.19736842105263158 0.8552631578947368 0.19736842105263158 0.8590225563909775 0.19360902255639098 0.8609022556390977 0.19360902255639098 0.8609022556390977 0.19172932330827067 0.8627819548872181 0.18984962406015038 0.8627819548872181 0.15225563909774437 0.8609022556390977 0.15037593984962405 0.8609022556390977 0.13345864661654136 0.8590225563909775 0.13157894736842105 0.8590225563909775 0.12030075187969924 0.8571428571428571 0.11842105263157894 0.8571428571428571 0.11278195488721804 0.8552631578947368 0.11090225563909774 0.8552631578947368 0.10902255639097744 0.8533834586466166 0.10714285714285714 0.8533834586466166 0.10526315789473684 0.8515037593984962 0.10338345864661654 0.8515037593984962 0.10150375939849623 0.849624060150376 0.09962406015037593 0.8477443609022557 0.09962406015037593 0.8458646616541353 0.09774436090225563 0.8439849624060151 0.09774436090225563 0.8421052631578947 0.09586466165413533 0.8327067669172933 0.09586466165413533 0.8308270676691729 0.09398496240601503 0.7951127819548872 0.09398496240601503 0.793233082706767 0.09210526315789473 0.7650375939849624 0.09210526315789473 0.7631578947368421 0.09398496240601503 0.7236842105263158 0.09398496240601503 0.7218045112781954 0.09210526315789473 0.7142857142857143 0.09210526315789473 0.7124060150375939 0.09022556390977443 0.7048872180451128 0.09022556390977443 0.7030075187969925 0.08834586466165413 0.6954887218045113 0.08834586466165413 0.693609022556391 0.08646616541353383 0.6541353383458647 0.08646616541353383 0.6522556390977443 0.08834586466165413 0.6221804511278195 0.08834586466165413 0.6203007518796992 0.08646616541353383 0.5977443609022557 0.08646616541353383 0.5958646616541353 0.08834586466165413 0.5582706766917294 0.08834586466165413 0.556390977443609 0.09022556390977443 0.5488721804511278 0.09022556390977443 0.5469924812030075 0.09210526315789473 0.5357142857142857 0.09210526315789473 0.5338345864661654 0.09398496240601503 0.5300751879699248 0.09398496240601503 0.5281954887218046 0.09586466165413533 0.5225563909774437 0.09586466165413533 0.5206766917293233 0.09774436090225563 0.5150375939849624 0.09774436090225563 0.5131578947368421 0.09962406015037593 0.5112781954887218 0.09962406015037593 0.5056390977443609 0.10526315789473684 0.5056390977443609 0.11090225563909774
0 0.5 0.36654135338345867 0.5 0.4473684210526316 0.5018796992481203 0.4492481203007519 0.5018796992481203 0.45300751879699247 0.5037593984962406 0.4548872180451128 0.5056390977443609 0.4548872180451128 0.5075187969924813 0.4567669172932331 0.5150375939849624 0.4567669172932331 0.5169172932330827 0.45864661654135336 0.5676691729323309 0.45864661654135336 0.5676691729323309 0.4567669172932331 0.5695488721804511 0.4548872180451128 0.5714285714285714 0.4567669172932331 0.575187969924812 0.45300751879699247 0.5770676691729323 0.4548872180451128 0.5770676691729323 0.4567669172932331 0.575187969924812 0.45864661654135336 0.7274436090225563 0.45864661654135336 0.7293233082706767 0.4605263157894737 0.7406015037593985 0.4605263157894737 0.7424812030075187 0.45864661654135336 0.7443609022556391 0.45864661654135336 0.7462406015037594 0.4605263157894737 0.75 0.4605263157894737 0.7518796992481203 0.45864661654135336 0.8045112781954887 0.45864661654135336 0.806390977443609 0.4567669172932331 0.825187969924812 0.4567669172932331 0.8270676691729323 0.4548872180451128 0.8345864661654135 0.4548872180451128 0.8364661654135338 0.45300751879699247 0.8421052631578947 0.45300751879699247 0.8477443609022557 0.4473684210526316 0.8477443609022557 0.44360902255639095 0.849624060150376 0.4417293233082707 0.849624060150376 0.4266917293233083 0.8515037593984962 0.424812030075188 0.8515037593984962 0.4041353383458647 0.8533834586466166 0.40225563909774437 0.8533834586466166 0.39097744360902253 0.8552631578947368 0.3890977443609023 0.8552631578947368 0.37969924812030076 0.8571428571428571 0.37781954887218044 0.8571428571428571 0.37030075187969924 0.8590225563909775 0.3684210526315789 0.8590225563909775 0.35714285714285715 0.8609022556390977 0.35526315789473684 0.8609022556390977 0.3533834586466165 0.8590225563909775 0.35150375939849626 0.5639097744360902 0.35150375939849626 0.5620300751879699 0.3533834586466165 0.5357142857142857 0.3533834586466165 0.5338345864661654 0.35526315789473684 0.5093984962406015 0.35526315789473684 0.5075187969924813 0.35714285714285715 0.5037593984962406 0.35714285714285715 0.5037593984962406 0.35902255639097747 0.5018796992481203 0.3609022556390977 0.5018796992481203 0.36466165413533835
0 0.5056390977443609 0.8703007518796992 0.5056390977443609 0.8778195488721805 0.5037593984962406 0.8796992481203008 0.5037593984962406 0.9210526315789473 0.5056390977443609 0.9229323308270677 0.5056390977443609 0.9398496240601504 0.5075187969924813 0.9417293233082706 0.5075187969924813 0.9530075187969925 0.5093984962406015 0.9548872180451128 0.5093984962406015 0.9605263157894737 0.5112781954887218 0.9624060150375939 0.5112781954887218 0.9661654135338346 0.5169172932330827 0.9718045112781954 0.518796992481203 0.9718045112781954 0.5206766917293233 0.9699248120300752 0.5338345864661654 0.9699248120300752 0.5357142857142857 0.9680451127819549 0.5451127819548872 0.9680451127819549 0.5469924812030075 0.9661654135338346 0.5601503759398496 0.9661654135338346 0.5620300751879699 0.9642857142857143 0.5639097744360902 0.9661654135338346 0.575187969924812 0.9661654135338346 0.5770676691729323 0.9680451127819549 0.5845864661654135 0.9680451127819549 0.5864661654135338 0.9699248120300752 0.5958646616541353 0.9699248120300752 0.5977443609022557 0.9718045112781954 0.6109022556390977 0.9718045112781954 0.6127819548872181 0.9736842105263158 0.618421052631579 0.9736842105263158 0.6203007518796992 0.9755639097744361 0.6259398496240601 0.9755639097744361 0.6278195488721805 0.9774436090225563 0.6296992481203008 0.9755639097744361 0.6409774436090225 0.9755639097744361 0.6428571428571429 0.9736842105263158 0.6597744360902256 0.9736842105263158 0.6616541353383458 0.9755639097744361 0.6710526315789473 0.9755639097744361 0.6729323308270677 0.9774436090225563 0.6804511278195489 0.9774436090225563 0.6823308270676691 0.9793233082706767 0.6898496240601504 0.9793233082706767 0.6917293233082706 0.981203007518797 0.7556390977443609 0.981203007518797 0.7575187969924813 0.9830827067669173 0.7706766917293233 0.9830827067669173 0.7725563909774437 0.981203007518797 0.7857142857142857 0.981203007518797 0.7875939849624061 0.9793233082706767 0.7988721804511278 0.9793233082706767 0.8007518796992481 0.9774436090225563 0.8120300751879699 0.9774436090225563 0.8139097744360902 0.9755639097744361 0.825187969924812 0.9755639097744361 0.8270676691729323 0.9736842105263158 0.8402255639097744 0.9736842105263158 0.8421052631578947 0.9718045112781954 0.8477443609022557 0.9718045112781954 0.849624060150376 0.9699248120300752 0.8515037593984962 0.9699248120300752 0.8552631578947368 0.9661654135338346 0.8552631578947368 0.9605263157894737 0.8571428571428571 0.9586466165413534 0.8571428571428571 0.9041353383458647 0.8552631578947368 0.9022556390977443 0.8552631578947368 0.8872180451127819 0.8533834586466166 0.8853383458646616 0.8533834586466166 0.8778195488721805 0.8515037593984962 0.8759398496240601 0.8515037593984962 0.8740601503759399 0.849624060150376 0.8721804511278195 0.849624060150376 0.8703007518796992 0.8477443609022557 0.8703007518796992 0.8458646616541353 0.868421052631579 0.8383458646616542 0.868421052631579 0.8364661654135338 0.8665413533834586 0.7988721804511278 0.8665413533834586 0.7969924812030075 0.868421052631579 0.7894736842105263 0.868421052631579 0.7875939849624061 0.8665413533834586 0.7706766917293233 0.8665413533834586 0.768796992481203 0.868421052631579 0.7575187969924813 0.868421052631579 0.7556390977443609 0.8665413533834586 0.7462406015037594 0.8665413533834586 0.7443609022556391 0.868421052631579 0.7424812030075187 0.8665413533834586 0.7406015037593985 0.8665413533834586 0.7387218045112782 0.868421052631579 0.7368421052631579 0.8665413533834586 0.7293233082706767 0.8665413533834586 0.7274436090225563 0.868421052631579 0.7218045112781954 0.868421052631579 0.7199248120300752 0.8665413533834586 0.7180451127819549 0.8665413533834586 0.7161654135338346 0.868421052631579 0.7142857142857143 0.868421052631579 0.7124060150375939 0.8665413533834586 0.7105263157894737 0.868421052631579 0.706766917293233 0.868421052631579 0.7048872180451128 0.8665413533834586 0.7011278195488722 0.8665413533834586 0.6992481203007519 0.868421052631579 0.6879699248120301 0.868421052631579 0.6860902255639098 0.8665413533834586 0.674812030075188 0.8665413533834586 0.6729323308270677 0.868421052631579 0.6710526315789473 0.8665413533834586 0.6691729323308271 0.8665413533834586 0.6672932330827067 0.868421052631579 0.6522556390977443 0.868421052631579 0.650375939849624 0.8665413533834586 0.6466165413533834 0.8665413533834586 0.6447368421052632 0.868421052631579 0.6052631578947368 0.868421052631579 0.6033834586466166 0.8665413533834586 0.6015037593984962 0.868421052631579 0.5902255639097744 0.868421052631579 0.5883458646616542 0.8665413533834586 0.5845864661654135 0.8665413533834586 0.5827067669172933 0.868421052631579 0.5394736842105263 0.868421052631579 0.5375939849624061 0.8703007518796992 0.5357142857142857 0.868421052631579 0.5225563909774437 0.868421052631579 0.5206766917293233 0.8703007518796992 0.518796992481203 0.868421052631579 0.5150375939849624 0.868421052631579 0.5131578947368421 0.8703007518796992
0 0.8533834586466166 0.618421052631579 0.8515037593984962 0.6165413533834586 0.8515037593984962 0.6109022556390977 0.8477443609022557 0.6109022556390977 0.8458646616541353 0.6090225563909775 0.8233082706766918 0.6090225563909775 0.8214285714285714 0.6071428571428571 0.8026315789473685 0.6071428571428571 0.8007518796992481 0.6052631578947368 0.7631578947368421 0.6052631578947368 0.7612781954887218 0.6071428571428571 0.7462406015037594 0.6071428571428571 0.7443609022556391 0.6090225563909775 0.6842105263157895 0.6090225563909775 0.6823308270676691 0.6071428571428571 0.6785714285714286 0.6071428571428571 0.6766917293233082 0.6090225563909775 0.6710526315789473 0.6090225563909775 0.6691729323308271 0.6071428571428571 0.6672932330827067 0.6090225563909775 0.6390977443609023 0.6090225563909775 0.6372180451127819 0.6071428571428571 0.618421052631579 0.6071428571428571 0.6165413533834586 0.6090225563909775 0.6146616541353384 0.6071428571428571 0.5639097744360902 0.6071428571428571 0.5620300751879699 0.6090225563909775 0.5451127819548872 0.6090225563909775 0.543233082706767 0.6071428571428571 0.5357142857142857 0.6071428571428571 0.5338345864661654 0.6090225563909775 0.5244360902255639 0.6090225563909775 0.5225563909774437 0.6071428571428571 0.5112781954887218 0.6071428571428571 0.5093984962406015 0.6090225563909775 0.5075187969924813 0.6071428571428571 0.5 0.6071428571428571 0.4981203007518797 0.6090225563909775 0.4943609022556391 0.6090225563909775 0.4943609022556391 0.6578947368421053 0.4924812030075188 0.6597744360902256 0.4924812030075188 0.6823308270676691 0.4943609022556391 0.6842105263157895 0.4943609022556391 0.693609022556391 0.49624060150375937 0.6954887218045113 0.49624060150375937 0.6992481203007519 0.5056390977443609 0.7086466165413534 0.5093984962406015 0.7086466165413534 0.5112781954887218 0.7105263157894737 0.5244360902255639 0.7105263157894737 0.5263157894736842 0.7124060150375939 0.543233082706767 0.7124060150375939 0.5451127819548872 0.7142857142857143 0.5845864661654135 0.7142857142857143 0.5864661654135338 0.7124060150375939 0.6334586466165414 0.7124060150375939 0.6353383458646616 0.7142857142857143 0.6522556390977443 0.7142857142857143 0.6541353383458647 0.7161654135338346 0.6954887218045113 0.7161654135338346 0.6973684210526315 0.7180451127819549 0.7142857142857143 0.7180451127819549 0.7161654135338346 0.7161654135338346 0.7293233082706767 0.7161654135338346 0.731203007518797 0.7180451127819549 0.7368421052631579 0.7180451127819549 0.7387218045112782 0.7161654135338346 0.7631578947368421 0.7161654135338346 0.7650375939849624 0.7180451127819549 0.7781954887218046 0.7180451127819549 0.7800751879699248 0.7161654135338346 0.8026315789473685 0.7161654135338346 0.8045112781954887 0.7142857142857143 0.8233082706766918 0.7142857142857143 0.825187969924812 0.7124060150375939 0.8308270676691729 0.7124060150375939 0.8327067669172933 0.7105263157894737 0.8383458646616542 0.7105263157894737 0.8421052631578947 0.706766917293233 0.8421052631578947 0.7048872180451128 0.8439849624060151 0.7030075187969925 0.8439849624060151 0.6954887218045113 0.8458646616541353 0.693609022556391 0.8458646616541353 0.6804511278195489 0.8477443609022557 0.6785714285714286 0.8477443609022557 0.6729323308270677 0.849624060150376 0.6710526315789473 0.849624060150376 0.6616541353383458 0.8515037593984962 0.6597744360902256 0.8515037593984962 0.6484962406015038 0.8533834586466166 0.6466165413533834
0 0.5657894736842105 0.5319548872180451 0.5639097744360902 0.5300751879699248 0.5639097744360902 0.5206766917293233 0.5620300751879699 0.518796992481203 0.5620300751879699 0.5112781954887218 0.5601503759398496 0.5093984962406015 0.5601503759398496 0.5018796992481203 0.5582706766917294 0.5 0.5582706766917294 0.4943609022556391 0.556390977443609 0.4924812030075188 0.556390977443609 0.4906015037593985 0.5375939849624061 0.4906015037593985 0.5357142857142857 0.4924812030075188 0.5 0.4924812030075188 0.4981203007518797 0.4906015037593985 0.4868421052631579 0.4906015037593985 0.4849624060150376 0.48872180451127817 0.4718045112781955 0.48872180451127817 0.4699248120300752 0.4868421052631579 0.4567669172932331 0.4868421052631579 0.4548872180451128 0.4849624060150376 0.4492481203007519 0.4849624060150376 0.4473684210526316 0.4830827067669173 0.4398496240601504 0.4830827067669173 0.43796992481203006 0.48120300751879697 0.43609022556390975 0.48120300751879697 0.4342105263157895 0.4830827067669173 0.23308270676691728 0.4830827067669173 0.231203007518797 0.4849624060150376 0.2199248120300752 0.4849624060150376 0.2161654135338346 0.48872180451127817 0.2161654135338346 0.4906015037593985 0.21428571428571427 0.4924812030075188 0.21428571428571427 0.5056390977443609 0.212406015037594 0.5075187969924813 0.212406015037594 0.5225563909774437 0.21428571428571427 0.5244360902255639 0.21428571428571427 0.5714285714285714 0.2161654135338346 0.5733082706766918 0.2161654135338346 0.5789473684210527 0.2199248120300752 0.5827067669172933 0.2236842105263158 0.5827067669172933 0.22556390977443608 0.5845864661654135 0.23684210526315788 0.5845864661654135 0.2387218045112782 0.5864661654135338 0.2575187969924812 0.5864661654135338 0.2593984962406015 0.5883458646616542 0.31203007518796994 0.5883458646616542 0.31390977443609025 0.5902255639097744 0.32894736842105265 0.5902255639097744 0.3308270676691729 0.5883458646616542 0.34022556390977443 0.5883458646616542 0.34210526315789475 0.5902255639097744 0.4981203007518797 0.5902255639097744 0.5 0.5921052631578947 0.5018796992481203 0.5902255639097744 0.5657894736842105 0.5902255639097744
0 0 0.10150375939849623 0 0.17481203007518797 0.0037593984962406013 0.17481203007518797 0.007518796992481203 0.17105263157894737 0.009398496240601503 0.17293233082706766 0.009398496240601503 0.17481203007518797 0.005639097744360902 0.17857142857142858 0.0037593984962406013 0.17857142857142858 0.0018796992481203006 0.18045112781954886 0 0.18045112781954886 0 0.20864661654135339 0.0037593984962406013 0.20864661654135339 0.005639097744360902 0.20676691729323307 0.011278195488721804 0.20676691729323307 0.013157894736842105 0.20864661654135339 0.02443609022556391 0.20864661654135339 0.02631578947368421 0.20676691729323307 0.02819548872180451 0.20676691729323307 0.03007518796992481 0.20864661654135339 0.05075187969924812 0.20864661654135339 0.05263157894736842 0.20676691729323307 0.05451127819548872 0.20864661654135339 0.06015037593984962 0.20864661654135339 0.06203007518796992 0.20676691729323307 0.06390977443609022 0.20864661654135339 0.13345864661654136 0.20864661654135339 0.13533834586466165 0.20676691729323307 0.14661654135338345 0.20676691729323307 0.14849624060150377 0.20864661654135339 0.15225563909774437 0.20864661654135339 0.15413533834586465 0.20676691729323307 0.15601503759398497 0.20864661654135339 0.18233082706766918 0.20864661654135339 0.18421052631578946 0.20676691729323307 0.21428571428571427 0.20676691729323307 0.2161654135338346 0.20864661654135339 0.2349624060150376 0.20864661654135339 0.23684210526315788 0.20676691729323307 0.2857142857142857 0.20676691729323307 0.287593984962406 0.20488721804511278 0.2894736842105263 0.20488721804511278 0.29135338345864664 0.20300751879699247 0.29135338345864664 0.20112781954887218 0.2932330827067669 0.19924812030075187 0.2932330827067669 0.19172932330827067 0.2951127819548872 0.18984962406015038 0.2951127819548872 0.17857142857142858 0.2932330827067669 0.17669172932330826 0.2932330827067669 0.16541353383458646 0.29135338345864664 0.16353383458646617 0.29135338345864664 0.15413533834586465 0.2932330827067669 0.15225563909774437 0.2932330827067669 0.11654135338345864 0.29135338345864664 0.11466165413533834 0.29135338345864664 0.11090225563909774 0.2894736842105263 0.10902255639097744 0.2894736842105263 0.10714285714285714 0.2857142857142857 0.10338345864661654 0.27631578947368424 0.10338345864661654 0.2744360902255639 0.10150375939849623 0.2650375939849624 0.10150375939849623 0.2631578947368421 0.09962406015037593 0.25375939849624063 0.09962406015037593 0.2518796992481203 0.09774436090225563 0.2274436090225564 0.09774436090225563 0.22556390977443608 0.09586466165413533 0.039473684210526314 0.09586466165413533 0.03759398496240601 0.09774436090225563 0.020676691729323307 0.09774436090225563 0.018796992481203006 0.09962406015037593 0.0018796992481203006 0.09962406015037593
0 0.2161654135338346 0 0.2161654135338346 0.07518796992481203 0.21804511278195488 0.07706766917293233 0.21804511278195488 0.07894736842105263 0.22180451127819548 0.08270676691729323 0.25 0.08270676691729323 0.2518796992481203 0.08082706766917293 0.25375939849624063 0.08082706766917293 0.2556390977443609 0.08270676691729323 0.2669172932330827 0.08270676691729323 0.26879699248120303 0.08082706766917293 0.2819548872180451 0.08082706766917293 0.28383458646616544 0.08270676691729323 0.29135338345864664 0.08270676691729323 0.2932330827067669 0.08082706766917293 0.3458646616541353 0.08082706766917293 0.34774436090225563 0.08270676691729323 0.37030075187969924 0.08270676691729323 0.37218045112781956 0.08082706766917293 0.4718045112781955 0.08082706766917293 0.47368421052631576 0.07894736842105263 0.4755639097744361 0.08082706766917293 0.5244360902255639 0.08082706766917293 0.5263157894736842 0.07894736842105263 0.5695488721804511 0.07894736842105263 0.5714285714285714 0.07706766917293233 0.5714285714285714 0.07518796992481203 0.5733082706766918 0.07330827067669173 0.5733082706766918 0
0 0.9981203007518797 0.7368421052631579 0.9624060150375939 0.7368421052631579 0.9605263157894737 0.7349624060150376 0.9586466165413534 0.7368421052631579 0.8853383458646616 0.7368421052631579 0.8834586466165414 0.7387218045112782 0.8759398496240601 0.7387218045112782 0.8740601503759399 0.7368421052631579 0.8703007518796992 0.7368421052631579 0.868421052631579 0.7387218045112782 0.8609022556390977 0.7387218045112782 0.8590225563909775 0.7368421052631579 0.8214285714285714 0.7368421052631579 0.8195488721804511 0.7387218045112782 0.8120300751879699 0.7387218045112782 0.8101503759398496 0.7406015037593985 0.8026315789473685 0.7406015037593985 0.8007518796992481 0.7424812030075187 0.7988721804511278 0.7424812030075187 0.7894736842105263 0.7518796992481203 0.7894736842105263 0.7537593984962406 0.7875939849624061 0.7556390977443609 0.7875939849624061 0.7631578947368421 0.7857142857142857 0.7650375939849624 0.7857142857142857 0.7951127819548872 0.7838345864661654 0.7969924812030075 0.7838345864661654 0.8045112781954887 0.7819548872180451 0.806390977443609 0.7819548872180451 0.8214285714285714 0.7838345864661654 0.8233082706766918 0.7819548872180451 0.825187969924812 0.7838345864661654 0.8270676691729323 0.7838345864661654 0.8289473684210527 0.7819548872180451 0.8308270676691729 0.7819548872180451 0.8383458646616542 0.7838345864661654 0.8402255639097744 0.7857142857142857 0.8402255639097744 0.7875939849624061 0.8421052631578947 0.8026315789473685 0.8421052631578947 0.8045112781954887 0.8439849624060151 0.8157894736842105 0.8439849624060151 0.8176691729323309 0.8458646616541353 0.8308270676691729 0.8458646616541353 0.8327067669172933 0.8477443609022557 0.849624060150376 0.8477443609022557 0.8515037593984962 0.849624060150376 0.9379699248120301 0.849624060150376 0.9398496240601504 0.8477443609022557 0.9680451127819549 0.8477443609022557 0.9699248120300752 0.849624060150376 0.9981203007518797 0.849624060150376
0 0.7819548872180451 0.2236842105263158 0.7819548872180451 0.231203007518797 0.7838345864661654 0.23308270676691728 0.7819548872180451 0.2349624060150376 0.7819548872180451 0.24812030075187969 0.7800751879699248 0.25 0.7819548872180451 0.2518796992481203 0.7819548872180451 0.2556390977443609 0.7800751879699248 0.2575187969924812 0.7819548872180451 0.2593984962406015 0.7819548872180451 0.2725563909774436 0.7800751879699248 0.2744360902255639 0.7800751879699248 0.29135338345864664 0.7781954887218046 0.2932330827067669 0.7800751879699248 0.2951127819548872 0.7800751879699248 0.3026315789473684 0.7819548872180451 0.30451127819548873 0.7819548872180451 0.3082706766917293 0.7838345864661654 0.3101503759398496 0.7838345864661654 0.31203007518796994 0.7857142857142857 0.31390977443609025 0.7857142857142857 0.3157894736842105 0.7913533834586466 0.32142857142857145 0.793233082706767 0.32142857142857145 0.7951127819548872 0.3233082706766917 0.7969924812030075 0.3233082706766917 0.7988721804511278 0.325187969924812 0.806390977443609 0.325187969924812 0.8082706766917294 0.32706766917293234 0.8327067669172933 0.32706766917293234 0.8345864661654135 0.32894736842105265 0.8383458646616542 0.32894736842105265 0.8402255639097744 0.32706766917293234 0.8439849624060151 0.32706766917293234 0.8458646616541353 0.32894736842105265 0.8721804511278195 0.32894736842105265 0.8740601503759399 0.32706766917293234 0.8947368421052632 0.32706766917293234 0.8966165413533834 0.325187969924812 0.8984962406015038 0.32706766917293234 0.900375939849624 0.32706766917293234 0.9022556390977443 0.325187969924812 0.9154135338345865 0.325187969924812 0.9172932330827067 0.32706766917293234 0.9473684210526315 0.32706766917293234 0.9492481203007519 0.32894736842105265 0.9981203007518797 0.32894736842105265 0.9981203007518797 0.2236842105263158 0.981203007518797 0.2236842105263158 0.9793233082706767 0.22180451127819548 0.9605263157894737 0.22180451127819548 0.9586466165413534 0.2199248120300752 0.943609022556391 0.2199248120300752 0.9417293233082706 0.21804511278195488 0.7894736842105263 0.21804511278195488 0.7875939849624061 0.2199248120300752 0.7857142857142857 0.2199248120300752
0 0.7781954887218046 0.4849624060150376 0.7781954887218046 0.5131578947368421 0.7763157894736842 0.5150375939849624 0.7763157894736842 0.5375939849624061 0.7781954887218046 0.5394736842105263 0.7781954887218046 0.5469924812030075 0.7763157894736842 0.5488721804511278 0.7763157894736842 0.5507518796992481 0.7781954887218046 0.5526315789473685 0.7763157894736842 0.5545112781954887 0.7763157894736842 0.556390977443609 0.7781954887218046 0.5582706766917294 0.7781954887218046 0.5620300751879699 0.7763157894736842 0.5639097744360902 0.7763157894736842 0.5864661654135338 0.7781954887218046 0.5883458646616542 0.7857142857142857 0.5883458646616542 0.7875939849624061 0.5902255639097744 0.8289473684210527 0.5902255639097744 0.8308270676691729 0.5883458646616542 0.8308270676691729 0.5864661654135338 0.8327067669172933 0.5845864661654135 0.8327067669172933 0.5827067669172933 0.8308270676691729 0.5808270676691729 0.8308270676691729 0.5789473684210527 0.825187969924812 0.5789473684210527 0.8233082706766918 0.5770676691729323 0.8233082706766918 0.5733082706766918 0.825187969924812 0.5714285714285714 0.8270676691729323 0.5714285714285714 0.8289473684210527 0.5695488721804511 0.8308270676691729 0.5695488721804511 0.8345864661654135 0.5657894736842105 0.8345864661654135 0.5639097744360902 0.8364661654135338 0.5620300751879699 0.8364661654135338 0.5582706766917294 0.8383458646616542 0.556390977443609 0.8383458646616542 0.5545112781954887 0.8364661654135338 0.5545112781954887 0.8345864661654135 0.5526315789473685 0.8345864661654135 0.5488721804511278 0.8308270676691729 0.5451127819548872 0.8289473684210527 0.5451127819548872 0.8270676691729323 0.543233082706767 0.8270676691729323 0.5413533834586466 0.8214285714285714 0.5357142857142857 0.8233082706766918 0.5338345864661654 0.825187969924812 0.5338345864661654 0.8364661654135338 0.5451127819548872 0.8383458646616542 0.5451127819548872 0.8439849624060151 0.5507518796992481 0.8439849624060151 0.5582706766917294 0.8402255639097744 0.5620300751879699 0.8402255639097744 0.5676691729323309 0.8364661654135338 0.5714285714285714 0.8345864661654135 0.5714285714285714 0.8345864661654135 0.5733082706766918 0.8383458646616542 0.5770676691729323 0.8383458646616542 0.5789473684210527 0.8402255639097744 0.5808270676691729 0.8402255639097744 0.5845864661654135 0.8345864661654135 0.5902255639097744 0.849624060150376 0.5902255639097744 0.849624060150376 0.5883458646616542 0.8515037593984962 0.5864661654135338 0.8533834586466166 0.5864661654135338 0.8571428571428571 0.5827067669172933 0.8609022556390977 0.5864661654135338 0.8609022556390977 0.5789473684210527 0.8590225563909775 0.5770676691729323 0.8590225563909775 0.5733082706766918 0.8609022556390977 0.5714285714285714 0.8609022556390977 0.5657894736842105 0.8627819548872181 0.5639097744360902 0.8627819548872181 0.5582706766917294 0.8646616541353384 0.556390977443609 0.8665413533834586 0.556390977443609 0.868421052631579 0.5582706766917294 0.868421052631579 0.5601503759398496 0.8665413533834586 0.5620300751879699 0.8665413533834586 0.5676691729323309 0.8646616541353384 0.5695488721804511 0.8646616541353384 0.5789473684210527 0.8665413533834586 0.5808270676691729 0.8665413533834586 0.5845864661654135 0.868421052631579 0.5864661654135338 0.868421052631579 0.5902255639097744 0.9605263157894737 0.5902255639097744 0.9624060150375939 0.5921052631578947 0.9981203007518797 0.5921052631578947 0.9981203007518797 0.4849624060150376 0.9793233082706767 0.4849624060150376 0.9774436090225563 0.4830827067669173 0.9699248120300752 0.4830827067669173 0.9680451127819549 0.4849624060150376 0.943609022556391 0.4849624060150376 0.9417293233082706 0.4830827067669173 0.8966165413533834 0.4830827067669173 0.8947368421052632 0.4849624060150376 0.8928571428571429 0.4830827067669173 0.7800751879699248 0.4830827067669173
0 0.7706766917293233 0.2199248120300752 0.768796992481203 0.21804511278195488 0.7537593984962406 0.21804511278195488 0.7518796992481203 0.2199248120300752 0.5939849624060151 0.2199248120300752 0.5883458646616542 0.22556390977443608 0.5883458646616542 0.27631578947368424 0.5902255639097744 0.2781954887218045 0.5883458646616542 0.2800751879699248 0.5883458646616542 0.2819548872180451 0.5902255639097744 0.28383458646616544 0.5902255639097744 0.31390977443609025 0.5883458646616542 0.3157894736842105 0.5883458646616542 0.3176691729323308 0.5902255639097744 0.31954887218045114 0.5902255639097744 0.32894736842105265 0.650375939849624 0.32894736842105265 0.6522556390977443 0.3308270676691729 0.6597744360902256 0.3308270676691729 0.6616541353383458 0.32894736842105265 0.7650375939849624 0.32894736842105265 0.7669172932330827 0.32706766917293234 0.768796992481203 0.32706766917293234 0.7706766917293233 0.325187969924812
0 0.19548872180451127 0.7387218045112782 0.17857142857142858 0.7387218045112782 0.17669172932330826 0.7368421052631579 0.17293233082706766 0.7368421052631579 0.17105263157894737 0.7387218045112782 0.09398496240601503 0.7387218045112782 0.09210526315789473 0.7406015037593985 0.08458646616541353 0.7406015037593985 0.08270676691729323 0.7387218045112782 0.07518796992481203 0.7387218045112782 0.07330827067669173 0.7406015037593985 0.07142857142857142 0.7406015037593985 0.06954887218045112 0.7387218045112782 0.06766917293233082 0.7387218045112782 0.06578947368421052 0.7406015037593985 0.03007518796992481 0.7406015037593985 0.02819548872180451 0.7424812030075187 0.02443609022556391 0.7424812030075187 0.022556390977443608 0.7443609022556391 0.022556390977443608 0.7462406015037594 0.020676691729323307 0.7481203007518797 0.020676691729323307 0.75 0.018796992481203006 0.7518796992481203 0.018796992481203006 0.7556390977443609 0.016917293233082706 0.7575187969924813 0.016917293233082706 0.7706766917293233 0.015037593984962405 0.7725563909774437 0.015037593984962405 0.7951127819548872 0.016917293233082706 0.7969924812030075 0.016917293233082706 0.8082706766917294 0.015037593984962405 0.8101503759398496 0.015037593984962405 0.849624060150376 0.03759398496240601 0.849624060150376 0.039473684210526314 0.8515037593984962 0.09586466165413533 0.8515037593984962 0.09774436090225563 0.849624060150376 0.10526315789473684 0.849624060150376 0.10714285714285714 0.8515037593984962 0.11842105263157894 0.8515037593984962 0.12030075187969924 0.849624060150376 0.13345864661654136 0.849624060150376 0.13533834586466165 0.8477443609022557 0.17293233082706766 0.8477443609022557 0.17481203007518797 0.8458646616541353 0.18609022556390978 0.8458646616541353 0.18796992481203006 0.8439849624060151 0.19172932330827067 0.8439849624060151 0.19360902255639098 0.8421052631578947 0.19360902255639098 0.8402255639097744 0.19548872180451127 0.8383458646616542 0.19548872180451127 0.8327067669172933 0.19736842105263158 0.8308270676691729 0.19736842105263158 0.8082706766917294 0.19548872180451127 0.806390977443609
0 0.011278195488721804 0.4830827067669173 0.011278195488721804 0.5902255639097744 0.09210526315789473 0.5902255639097744 0.09398496240601503 0.5921052631578947 0.13721804511278196 0.5921052631578947 0.13909774436090225 0.5902255639097744 0.15225563909774437 0.5902255639097744 0.15413533834586465 0.5921052631578947 0.18796992481203006 0.5921052631578947 0.18984962406015038 0.5902255639097744 0.19172932330827067 0.5902255639097744 0.19360902255639098 0.5883458646616542 0.19360902255639098 0.4849624060150376 0.16541353383458646 0.4849624060150376 0.16353383458646617 0.4830827067669173 0.07706766917293233 0.4830827067669173 0.07518796992481203 0.4849624060150376 0.07330827067669173 0.4830827067669173 0.06203007518796992 0.4830827067669173 0.06015037593984962 0.4849624060150376 0.03759398496240601 0.4849624060150376 0.03571428571428571 0.4830827067669173
0 0.5845864661654135 0.7424812030075187 0.5845864661654135 0.8233082706766918 0.5864661654135338 0.825187969924812 0.5864661654135338 0.8270676691729323 0.5845864661654135 0.8289473684210527 0.5845864661654135 0.8477443609022557 0.5864661654135338 0.849624060150376 0.5864661654135338 0.8515037593984962 0.5883458646616542 0.8533834586466166 0.6390977443609023 0.8533834586466166 0.6409774436090225 0.8515037593984962 0.706766917293233 0.8515037593984962 0.7086466165413534 0.8533834586466166 0.7255639097744361 0.8533834586466166 0.7274436090225563 0.8515037593984962 0.7650375939849624 0.8515037593984962 0.7669172932330827 0.849624060150376 0.7669172932330827 0.8421052631578947 0.7650375939849624 0.8402255639097744 0.7669172932330827 0.8383458646616542 0.7669172932330827 0.8327067669172933 0.7650375939849624 0.8308270676691729 0.7650375939849624 0.806390977443609 0.7669172932330827 0.8045112781954887 0.7669172932330827 0.7744360902255639 0.7650375939849624 0.7725563909774437 0.7650375939849624 0.7706766917293233 0.7669172932330827 0.768796992481203 0.7669172932330827 0.7575187969924813 0.7650375939849624 0.7556390977443609 0.7650375939849624 0.7443609022556391 0.7631578947368421 0.7443609022556391 0.7593984962406015 0.7406015037593985 0.6052631578947368 0.7406015037593985 0.6033834586466166 0.7424812030075187 0.6015037593984962 0.7406015037593985 0.5864661654135338 0.7406015037593985
0 0.02443609022556391 0.2236842105263158 0.02443609022556391 0.2274436090225564 0.022556390977443608 0.22932330827067668 0.022556390977443608 0.23684210526315788 0.02443609022556391 0.2349624060150376 0.02819548872180451 0.2387218045112782 0.02631578947368421 0.24060150375939848 0.02631578947368421 0.2424812030075188 0.03007518796992481 0.2424812030075188 0.03195488721804511 0.24436090225563908 0.03759398496240601 0.24436090225563908 0.039473684210526314 0.2462406015037594 0.039473684210526314 0.25 0.03383458646616541 0.2556390977443609 0.03195488721804511 0.2556390977443609 0.03195488721804511 0.26127819548872183 0.03007518796992481 0.2631578947368421 0.02443609022556391 0.2631578947368421 0.02443609022556391 0.26879699248120303 0.022556390977443608 0.2706766917293233 0.022556390977443608 0.29699248120300753 0.02443609022556391 0.29887218045112784 0.02443609022556391 0.3233082706766917 0.02631578947368421 0.3233082706766917 0.02819548872180451 0.32142857142857145 0.03007518796992481 0.3233082706766917 0.043233082706766915 0.3233082706766917 0.045112781954887216 0.325187969924812 0.05263157894736842 0.325187969924812 0.05451127819548872 0.32706766917293234 0.05827067669172932 0.32706766917293234 0.06015037593984962 0.32894736842105265 0.06203007518796992 0.32894736842105265 0.06390977443609022 0.3308270676691729 0.06203007518796992 0.33270676691729323 0.05827067669172932 0.33270676691729323 0.05639097744360902 0.3308270676691729 0.05075187969924812 0.3308270676691729 0.04887218045112782 0.32894736842105265 0.041353383458646614 0.32894736842105265 0.039473684210526314 0.32706766917293234 0.02443609022556391 0.32706766917293234 0.02443609022556391 0.3308270676691729 0.02631578947368421 0.3308270676691729 0.02819548872180451 0.33270676691729323 0.039473684210526314 0.33270676691729323 0.041353383458646614 0.33458646616541354 0.043233082706766915 0.33270676691729323 0.14849624060150377 0.33270676691729323 0.15037593984962405 0.33458646616541354 0.15413533834586465 0.33458646616541354 0.15601503759398497 0.33270676691729323 0.20300751879699247 0.33270676691729323 0.20488721804511278 0.3308270676691729 0.20488721804511278 0.22932330827067668 0.20112781954887218 0.22556390977443608 0.20112781954887218 0.2236842105263158
0 0.3026315789473684 0.6127819548872181 0.3026315789473684 0.6334586466165414 0.3007518796992481 0.6353383458646616 0.3007518796992481 0.650375939849624 0.3026315789473684 0.6522556390977443 0.3026315789473684 0.6823308270676691 0.3007518796992481 0.6842105263157895 0.3007518796992481 0.7048872180451128 0.3026315789473684 0.706766917293233 0.3026315789473684 0.7218045112781954 0.4774436090225564 0.7218045112781954 0.4793233082706767 0.7199248120300752 0.4793233082706767 0.6165413533834586 0.4774436090225564 0.6146616541353384 0.4774436090225564 0.6127819548872181 0.4116541353383459 0.6127819548872181 0.40977443609022557 0.6109022556390977 0.38345864661654133 0.6109022556390977 0.3815789473684211 0.6127819548872181
0 0.5827067669172933 0.4830827067669173 0.5827067669172933 0.5864661654135338 0.5845864661654135 0.5883458646616542 0.599624060150376 0.5883458646616542 0.6015037593984962 0.5902255639097744 0.7631578947368421 0.5902255639097744 0.7631578947368421 0.5093984962406015 0.7650375939849624 0.5075187969924813 0.7650375939849624 0.4943609022556391 0.7650375939849624 0.49624060150375937 0.7612781954887218 0.5 0.7593984962406015 0.5 0.7575187969924813 0.5018796992481203 0.7556390977443609 0.5 0.7556390977443609 0.4981203007518797 0.7575187969924813 0.49624060150375937 0.7593984962406015 0.49624060150375937 0.7593984962406015 0.4943609022556391 0.7575187969924813 0.4924812030075188 0.7631578947368421 0.4868421052631579 0.7650375939849624 0.4868421052631579 0.7612781954887218 0.4830827067669173 0.6033834586466166 0.4830827067669173 0.6015037593984962 0.48120300751879697 0.5939849624060151 0.48120300751879697 0.5921052631578947 0.4830827067669173
0 0.3157894736842105 0.10526315789473684 0.3157894736842105 0.10714285714285714 0.31390977443609025 0.10902255639097744 0.31390977443609025 0.11654135338345864 0.31203007518796994 0.11842105263157894 0.31203007518796994 0.13909774436090225 0.3101503759398496 0.14097744360902256 0.3101503759398496 0.20488721804511278 0.31203007518796994 0.20676691729323307 0.31390977443609025 0.20676691729323307 0.3157894736842105 0.20864661654135339 0.35714285714285715 0.20864661654135339 0.35902255639097747 0.20676691729323307 0.40037593984962405 0.20676691729323307 0.40225563909774437 0.20864661654135339 0.42105263157894735 0.20864661654135339 0.42293233082706766 0.20676691729323307 0.43796992481203006 0.20676691729323307 0.4398496240601504 0.20864661654135339 0.4417293233082707 0.20676691729323307 0.45112781954887216 0.20676691729323307 0.45300751879699247 0.20864661654135339 0.4605263157894737 0.20864661654135339 0.462406015037594 0.20676691729323307 0.4642857142857143 0.20676691729323307 0.46616541353383456 0.20864661654135339 0.4849624060150376 0.20864661654135339 0.4868421052631579 0.20676691729323307 0.4868421052631579 0.20300751879699247 0.48872180451127817 0.20112781954887218 0.48872180451127817 0.17105263157894737 0.4868421052631579 0.16917293233082706 0.4868421052631579 0.13909774436090225 0.4849624060150376 0.13721804511278196 0.4849624060150376 0.12030075187969924 0.4830827067669173 0.11842105263157894 0.4830827067669173 0.11466165413533834 0.48120300751879697 0.11278195488721804 0.48120300751879697 0.10714285714285714 0.4793233082706767 0.10526315789473684 0.4793233082706767 0.10338345864661654 0.47368421052631576 0.10338345864661654 0.4718045112781955 0.10150375939849623 0.4642857142857143 0.10150375939849623 0.462406015037594 0.09962406015037593 0.41541353383458646 0.09962406015037593 0.41353383458646614 0.10150375939849623 0.37406015037593987 0.10150375939849623 0.37218045112781956 0.09962406015037593 0.33646616541353386 0.09962406015037593 0.33458646616541354 0.10150375939849623 0.3233082706766917 0.10150375939849623 0.32142857142857145 0.10338345864661654 0.3176691729323308 0.10338345864661654
0 0.3026315789473684 0.3533834586466165 0.3026315789473684 0.39849624060150374 0.30451127819548873 0.40037593984962405 0.3082706766917293 0.40037593984962405 0.31390977443609025 0.40601503759398494 0.3176691729323308 0.40601503759398494 0.31954887218045114 0.40789473684210525 0.325187969924812 0.40789473684210525 0.32706766917293234 0.40977443609022557 0.33458646616541354 0.40977443609022557 0.33646616541353386 0.40789473684210525 0.34022556390977443 0.40789473684210525 0.34210526315789475 0.40977443609022557 0.35150375939849626 0.40977443609022557 0.3533834586466165 0.40789473684210525 0.35714285714285715 0.40789473684210525 0.35902255639097747 0.40601503759398494 0.36654135338345867 0.40601503759398494 0.3684210526315789 0.40789473684210525 0.37030075187969924 0.40789473684210525 0.37218045112781956 0.40977443609022557 0.37969924812030076 0.40977443609022557 0.3815789473684211 0.4116541353383459 0.38721804511278196 0.4116541353383459 0.3890977443609023 0.41353383458646614 0.39097744360902253 0.41353383458646614 0.40601503759398494 0.42857142857142855 0.4041353383458647 0.43045112781954886 0.40225563909774437 0.43045112781954886 0.40037593984962405 0.42857142857142855 0.39849624060150374 0.42857142857142855 0.38721804511278196 0.41729323308270677 0.38345864661654133 0.41729323308270677 0.3815789473684211 0.41541353383458646 0.37969924812030076 0.41541353383458646 0.37781954887218044 0.41353383458646614 0.37030075187969924 0.41353383458646614 0.3684210526315789 0.4116541353383459 0.35526315789473684 0.4116541353383459 0.3533834586466165 0.41353383458646614 0.34962406015037595 0.41353383458646614 0.34774436090225563 0.41541353383458646 0.34398496240601506 0.41541353383458646 0.34210526315789475 0.41353383458646614 0.33458646616541354 0.41353383458646614 0.33270676691729323 0.41541353383458646 0.32706766917293234 0.41541353383458646 0.325187969924812 0.41353383458646614 0.32142857142857145 0.41353383458646614 0.31954887218045114 0.4116541353383459 0.3157894736842105 0.4116541353383459 0.31390977443609025 0.40977443609022557 0.31203007518796994 0.40977443609022557 0.3101503759398496 0.40789473684210525 0.3082706766917293 0.40789473684210525 0.30451127819548873 0.4041353383458647 0.30451127819548873 0.40601503759398494 0.31390977443609025 0.41541353383458646 0.31390977443609025 0.4191729323308271 0.3157894736842105 0.42105263157894735 0.3157894736842105 0.42293233082706766 0.3176691729323308 0.42293233082706766 0.31954887218045114 0.424812030075188 0.3233082706766917 0.424812030075188 0.325187969924812 0.4266917293233083 0.32894736842105265 0.4266917293233083 0.3308270676691729 0.42857142857142855 0.33270676691729323 0.42857142857142855 0.33458646616541354 0.43045112781954886 0.34210526315789475 0.43045112781954886 0.34398496240601506 0.4323308270676692 0.34774436090225563 0.4323308270676692 0.3533834586466165 0.43796992481203006 0.35714285714285715 0.43796992481203006 0.35902255639097747 0.4398496240601504 0.36278195488721804 0.4398496240601504 0.36466165413533835 0.4417293233082707 0.36654135338345867 0.4417293233082707 0.3684210526315789 0.44360902255639095 0.37406015037593987 0.44360902255639095 0.37593984962406013 0.4417293233082707 0.37969924812030076 0.4417293233082707 0.3815789473684211 0.4398496240601504 0.38533834586466165 0.4398496240601504 0.39097744360902253 0.44548872180451127 0.39097744360902253 0.4492481203007519 0.39285714285714285 0.4492481203007519 0.39473684210526316 0.45112781954887216 0.39473684210526316 0.45300751879699247 0.39285714285714285 0.4548872180451128 0.39097744360902253 0.4548872180451128 0.38721804511278196 0.45112781954887216 0.38721804511278196 0.4492481203007519 0.38345864661654133 0.44548872180451127 0.3815789473684211 0.44548872180451127 0.37969924812030076 0.4473684210526316 0.35714285714285715 0.4473684210526316 0.35526315789473684 0.44548872180451127 0.3533834586466165 0.44548872180451127 0.34962406015037595 0.4417293233082707 0.34774436090225563 0.4417293233082707 0.34398496240601506 0.43796992481203006 0.34398496240601506 0.43609022556390975 0.33458646616541354 0.43609022556390975 0.33270676691729323 0.4342105263157895 0.32894736842105265 0.4342105263157895 0.325187969924812 0.43045112781954886 0.31954887218045114 0.43045112781954886 0.3176691729323308 0.42857142857142855 0.3157894736842105 0.42857142857142855 0.3101503759398496 0.42293233082706766 0.3101503759398496 0.42105263157894735 0.3082706766917293 0.4191729323308271 0.3082706766917293 0.41729323308270677 0.3026315789473684 0.4116541353383459 0.3026315789473684 0.4567669172932331 0.30451127819548873 0.4567669172932331 0.30639097744360905 0.45864661654135336 0.4774436090225564 0.45864661654135336 0.4793233082706767 0.4567669172932331 0.4793233082706767 0.37218045112781956 0.48120300751879697 0.37030075187969924 0.48120300751879697 0.35526315789473684 0.4774436090225564 0.35150375939849626 0.30451127819548873 0.35150375939849626
0 0.30639097744360905 0.8721804511278195 0.30639097744360905 0.9022556390977443 0.3082706766917293 0.9041353383458647 0.3082706766917293 0.9210526315789473 0.3101503759398496 0.9229323308270677 0.3101503759398496 0.9511278195488722 0.31203007518796994 0.9530075187969925 0.31203007518796994 0.9605263157894737 0.31390977443609025 0.9624060150375939 0.31390977443609025 0.9661654135338346 0.3157894736842105 0.9680451127819549 0.3157894736842105 0.9699248120300752 0.3176691729323308 0.9718045112781954 0.3233082706766917 0.9718045112781954 0.325187969924812 0.9736842105263158 0.3684210526315789 0.9736842105263158 0.37030075187969924 0.9718045112781954 0.41353383458646614 0.9718045112781954 0.41541353383458646 0.9736842105263158 0.4473684210526316 0.9736842105263158 0.4492481203007519 0.9718045112781954 0.46616541353383456 0.9718045112781954 0.4680451127819549 0.9699248120300752 0.4718045112781955 0.9699248120300752 0.47368421052631576 0.9680451127819549 0.4755639097744361 0.9680451127819549 0.4793233082706767 0.9642857142857143 0.4793233082706767 0.9605263157894737 0.48120300751879697 0.9586466165413534 0.48120300751879697 0.9548872180451128 0.4830827067669173 0.9530075187969925 0.4830827067669173 0.9304511278195489 0.48120300751879697 0.9285714285714286 0.48120300751879697 0.9078947368421053 0.4793233082706767 0.9060150375939849 0.4793233082706767 0.8834586466165414 0.4774436090225564 0.881578947368421 0.4774436090225564 0.8778195488721805 0.4755639097744361 0.8759398496240601 0.4755639097744361 0.8740601503759399 0.47368421052631576 0.8740601503759399 0.4718045112781955 0.8721804511278195 0.46616541353383456 0.8721804511278195 0.4642857142857143 0.8703007518796992 0.45112781954887216 0.8703007518796992 0.4492481203007519 0.868421052631579 0.4342105263157895 0.868421052631579 0.4323308270676692 0.8703007518796992 0.43045112781954886 0.868421052631579 0.40037593984962405 0.868421052631579 0.39849624060150374 0.8703007518796992 0.37030075187969924 0.8703007518796992 0.3684210526315789 0.868421052631579 0.33270676691729323 0.868421052631579 0.3308270676691729 0.8703007518796992 0.3082706766917293 0.8703007518796992
0 0.7819548872180451 0 0.7838345864661654 0.0018796992481203006 0.7819548872180451 0.0037593984962406013 0.7819548872180451 0.06954887218045112 0.7857142857142857 0.07330827067669173 0.7875939849624061 0.07330827067669173 0.7894736842105263 0.07142857142857142 0.8007518796992481 0.07142857142857142 0.8026315789473685 0.07330827067669173 0.8045112781954887 0.07142857142857142 0.8139097744360902 0.07142857142857142 0.8157894736842105 0.07330827067669173 0.8176691729323309 0.07330827067669173 0.8195488721804511 0.07142857142857142 0.8214285714285714 0.07330827067669173 0.8364661654135338 0.07330827067669173 0.8383458646616542 0.07142857142857142 0.8402255639097744 0.07142857142857142 0.8421052631578947 0.07330827067669173 0.849624060150376 0.07330827067669173 0.8515037593984962 0.07142857142857142 0.8984962406015038 0.07142857142857142 0.900375939849624 0.07330827067669173 0.9097744360902256 0.07330827067669173 0.9116541353383458 0.07142857142857142 0.9981203007518797 0.07142857142857142 0.9981203007518797 0
0 0.018796992481203006 0 0.018796992481203006 0.022556390977443608 0.020676691729323307 0.02443609022556391 0.020676691729323307 0.07330827067669173 0.02819548872180451 0.08082706766917293 0.05451127819548872 0.08082706766917293 0.05639097744360902 0.08270676691729323 0.06390977443609022 0.08270676691729323 0.06578947368421052 0.08082706766917293 0.06766917293233082 0.08082706766917293 0.06954887218045112 0.08270676691729323 0.07142857142857142 0.08082706766917293 0.19924812030075187 0.08082706766917293 0.20112781954887218 0.07894736842105263 0.20112781954887218 0.03007518796992481 0.20300751879699247 0.02819548872180451 0.20300751879699247 0.018796992481203006 0.20112781954887218 0.016917293233082706 0.20112781954887218 0
0 0.8646616541353384 0.6090225563909775 0.8646616541353384 0.6165413533834586 0.8627819548872181 0.618421052631579 0.8646616541353384 0.6203007518796992 0.8646616541353384 0.7124060150375939 0.8665413533834586 0.7142857142857143 0.868421052631579 0.7142857142857143 0.8703007518796992 0.7161654135338346 0.8721804511278195 0.7161654135338346 0.8740601503759399 0.7180451127819549 0.9417293233082706 0.7180451127819549 0.943609022556391 0.7161654135338346 0.9548872180451128 0.7161654135338346 0.956766917293233 0.7180451127819549 0.9943609022556391 0.7180451127819549 0.9962406015037594 0.7161654135338346 0.9981203007518797 0.7161654135338346 0.9981203007518797 0.6071428571428571 0.9924812030075187 0.6071428571428571 0.9906015037593985 0.6090225563909775 0.9887218045112782 0.6090225563909775 0.9868421052631579 0.6071428571428571 0.9473684210526315 0.6071428571428571 0.9454887218045113 0.6090225563909775 0.8796992481203008 0.6090225563909775 0.8778195488721805 0.6071428571428571 0.8721804511278195 0.6071428571428571 0.8703007518796992 0.6090225563909775
0 0.8740601503759399 0.09586466165413533 0.8740601503759399 0.09774436090225563 0.8721804511278195 0.09962406015037593 0.8721804511278195 0.11466165413533834 0.8703007518796992 0.11654135338345864 0.8721804511278195 0.11842105263157894 0.8721804511278195 0.12218045112781954 0.8703007518796992 0.12406015037593984 0.8703007518796992 0.19736842105263158 0.9229323308270677 0.19736842105263158 0.924812030075188 0.19924812030075187 0.9285714285714286 0.19924812030075187 0.9304511278195489 0.19736842105263158 0.9642857142857143 0.19736842105263158 0.9661654135338346 0.19924812030075187 0.9680451127819549 0.19736842105263158 0.9981203007518797 0.19736842105263158 0.9981203007518797 0.09210526315789473 0.9924812030075187 0.09210526315789473 0.9906015037593985 0.09022556390977443 0.9849624060150376 0.09022556390977443 0.9830827067669173 0.09210526315789473 0.9323308270676691 0.09210526315789473 0.9304511278195489 0.09022556390977443 0.900375939849624 0.09022556390977443 0.8984962406015038 0.09210526315789473 0.8853383458646616 0.09210526315789473 0.8834586466165414 0.09398496240601503 0.8778195488721805 0.09398496240601503 0.8759398496240601 0.09586466165413533
0 0.868421052631579 0.35150375939849626 0.868421052631579 0.35526315789473684 0.8665413533834586 0.35714285714285715 0.8665413533834586 0.37406015037593987 0.868421052631579 0.37593984962406013 0.868421052631579 0.3890977443609023 0.8665413533834586 0.39097744360902253 0.868421052631579 0.39285714285714285 0.868421052631579 0.40789473684210525 0.8665413533834586 0.40977443609022557 0.8665413533834586 0.4116541353383459 0.868421052631579 0.41353383458646614 0.868421052631579 0.43796992481203006 0.8703007518796992 0.4398496240601504 0.8703007518796992 0.44360902255639095 0.8721804511278195 0.44548872180451127 0.8721804511278195 0.4473684210526316 0.8740601503759399 0.4492481203007519 0.8740601503759399 0.45112781954887216 0.8778195488721805 0.45112781954887216 0.8796992481203008 0.45300751879699247 0.8909774436090225 0.45300751879699247 0.8928571428571429 0.4548872180451128 0.9981203007518797 0.4548872180451128 0.9981203007518797 0.40225563909774437 0.9736842105263158 0.40225563909774437 0.9718045112781954 0.40037593984962405 0.9699248120300752 0.40037593984962405 0.9680451127819549 0.39849624060150374 0.9642857142857143 0.39849624060150374 0.9548872180451128 0.3890977443609023 0.9548872180451128 0.38721804511278196 0.956766917293233 0.38533834586466165 0.9586466165413534 0.38721804511278196 0.9605263157894737 0.38721804511278196 0.9642857142857143 0.39097744360902253 0.9642857142857143 0.39285714285714285 0.9661654135338346 0.39285714285714285 0.9680451127819549 0.39473684210526316 0.9718045112781954 0.39473684210526316 0.9736842105263158 0.3966165413533835 0.9981203007518797 0.3966165413533835 0.9981203007518797 0.37406015037593987 0.9962406015037594 0.37593984962406013 0.9906015037593985 0.37593984962406013 0.9887218045112782 0.37406015037593987 0.9887218045112782 0.37218045112781956 0.9868421052631579 0.37218045112781956 0.9849624060150376 0.37030075187969924 0.981203007518797 0.37030075187969924 0.9793233082706767 0.37218045112781956 0.9736842105263158 0.37218045112781956 0.9718045112781954 0.37406015037593987 0.9699248120300752 0.37406015037593987 0.9680451127819549 0.37218045112781956 0.9624060150375939 0.37218045112781956 0.9530075187969925 0.36278195488721804 0.956766917293233 0.35902255639097747 0.9642857142857143 0.36654135338345867 0.9680451127819549 0.36654135338345867 0.9699248120300752 0.3684210526315789 0.9718045112781954 0.3684210526315789 0.9736842105263158 0.36654135338345867 0.9924812030075187 0.36654135338345867 0.9943609022556391 0.3684210526315789 0.9962406015037594 0.3684210526315789 0.9981203007518797 0.37030075187969924 0.9981203007518797 0.34962406015037595 0.9661654135338346 0.34962406015037595 0.9642857142857143 0.34774436090225563 0.9285714285714286 0.34774436090225563 0.9266917293233082 0.34962406015037595 0.8721804511278195 0.34962406015037595 0.8703007518796992 0.35150375939849626
0 0.9981203007518797 0.8703007518796992 0.9680451127819549 0.8703007518796992 0.9661654135338346 0.868421052631579 0.9642857142857143 0.868421052631579 0.9624060150375939 0.8703007518796992 0.8778195488721805 0.8703007518796992 0.8759398496240601 0.8721804511278195 0.8759398496240601 0.8740601503759399 0.8778195488721805 0.8759398496240601 0.8778195488721805 0.8796992481203008 0.8759398496240601 0.881578947368421 0.8759398496240601 0.8853383458646616 0.8778195488721805 0.8872180451127819 0.8759398496240601 0.8890977443609023 0.8759398496240601 0.8966165413533834 0.8778195488721805 0.8984962406015038 0.8778195488721805 0.9022556390977443 0.8759398496240601 0.9041353383458647 0.8759398496240601 0.9755639097744361 0.881578947368421 0.981203007518797 0.8834586466165414 0.981203007518797 0.8872180451127819 0.9849624060150376 0.9774436090225563 0.9849624060150376 0.9774436090225563 0.9830827067669173 0.9793233082706767 0.981203007518797 0.9793233082706767 0.9755639097744361 0.981203007518797 0.9736842105263158 0.9793233082706767 0.9736842105263158 0.9774436090225563 0.9718045112781954 0.9755639097744361 0.9718045112781954 0.9736842105263158 0.9699248120300752 0.9699248120300752 0.9699248120300752 0.9680451127819549 0.9680451127819549 0.9661654135338346 0.9680451127819549 0.9642857142857143 0.9661654135338346 0.9624060150375939 0.9661654135338346 0.9605263157894737 0.9642857142857143 0.9586466165413534 0.9642857142857143 0.956766917293233 0.9624060150375939 0.9548872180451128 0.9624060150375939 0.9530075187969925 0.9605263157894737 0.9511278195488722 0.9605263157894737 0.9492481203007519 0.9586466165413534 0.943609022556391 0.9586466165413534 0.9417293233082706 0.956766917293233 0.9398496240601504 0.956766917293233 0.9379699248120301 0.9548872180451128 0.9342105263157895 0.9548872180451128 0.9323308270676691 0.9530075187969925 0.9304511278195489 0.9530075187969925 0.9285714285714286 0.9511278195488722 0.9266917293233082 0.9511278195488722 0.924812030075188 0.9492481203007519 0.9229323308270677 0.9492481203007519 0.9210526315789473 0.9473684210526315 0.9172932330827067 0.9473684210526315 0.9154135338345865 0.9454887218045113 0.9135338345864662 0.9454887218045113 0.9116541353383458 0.943609022556391 0.9116541353383458 0.9417293233082706 0.9135338345864662 0.9398496240601504 0.9154135338345865 0.9398496240601504 0.9172932330827067 0.9417293233082706 0.9191729323308271 0.9417293233082706 0.9210526315789473 0.943609022556391 0.924812030075188 0.943609022556391 0.9266917293233082 0.9454887218045113 0.9285714285714286 0.9454887218045113 0.9304511278195489 0.9473684210526315 0.9323308270676691 0.9473684210526315 0.9342105263157895 0.9492481203007519 0.9379699248120301 0.9492481203007519 0.9398496240601504 0.9511278195488722 0.9417293233082706 0.9511278195488722 0.943609022556391 0.9530075187969925 0.9473684210526315 0.9530075187969925 0.9492481203007519 0.9548872180451128 0.9530075187969925 0.9548872180451128 0.9548872180451128 0.956766917293233 0.956766917293233 0.956766917293233 0.9586466165413534 0.9586466165413534 0.9605263157894737 0.9586466165413534 0.9624060150375939 0.9605263157894737 0.9642857142857143 0.9605263157894737 0.9661654135338346 0.9624060150375939 0.9680451127819549 0.9624060150375939 0.9699248120300752 0.9642857142857143 0.9718045112781954 0.9642857142857143 0.9736842105263158 0.9661654135338346 0.9774436090225563 0.9661654135338346 0.9793233082706767 0.9680451127819549 0.9830827067669173 0.9680451127819549 0.9830827067669173 0.9661654135338346 0.9849624060150376 0.9642857142857143 0.9849624060150376 0.9624060150375939 0.9887218045112782 0.9586466165413534 0.9887218045112782 0.9548872180451128 0.9906015037593985 0.9530075187969925 0.9906015037593985 0.9492481203007519 0.9924812030075187 0.9473684210526315 0.9924812030075187 0.943609022556391 0.9962406015037594 0.9398496240601504 0.9962406015037594 0.9379699248120301 0.9981203007518797 0.9360902255639098
0 0.2199248120300752 0.9943609022556391 0.2199248120300752 0.9981203007518797 0.5714285714285714 0.9981203007518797 0.5714285714285714 0.9962406015037594 0.5695488721804511 0.9943609022556391 0.5695488721804511 0.9924812030075187 0.5676691729323309 0.9924812030075187 0.5657894736842105 0.9943609022556391 0.5507518796992481 0.9943609022556391 0.5488721804511278 0.9924812030075187 0.543233082706767 0.9924812030075187 0.5413533834586466 0.9943609022556391 0.5375939849624061 0.9943609022556391 0.5357142857142857 0.9924812030075187 0.5131578947368421 0.9924812030075187 0.5112781954887218 0.9943609022556391 0.49624060150375937 0.9943609022556391 0.4943609022556391 0.9924812030075187 0.4830827067669173 0.9924812030075187 0.48120300751879697 0.9943609022556391 0.4793233082706767 0.9924812030075187 0.47368421052631576 0.9924812030075187 0.4718045112781955 0.9943609022556391 0.45112781954887216 0.9943609022556391 0.4492481203007519 0.9924812030075187 0.4473684210526316 0.9943609022556391 0.41541353383458646 0.9943609022556391 0.41353383458646614 0.9924812030075187 0.40789473684210525 0.9924812030075187 0.40601503759398494 0.9943609022556391 0.4041353383458647 0.9924812030075187 0.40225563909774437 0.9924812030075187 0.40037593984962405 0.9943609022556391 0.3966165413533835 0.9943609022556391 0.39473684210526316 0.9924812030075187 0.3609022556390977 0.9924812030075187 0.35902255639097747 0.9943609022556391 0.32706766917293234 0.9943609022556391 0.325187969924812 0.9924812030075187 0.3233082706766917 0.9943609022556391 0.32142857142857145 0.9924812030075187 0.31954887218045114 0.9943609022556391 0.2894736842105263 0.9943609022556391 0.287593984962406 0.9924812030075187 0.2857142857142857 0.9943609022556391 0.2800751879699248 0.9943609022556391 0.2781954887218045 0.9924812030075187 0.2462406015037594 0.9924812030075187 0.24436090225563908 0.9943609022556391 0.2424812030075188 0.9924812030075187 0.24060150375939848 0.9943609022556391
0 0 0.22556390977443608 0 0.33458646616541354 0.0037593984962406013 0.33458646616541354 0.005639097744360902 0.33646616541353386 0.007518796992481203 0.33646616541353386 0.009398496240601503 0.33458646616541354 0.011278195488721804 0.33458646616541354 0.011278195488721804 0.30639097744360905 0.009398496240601503 0.30451127819548873 0.009398496240601503 0.3026315789473684 0.011278195488721804 0.3007518796992481 0.011278195488721804 0.2894736842105263 0.009398496240601503 0.287593984962406 0.009398496240601503 0.27631578947368424 0.011278195488721804 0.2744360902255639 0.009398496240601503 0.2725563909774436 0.009398496240601503 0.2706766917293233 0.011278195488721804 0.26879699248120303 0.009398496240601503 0.2669172932330827 0.009398496240601503 0.2650375939849624 0.011278195488721804 0.2631578947368421 0.009398496240601503 0.26127819548872183 0.009398496240601503 0.2575187969924812 0.011278195488721804 0.2556390977443609 0.011278195488721804 0.24436090225563908 0.009398496240601503 0.2424812030075188 0.009398496240601503 0.24060150375939848 0.011278195488721804 0.2387218045112782 0.011278195488721804 0.231203007518797 0.009398496240601503 0.22932330827067668 0.007518796992481203 0.22932330827067668 0.005639097744360902 0.2274436090225564 0.0037593984962406013 0.2274436090225564 0.0018796992481203006 0.22556390977443608
0 0.005639097744360902 0.7443609022556391 0.0037593984962406013 0.7462406015037594 0 0.7462406015037594 0 0.8590225563909775 0.009398496240601503 0.849624060150376 0.009398496240601503 0.8214285714285714 0.007518796992481203 0.8195488721804511 0.009398496240601503 0.8176691729323309 0.007518796992481203 0.8157894736842105 0.007518796992481203 0.7462406015037594
0 0 0 0 0.07330827067669173 0.007518796992481203 0.07330827067669173 0.007518796992481203 0.011278195488721804 0.005639097744360902 0.009398496240601503 0.005639097744360902 0
0 0.9981203007518797 0.9962406015037594 0.9943609022556391 0.9962406015037594 0.9924812030075187 0.9981203007518797 0.9906015037593985 0.9981203007518797 0.9887218045112782 0.9962406015037594 0.9868421052631579 0.9962406015037594 0.9849624060150376 0.9981203007518797 0.9661654135338346 0.9981203007518797 0.9642857142857143 0.9962406015037594 0.9624060150375939 0.9962406015037594 0.9605263157894737 0.9981203007518797 0.9548872180451128 0.9981203007518797 0.9530075187969925 0.9962406015037594 0.9511278195488722 0.9981203007518797 0.9492481203007519 0.9962406015037594 0.943609022556391 0.9962406015037594 0.9417293233082706 0.9981203007518797 0.9398496240601504 0.9962406015037594 0.9135338345864662 0.9962406015037594 0.9116541353383458 0.9943609022556391 0.9097744360902256 0.9962406015037594 0.8928571428571429 0.9962406015037594 0.8909774436090225 0.9981203007518797 0.8834586466165414 0.9981203007518797 0.881578947368421 0.9962406015037594 0.8796992481203008 0.9981203007518797 0.8778195488721805 0.9981203007518797 0.8759398496240601 0.9962406015037594 0.8740601503759399 0.9981203007518797 0.8609022556390977 0.9981203007518797 0.8590225563909775 0.9962406015037594 0.8458646616541353 0.9962406015037594 0.8439849624060151 0.9981203007518797 0.8421052631578947 0.9962406015037594 0.8402255639097744 0.9981203007518797 0.825187969924812 0.9981203007518797 0.8233082706766918 0.9962406015037594 0.8157894736842105 0.9962406015037594 0.8139097744360902 0.9981203007518797 0.8026315789473685 0.9981203007518797 0.9981203007518797 0.9981203007518797
0 0.5939849624060151 0.9981203007518797 0.7518796992481203 0.9981203007518797 0.7387218045112782 0.9981203007518797 0.7368421052631579 0.9962406015037594 0.7349624060150376 0.9981203007518797 0.7293233082706767 0.9981203007518797 0.7274436090225563 0.9962406015037594 0.7105263157894737 0.9962406015037594 0.7086466165413534 0.9981203007518797 0.6992481203007519 0.9981203007518797 0.6973684210526315 0.9962406015037594 0.6954887218045113 0.9981203007518797 0.693609022556391 0.9962406015037594 0.6917293233082706 0.9962406015037594 0.6898496240601504 0.9981203007518797 0.6879699248120301 0.9962406015037594 0.6353383458646616 0.9962406015037594 0.6334586466165414 0.9943609022556391 0.6259398496240601 0.9943609022556391 0.6240601503759399 0.9962406015037594 0.6146616541353384 0.9962406015037594 0.6127819548872181 0.9943609022556391 0.6109022556390977 0.9962406015037594 0.599624060150376 0.9962406015037594 0.5977443609022557 0.9981203007518797
0 0 0.5 0 0.5939849624060151 0.0018796992481203006 0.5939849624060151 0.0037593984962406013 0.5921052631578947 0.0037593984962406013 0.5281954887218046 0.0018796992481203006 0.5263157894736842 0.0018796992481203006 0.5037593984962406 0 0.5018796992481203
0 0.022556390977443608 0.9981203007518797 0.19736842105263158 0.9981203007518797 0.16541353383458646 0.9981203007518797 0.16353383458646617 0.9962406015037594 0.16165413533834586 0.9981203007518797 0.08082706766917293 0.9981203007518797 0.07894736842105263 0.9962406015037594 0.07706766917293233 0.9981203007518797 0.07142857142857142 0.9981203007518797 0.06954887218045112 0.9962406015037594 0.05263157894736842 0.9962406015037594 0.05075187969924812 0.9981203007518797 0.043233082706766915 0.9981203007518797 0.041353383458646614 0.9962406015037594 0.039473684210526314 0.9962406015037594 0.03759398496240601 0.9981203007518797 0.03571428571428571 0.9981203007518797 0.03383458646616541 0.9962406015037594 0.03195488721804511 0.9981203007518797 0.03007518796992481 0.9962406015037594 0.02443609022556391 0.9962406015037594
0 0.9981203007518797 0.9454887218045113 0.9981203007518797 0.9492481203007519 0.9962406015037594 0.9511278195488722 0.9962406015037594 0.9530075187969925 0.9943609022556391 0.9548872180451128 0.9943609022556391 0.9586466165413534 0.9906015037593985 0.9624060150375939 0.9906015037593985 0.9661654135338346 0.9887218045112782 0.9680451127819549 0.9887218045112782 0.9699248120300752 0.9868421052631579 0.9718045112781954 0.9887218045112782 0.9718045112781954 0.9943609022556391 0.9774436090225563 0.9962406015037594 0.9774436090225563 0.9981203007518797 0.9793233082706767
0 0.9849624060150376 0.9774436090225563 0.9849624060150376 0.9830827067669173 0.9830827067669173 0.9849624060150376 0.9981203007518797 0.9849624060150376 0.9962406015037594 0.9849624060150376 0.9924812030075187 0.981203007518797 0.9906015037593985 0.981203007518797 0.9868421052631579 0.9774436090225563
1 0.5695488721804511 0.2274436090225564 0.5676691729323309 0.22556390977443608 0.5657894736842105 0.22556390977443608 0.5639097744360902 0.2236842105263158 0.5601503759398496 0.2236842105263158 0.5582706766917294 0.22180451127819548 0.5375939849624061 0.22180451127819548 0.5357142857142857 0.2199248120300752 0.518796992481203 0.2199248120300752 0.5169172932330827 0.21804511278195488 0.4793233082706767 0.21804511278195488 0.4774436090225564 0.2199248120300752 0.4473684210526316 0.2199248120300752 0.44548872180451127 0.21804511278195488 0.44360902255639095 0.2199248120300752 0.4398496240601504 0.2199248120300752 0.43796992481203006 0.22180451127819548 0.43609022556390975 0.22180451127819548 0.4342105263157895 0.2236842105263158 0.39097744360902253 0.2236842105263158 0.3890977443609023 0.22556390977443608 0.36654135338345867 0.22556390977443608 0.36466165413533835 0.2236842105263158 0.3609022556390977 0.2236842105263158 0.35902255639097747 0.22180451127819548 0.3458646616541353 0.22180451127819548 0.34398496240601506 0.2236842105263158 0.3176691729323308 0.2236842105263158 0.3157894736842105 0.22180451127819548 0.31390977443609025 0.22180451127819548 0.31203007518796994 0.2236842105263158 0.3101503759398496 0.2236842105263158 0.3082706766917293 0.22556390977443608 0.30451127819548873 0.22556390977443608 0.30451127819548873 0.2274436090225564 0.3007518796992481 0.231203007518797 0.3007518796992481 0.23308270676691728 0.29887218045112784 0.2349624060150376 0.29887218045112784 0.2424812030075188 0.29699248120300753 0.24436090225563908 0.29699248120300753 0.2462406015037594 0.2951127819548872 0.24812030075187969 0.2951127819548872 0.25 0.2932330827067669 0.2518796992481203 0.2932330827067669 0.25375939849624063 0.29135338345864664 0.2556390977443609 0.29135338345864664 0.2669172932330827 0.2932330827067669 0.26879699248120303 0.2932330827067669 0.2725563909774436 0.29135338345864664 0.2744360902255639 0.29135338345864664 0.2781954887218045 0.2932330827067669 0.2800751879699248 0.2932330827067669 0.2819548872180451 0.2951127819548872 0.28383458646616544 0.2951127819548872 0.2932330827067669 0.2932330827067669 0.2951127819548872 0.2932330827067669 0.29887218045112784 0.29135338345864664 0.3007518796992481 0.29135338345864664 0.3026315789473684 0.28383458646616544 0.3101503759398496 0.28383458646616544 0.31203007518796994 0.2819548872180451 0.31390977443609025 0.2819548872180451 0.32142857142857145 0.2800751879699248 0.3233082706766917 0.2800751879699248 0.325187969924812 0.2819548872180451 0.32706766917293234 0.2819548872180451 0.32894736842105265 0.37030075187969924 0.32894736842105265 0.37218045112781956 0.32706766917293234 0.3815789473684211 0.32706766917293234 0.38345864661654133 0.32894736842105265 0.38533834586466165 0.32706766917293234 0.39473684210526316 0.32706766917293234 0.3966165413533835 0.32894736842105265 0.39849624060150374 0.32706766917293234 0.40225563909774437 0.32706766917293234 0.4041353383458647 0.32894736842105265 0.41729323308270677 0.32894736842105265 0.4191729323308271 0.32706766917293234 0.42105263157894735 0.32706766917293234 0.42293233082706766 0.32894736842105265 0.4342105263157895 0.32894736842105265 0.43609022556390975 0.32706766917293234 0.5338345864661654 0.32706766917293234 0.5357142857142857 0.325187969924812 0.5639097744360902 0.325187969924812 0.5657894736842105 0.3233082706766917 0.5676691729323309 0.3233082706766917 0.5695488721804511 0.32142857142857145 0.5695488721804511 0.31954887218045114 0.5714285714285714 0.3176691729323308 0.5714285714285714 0.3157894736842105 0.5733082706766918 0.31390977443609025 0.5733082706766918 0.2819548872180451 0.5714285714285714 0.2800751879699248 0.5714285714285714 0.23308270676691728 0.5695488721804511 0.231203007518797
1 0.015037593984962405 0.9116541353383458 0.015037593984962405 0.943609022556391 0.016917293233082706 0.9454887218045113 0.016917293233082706 0.9473684210526315 0.018796992481203006 0.9492481203007519 0.018796992481203006 0.9511278195488722 0.020676691729323307 0.9530075187969925 0.020676691729323307 0.956766917293233 0.022556390977443608 0.9586466165413534 0.022556390977443608 0.9680451127819549 0.02443609022556391 0.9699248120300752 0.022556390977443608 0.9718045112781954 0.022556390977443608 0.9793233082706767 0.02443609022556391 0.9793233082706767 0.02631578947368421 0.981203007518797 0.03383458646616541 0.981203007518797 0.03571428571428571 0.9793233082706767 0.039473684210526314 0.9793233082706767 0.041353383458646614 0.9774436090225563 0.043233082706766915 0.9774436090225563 0.045112781954887216 0.9755639097744361 0.04887218045112782 0.9755639097744361 0.05075187969924812 0.9736842105263158 0.20488721804511278 0.9736842105263158 0.20676691729323307 0.9755639097744361 0.22556390977443608 0.9755639097744361 0.2274436090225564 0.9736842105263158 0.27631578947368424 0.9736842105263158 0.2781954887218045 0.9718045112781954 0.28383458646616544 0.9718045112781954 0.2857142857142857 0.9699248120300752 0.2857142857142857 0.9661654135338346 0.287593984962406 0.9642857142857143 0.287593984962406 0.868421052631579 0.28383458646616544 0.868421052631579 0.2819548872180451 0.8703007518796992 0.2800751879699248 0.8703007518796992 0.2781954887218045 0.868421052631579 0.2631578947368421 0.868421052631579 0.26127819548872183 0.8703007518796992 0.2593984962406015 0.868421052631579 0.15413533834586465 0.868421052631579 0.15225563909774437 0.8665413533834586 0.14849624060150377 0.8665413533834586 0.14661654135338345 0.868421052631579 0.14097744360902256 0.868421052631579 0.13909774436090225 0.8665413533834586 0.11842105263157894 0.8665413533834586 0.11654135338345864 0.868421052631579 0.10714285714285714 0.868421052631579 0.10526315789473684 0.8665413533834586 0.10338345864661654 0.868421052631579 0.09774436090225563 0.868421052631579 0.09586466165413533 0.8665413533834586 0.07142857142857142 0.8665413533834586 0.06954887218045112 0.868421052631579 0.06203007518796992 0.868421052631579 0.06015037593984962 0.8665413533834586 0.05827067669172932 0.8665413533834586 0.05639097744360902 0.868421052631579 0.05451127819548872 0.868421052631579 0.05263157894736842 0.8665413533834586 0.043233082706766915 0.8665413533834586 0.041353383458646614 0.868421052631579 0.03759398496240601 0.868421052631579 0.02819548872180451 0.8778195488721805 0.02631578947368421 0.8778195488721805 0.02631578947368421 0.8796992481203008 0.02443609022556391 0.881578947368421 0.02443609022556391 0.8834586466165414 0.022556390977443608 0.8853383458646616 0.022556390977443608 0.8890977443609023 0.020676691729323307 0.8909774436090225 0.020676691729323307 0.8966165413533834 0.018796992481203006 0.8984962406015038 0.018796992481203006 0.9041353383458647 0.016917293233082706 0.9060150375939849 0.016917293233082706 0.9097744360902256
1 0.28383458646616544 0.6221804511278195 0.2819548872180451 0.6203007518796992 0.2819548872180451 0.618421052631579 0.2800751879699248 0.6165413533834586 0.2800751879699248 0.6146616541353384 0.25 0.6146616541353384 0.24812030075187969 0.6165413533834586 0.2161654135338346 0.6165413533834586 0.21428571428571427 0.6146616541353384 0.20676691729323307 0.6146616541353384 0.20488721804511278 0.6127819548872181 0.18045112781954886 0.6127819548872181 0.17857142857142858 0.6109022556390977 0.17481203007518797 0.6109022556390977 0.17293233082706766 0.6090225563909775 0.17105263157894737 0.6090225563909775 0.16917293233082706 0.6071428571428571 0.15413533834586465 0.6071428571428571 0.15225563909774437 0.6090225563909775 0.14097744360902256 0.6090225563909775 0.13909774436090225 0.6109022556390977 0.11842105263157894 0.6109022556390977 0.11654135338345864 0.6090225563909775 0.11466165413533834 0.6109022556390977 0.11278195488721804 0.6109022556390977 0.11090225563909774 0.6090225563909775 0.03383458646616541 0.6090225563909775 0.03195488721804511 0.6109022556390977 0.03007518796992481 0.6109022556390977 0.02819548872180451 0.6127819548872181 0.02631578947368421 0.6127819548872181 0.02631578947368421 0.618421052631579 0.02443609022556391 0.6203007518796992 0.02443609022556391 0.6221804511278195 0.022556390977443608 0.6240601503759399 0.022556390977443608 0.6541353383458647 0.020676691729323307 0.6560150375939849 0.020676691729323307 0.6597744360902256 0.022556390977443608 0.6616541353383458 0.022556390977443608 0.6635338345864662 0.02631578947368421 0.6672932330827067 0.02631578947368421 0.6691729323308271 0.02819548872180451 0.6710526315789473 0.02819548872180451 0.6729323308270677 0.02443609022556391 0.6766917293233082 0.02443609022556391 0.6804511278195489 0.022556390977443608 0.6823308270676691 0.022556390977443608 0.7161654135338346 0.03007518796992481 0.7161654135338346 0.03195488721804511 0.7180451127819549 0.2819548872180451 0.7180451127819549 0.2857142857142857 0.7142857142857143 0.2857142857142857 0.6992481203007519 0.287593984962406 0.6973684210526315 0.287593984962406 0.6635338345864662 0.2857142857142857 0.6616541353383458 0.2857142857142857 0.6390977443609023 0.28383458646616544 0.6372180451127819
1 0.2819548872180451 0.3533834586466165 0.2556390977443609 0.3533834586466165 0.25375939849624063 0.35526315789473684 0.25 0.35526315789473684 0.24812030075187969 0.35714285714285715 0.24436090225563908 0.35714285714285715 0.2424812030075188 0.35902255639097747 0.24060150375939848 0.35902255639097747 0.2387218045112782 0.35714285714285715 0.22180451127819548 0.35714285714285715 0.2199248120300752 0.35526315789473684 0.21428571428571427 0.35526315789473684 0.212406015037594 0.35714285714285715 0.19172932330827067 0.35714285714285715 0.18984962406015038 0.35526315789473684 0.17669172932330826 0.35526315789473684 0.17481203007518797 0.3533834586466165 0.16729323308270677 0.3533834586466165 0.16541353383458646 0.35526315789473684 0.16353383458646617 0.35526315789473684 0.16165413533834586 0.35714285714285715 0.14285714285714285 0.35714285714285715 0.14097744360902256 0.35526315789473684 0.13721804511278196 0.35526315789473684 0.13533834586466165 0.35714285714285715 0.12593984962406016 0.35714285714285715 0.12406015037593984 0.35526315789473684 0.09774436090225563 0.35526315789473684 0.09586466165413533 0.35714285714285715 0.08458646616541353 0.35714285714285715 0.08270676691729323 0.35902255639097747 0.07706766917293233 0.35902255639097747 0.07706766917293233 0.36278195488721804 0.07518796992481203 0.36466165413533835 0.07518796992481203 0.36654135338345867 0.07142857142857142 0.37030075187969924 0.07142857142857142 0.37406015037593987 0.06766917293233082 0.37781954887218044 0.06766917293233082 0.3966165413533835 0.06578947368421052 0.39849624060150374 0.06578947368421052 0.40037593984962405 0.06390977443609022 0.40225563909774437 0.06390977443609022 0.4041353383458647 0.05639097744360902 0.4116541353383459 0.05451127819548872 0.4116541353383459 0.05075187969924812 0.41541353383458646 0.05075187969924812 0.4191729323308271 0.04887218045112782 0.42105263157894735 0.04887218045112782 0.45300751879699247 0.05075187969924812 0.4548872180451128 0.05075187969924812 0.45864661654135336 0.08458646616541353 0.45864661654135336 0.08646616541353383 0.4605263157894737 0.09398496240601503 0.4605263157894737 0.09586466165413533 0.45864661654135336 0.11654135338345864 0.45864661654135336 0.11842105263157894 0.4605263157894737 0.15037593984962405 0.4605263157894737 0.15225563909774437 0.45864661654135336 0.23308270676691728 0.45864661654135336 0.2349624060150376 0.4567669172932331 0.2631578947368421 0.4567669172932331 0.2650375939849624 0.4548872180451128 0.2706766917293233 0.4548872180451128 0.2725563909774436 0.45300751879699247 0.2744360902255639 0.45300751879699247 0.27631578947368424 0.45112781954887216 0.27631578947368424 0.4492481203007519 0.2800751879699248 0.44548872180451127 0.2800751879699248 0.4398496240601504 0.2819548872180451 0.43796992481203006 0.2819548872180451 0.37030075187969924 0.28383458646616544 0.3684210526315789 0.28383458646616544 0.36466165413533835 0.2819548872180451 0.36278195488721804
1 0.5902255639097744 0.07894736842105263 0.6296992481203008 0.07894736842105263 0.631578947368421 0.08082706766917293 0.6428571428571429 0.08082706766917293 0.6447368421052632 0.07894736842105263 0.6522556390977443 0.07894736842105263 0.6541353383458647 0.08082706766917293 0.6560150375939849 0.07894736842105263 0.6672932330827067 0.07894736842105263 0.6691729323308271 0.08082706766917293 0.6710526315789473 0.07894736842105263 0.6785714285714286 0.07894736842105263 0.6804511278195489 0.07706766917293233 0.6804511278195489 0.07518796992481203 0.6842105263157895 0.07142857142857142 0.6842105263157895 0.06954887218045112 0.6954887218045113 0.05827067669172932 0.6954887218045113 0.05451127819548872 0.6973684210526315 0.05263157894736842 0.6973684210526315 0.05075187969924812 0.6992481203007519 0.04887218045112782 0.6992481203007519 0.039473684210526314 0.7011278195488722 0.03759398496240601 0.7011278195488722 0.03383458646616541 0.7030075187969925 0.03195488721804511 0.7030075187969925 0.03007518796992481 0.706766917293233 0.02631578947368421 0.706766917293233 0.02443609022556391 0.7124060150375939 0.018796992481203006 0.7142857142857143 0.018796992481203006 0.7161654135338346 0.016917293233082706 0.7199248120300752 0.016917293233082706 0.7218045112781954 0.015037593984962405 0.7255639097744361 0.015037593984962405 0.7274436090225563 0.013157894736842105 0.7330827067669173 0.013157894736842105 0.7349624060150376 0.011278195488721804 0.7368421052631579 0.011278195488721804 0.7406015037593985 0.007518796992481203 0.7406015037593985 0.005639097744360902 0.7462406015037594 0 0.5883458646616542 0 0.5883458646616542 0.016917293233082706 0.5902255639097744 0.018796992481203006
1 0.2932330827067669 0.22932330827067668 0.2744360902255639 0.22932330827067668 0.2725563909774436 0.231203007518797 0.2518796992481203 0.231203007518797 0.25 0.23308270676691728 0.24060150375939848 0.23308270676691728 0.2387218045112782 0.2349624060150376 0.23308270676691728 0.2349624060150376 0.22932330827067668 0.2387218045112782 0.22932330827067668 0.24060150375939848 0.2274436090225564 0.2424812030075188 0.2274436090225564 0.24812030075187969 0.22556390977443608 0.25 0.22556390977443608 0.2932330827067669 0.2236842105263158 0.2951127819548872 0.2236842105263158 0.30451127819548873 0.22180451127819548 0.30639097744360905 0.22180451127819548 0.3308270676691729 0.2236842105263158 0.33270676691729323 0.2349624060150376 0.33270676691729323 0.23684210526315788 0.33458646616541354 0.2387218045112782 0.33458646616541354 0.24060150375939848 0.33270676691729323 0.24812030075187969 0.33270676691729323 0.25 0.33458646616541354 0.26127819548872183 0.33458646616541354 0.2631578947368421 0.33270676691729323 0.26879699248120303 0.33270676691729323 0.26879699248120303 0.32894736842105265 0.2669172932330827 0.32706766917293234 0.26879699248120303 0.325187969924812 0.26879699248120303 0.32142857142857145 0.2706766917293233 0.31954887218045114 0.2706766917293233 0.3157894736842105 0.2725563909774436 0.31390977443609025 0.2725563909774436 0.31203007518796994 0.2781954887218045 0.30639097744360905 0.2781954887218045 0.30451127819548873 0.2800751879699248 0.3026315789473684 0.2800751879699248 0.29887218045112784 0.2819548872180451 0.29699248120300753 0.2819548872180451 0.29135338345864664 0.2800751879699248 0.2894736842105263 0.2800751879699248 0.27631578947368424 0.2781954887218045 0.2744360902255639 0.2781954887218045 0.26879699248120303 0.2800751879699248 0.2669172932330827 0.2800751879699248 0.2556390977443609 0.2819548872180451 0.25375939849624063 0.2819548872180451 0.2518796992481203 0.28383458646616544 0.25 0.28383458646616544 0.2424812030075188 0.2857142857142857 0.24060150375939848 0.2857142857142857 0.2387218045112782 0.287593984962406 0.23684210526315788 0.287593984962406 0.2349624060150376 0.2894736842105263 0.23308270676691728 0.29135338345864664 0.23308270676691728 0.29135338345864664 0.231203007518797
1 0.06578947368421052 0.35714285714285715 0.06015037593984962 0.35714285714285715 0.05827067669172932 0.35902255639097747 0 0.35902255639097747 0 0.4642857142857143 0.02819548872180451 0.4642857142857143 0.03007518796992481 0.46616541353383456 0.039473684210526314 0.46616541353383456 0.041353383458646614 0.4642857142857143 0.043233082706766915 0.4642857142857143 0.041353383458646614 0.462406015037594 0.03759398496240601 0.462406015037594 0.03571428571428571 0.4605263157894737 0.03571428571428571 0.45112781954887216 0.03759398496240601 0.4492481203007519 0.03759398496240601 0.4266917293233083 0.039473684210526314 0.424812030075188 0.039473684210526314 0.41541353383458646 0.041353383458646614 0.41353383458646614 0.041353383458646614 0.4116541353383459 0.05263157894736842 0.40037593984962405 0.05263157894736842 0.39097744360902253 0.05075187969924812 0.3890977443609023 0.05451127819548872 0.38533834586466165 0.05451127819548872 0.38345864661654133 0.05639097744360902 0.3815789473684211 0.05639097744360902 0.37969924812030076 0.06203007518796992 0.37406015037593987 0.06203007518796992 0.37218045112781956 0.06390977443609022 0.37030075187969924 0.06390977443609022 0.36466165413533835 0.06578947368421052 0.36278195488721804
1 0.768796992481203 0 0.7612781954887218 0 0.7593984962406015 0.0018796992481203006 0.7575187969924813 0.0018796992481203006 0.7481203007518797 0.011278195488721804 0.7481203007518797 0.013157894736842105 0.7424812030075187 0.018796992481203006 0.7406015037593985 0.018796992481203006 0.7387218045112782 0.020676691729323307 0.7368421052631579 0.020676691729323307 0.7349624060150376 0.022556390977443608 0.7274436090225563 0.022556390977443608 0.7255639097744361 0.02443609022556391 0.7218045112781954 0.02443609022556391 0.7142857142857143 0.03195488721804511 0.7142857142857143 0.03383458646616541 0.7124060150375939 0.03571428571428571 0.7124060150375939 0.03759398496240601 0.7105263157894737 0.039473684210526314 0.7105263157894737 0.045112781954887216 0.7086466165413534 0.046992481203007516 0.7086466165413534 0.04887218045112782 0.706766917293233 0.05075187969924812 0.706766917293233 0.05451127819548872 0.7048872180451128 0.05639097744360902 0.7048872180451128 0.06015037593984962 0.7030075187969925 0.06203007518796992 0.7030075187969925 0.06390977443609022 0.6992481203007519 0.06766917293233082 0.6992481203007519 0.06954887218045112 0.693609022556391 0.07518796992481203 0.706766917293233 0.07518796992481203 0.7086466165413534 0.07330827067669173 0.7105263157894737 0.07518796992481203 0.7556390977443609 0.07518796992481203 0.7575187969924813 0.07330827067669173 0.7593984962406015 0.07330827067669173 0.7631578947368421 0.06954887218045112 0.7631578947368421 0.06766917293233082 0.7650375939849624 0.06578947368421052 0.7650375939849624 0.05451127819548872 0.7669172932330827 0.05263157894736842 0.7669172932330827 0.043233082706766915 0.7650375939849624 0.041353383458646614 0.7650375939849624 0.015037593984962405 0.7669172932330827 0.013157894736842105 0.7669172932330827 0.0037593984962406013 0.768796992481203 0.0018796992481203006
1 0 0.6127819548872181 0 0.7218045112781954 0.007518796992481203 0.7218045112781954 0.009398496240601503 0.7236842105263158 0.011278195488721804 0.7218045112781954 0.011278195488721804 0.7180451127819549 0.009398496240601503 0.7161654135338346 0.009398496240601503 0.7086466165413534 0.011278195488721804 0.706766917293233 0.011278195488721804 0.7011278195488722 0.013157894736842105 0.6992481203007519 0.013157894736842105 0.6766917293233082 0.011278195488721804 0.674812030075188 0.011278195488721804 0.6578947368421053 0.009398496240601503 0.6578947368421053 0.007518796992481203 0.6560150375939849 0.007518796992481203 0.6484962406015038 0.005639097744360902 0.6466165413533834 0.005639097744360902 0.6390977443609023 0.007518796992481203 0.6372180451127819 0.007518796992481203 0.6296992481203008 0.009398496240601503 0.6278195488721805 0.009398496240601503 0.6240601503759399 0.011278195488721804 0.6221804511278195 0.011278195488721804 0.6165413533834586 0.013157894736842105 0.6146616541353384 0.018796992481203006 0.6146616541353384 0.005639097744360902 0.6146616541353384 0.0037593984962406013 0.6127819548872181
1 0.0018796992481203006 0.8703007518796992 0 0.8703007518796992 0 0.9849624060150376 0.0018796992481203006 0.9830827067669173 0.007518796992481203 0.9830827067669173 0.009398496240601503 0.981203007518797 0.009398496240601503 0.9642857142857143 0.005639097744360902 0.9605263157894737 0.005639097744360902 0.9586466165413534 0.0037593984962406013 0.956766917293233 0.0037593984962406013 0.9304511278195489 0.0018796992481203006 0.9285714285714286 0.0018796992481203006 0.924812030075188 0.0037593984962406013 0.9229323308270677 0.0037593984962406013 0.9154135338345865 0.005639097744360902 0.9135338345864662 0.005639097744360902 0.9116541353383458 0.007518796992481203 0.9097744360902256 0.007518796992481203 0.8984962406015038 0.009398496240601503 0.8966165413533834 0.009398496240601503 0.8928571428571429 0.011278195488721804 0.8909774436090225 0.011278195488721804 0.8872180451127819 0.016917293233082706 0.881578947368421 0.016917293233082706 0.8796992481203008 0.018796992481203006 0.8778195488721805 0.018796992481203006 0.8759398496240601 0.015037593984962405 0.8759398496240601 0.013157894736842105 0.8740601503759399 0.007518796992481203 0.8740601503759399 0.005639097744360902 0.8721804511278195 0.0037593984962406013 0.8721804511278195
2 0.3026315789473684 0.2274436090225564 0.3007518796992481 0.2274436090225564 0.29887218045112784 0.22932330827067668 0.2951127819548872 0.22932330827067668 0.2932330827067669 0.231203007518797 0.2932330827067669 0.23308270676691728 0.29135338345864664 0.2349624060150376 0.2894736842105263 0.2349624060150376 0.2894736842105263 0.23684210526315788 0.287593984962406 0.2387218045112782 0.287593984962406 0.24060150375939848 0.2857142857142857 0.2424812030075188 0.2857142857142857 0.25 0.28383458646616544 0.2518796992481203 0.28383458646616544 0.25375939849624063 0.2819548872180451 0.2556390977443609 0.2819548872180451 0.2669172932330827 0.2800751879699248 0.26879699248120303 0.2800751879699248 0.2744360902255639 0.2819548872180451 0.27631578947368424 0.2819548872180451 0.2894736842105263 0.28383458646616544 0.29135338345864664 0.28383458646616544 0.29699248120300753 0.2819548872180451 0.29887218045112784 0.2819548872180451 0.3026315789473684 0.2800751879699248 0.30451127819548873 0.2800751879699248 0.30639097744360905 0.2744360902255639 0.31203007518796994 0.2744360902255639 0.31390977443609025 0.2725563909774436 0.3157894736842105 0.2725563909774436 0.31954887218045114 0.2706766917293233 0.32142857142857145 0.2706766917293233 0.325187969924812 0.26879699248120303 0.32706766917293234 0.2706766917293233 0.32894736842105265 0.2706766917293233 0.33270676691729323 0.26879699248120303 0.33458646616541354 0.2669172932330827 0.33458646616541354 0.2631578947368421 0.3383458646616541 0.26127819548872183 0.3383458646616541 0.2593984962406015 0.34022556390977443 0.2575187969924812 0.34022556390977443 0.25375939849624063 0.34398496240601506 0.25375939849624063 0.3458646616541353 0.2518796992481203 0.34774436090225563 0.2518796992481203 0.34962406015037595 0.24812030075187969 0.3533834586466165 0.2424812030075188 0.3533834586466165 0.24060150375939848 0.35150375939849626 0.2387218045112782 0.35150375939849626 0.2349624060150376 0.34774436090225563 0.2236842105263158 0.34774436090225563 0.2199248120300752 0.35150375939849626 0.2161654135338346 0.35150375939849626 0.21428571428571427 0.3533834586466165 0.21052631578947367 0.3533834586466165 0.20864661654135339 0.35150375939849626 0.19736842105263158 0.35150375939849626 0.19548872180451127 0.34962406015037595 0.18421052631578946 0.34962406015037595 0.18233082706766918 0.34774436090225563 0.17481203007518797 0.34774436090225563 0.17293233082706766 0.34962406015037595 0.16729323308270677 0.34962406015037595 0.16541353383458646 0.34774436090225563 0.15789473684210525 0.34774436090225563 0.15601503759398497 0.34962406015037595 0.15413533834586465 0.34962406015037595 0.15225563909774437 0.35150375939849626 0.11654135338345864 0.35150375939849626 0.11466165413533834 0.34962406015037595 0.11090225563909774 0.34962406015037595 0.10902255639097744 0.34774436090225563 0.10714285714285714 0.34962406015037595 0.08458646616541353 0.34962406015037595 0.08270676691729323 0.35150375939849626 0.08082706766917293 0.35150375939849626 0.07330827067669173 0.35902255639097747 0.06766917293233082 0.35902255639097747 0.06766917293233082 0.36278195488721804 0.06578947368421052 0.36466165413533835 0.06578947368421052 0.37030075187969924 0.06390977443609022 0.37218045112781956 0.06390977443609022 0.37406015037593987 0.05827067669172932 0.37969924812030076 0.05827067669172932 0.3815789473684211 0.05639097744360902 0.38345864661654133 0.05639097744360902 0.38533834586466165 0.05263157894736842 0.3890977443609023 0.05451127819548872 0.39097744360902253 0.05451127819548872 0.40037593984962405 0.043233082706766915 0.4116541353383459 0.043233082706766915 0.41353383458646614 0.041353383458646614 0.41541353383458646 0.041353383458646614 0.424812030075188 0.039473684210526314 0.4266917293233083 0.039473684210526314 0.4492481203007519 0.03759398496240601 0.45112781954887216 0.03759398496240601 0.4605263157894737 0.041353383458646614 0.4605263157894737 0.045112781954887216 0.4642857142857143 0.043233082706766915 0.46616541353383456 0.043233082706766915 0.4680451127819549 0.041353383458646614 0.4699248120300752 0.041353383458646614 0.4718045112781955 0.039473684210526314 0.47368421052631576 0.039473684210526314 0.4755639097744361 0.03759398496240601 0.4774436090225564 0.03571428571428571 0.4774436090225564 0.03383458646616541 0.4793233082706767 0.03195488721804511 0.4793233082706767 0.03007518796992481 0.48120300751879697 0.02819548872180451 0.48120300751879697 0.03571428571428571 0.48120300751879697 0.03759398496240601 0.4830827067669173 0.06015037593984962 0.4830827067669173 0.06203007518796992 0.48120300751879697 0.06203007518796992 0.4774436090225564 0.05263157894736842 0.4680451127819549 0.05263157894736842 0.4605263157894737 0.05075187969924812 0.4605263157894737 0.04887218045112782 0.45864661654135336 0.04887218045112782 0.4548872180451128 0.046992481203007516 0.45300751879699247 0.046992481203007516 0.42105263157894735 0.04887218045112782 0.4191729323308271 0.04887218045112782 0.41541353383458646 0.05451127819548872 0.40977443609022557 0.05639097744360902 0.40977443609022557 0.06203007518796992 0.4041353383458647 0.06203007518796992 0.40225563909774437 0.06390977443609022 0.40037593984962405 0.06390977443609022 0.39849624060150374 0.06578947368421052 0.3966165413533835 0.06578947368421052 0.37781954887218044 0.06954887218045112 0.37406015037593987 0.06954887218045112 0.37030075187969924 0.07330827067669173 0.36654135338345867 0.07330827067669173 0.36466165413533835 0.07518796992481203 0.36278195488721804 0.07518796992481203 0.35902255639097747 0.07706766917293233 0.35714285714285715 0.08270676691729323 0.35714285714285715 0.08458646616541353 0.35526315789473684 0.09586466165413533 0.35526315789473684 0.09774436090225563 0.3533834586466165 0.12406015037593984 0.3533834586466165 0.12593984962406016 0.35526315789473684 0.13533834586466165 0.35526315789473684 0.13721804511278196 0.3533834586466165 0.14097744360902256 0.3533834586466165 0.14285714285714285 0.35526315789473684 0.16165413533834586 0.35526315789473684 0.16353383458646617 0.3533834586466165 0.16541353383458646 0.3533834586466165 0.16729323308270677 0.35150375939849626 0.17481203007518797 0.35150375939849626 0.17669172932330826 0.3533834586466165 0.18984962406015038 0.3533834586466165 0.19172932330827067 0.35526315789473684 0.212406015037594 0.35526315789473684 0.21428571428571427 0.3533834586466165 0.2199248120300752 0.3533834586466165 0.22180451127819548 0.35526315789473684 0.2387218045112782 0.35526315789473684 0.24060150375939848 0.35714285714285715 0.2424812030075188 0.35714285714285715 0.24436090225563908 0.35526315789473684 0.24812030075187969 0.35526315789473684 0.25 0.3533834586466165 0.25375939849624063 0.3533834586466165 0.2556390977443609 0.35150375939849626 0.2593984962406015 0.35150375939849626 0.2593984962406015 0.34962406015037595 0.2669172932330827 0.34210526315789475 0.2706766917293233 0.34210526315789475 0.2781954887218045 0.33458646616541354 0.2781954887218045 0.33270676691729323 0.2800751879699248 0.3308270676691729 0.2800751879699248 0.32706766917293234 0.2781954887218045 0.325187969924812 0.2781954887218045 0.3233082706766917 0.2800751879699248 0.32142857142857145 0.2800751879699248 0.31390977443609025 0.2819548872180451 0.31203007518796994 0.2819548872180451 0.3101503759398496 0.2894736842105263 0.3026315789473684 0.2894736842105263 0.3007518796992481 0.29135338345864664 0.29887218045112784 0.29135338345864664 0.2951127819548872 0.2932330827067669 0.2932330827067669 0.2932330827067669 0.28383458646616544 0.29135338345864664 0.2819548872180451 0.29135338345864664 0.2800751879699248 0.2894736842105263 0.2781954887218045 0.2894736842105263 0.2744360902255639 0.29135338345864664 0.2725563909774436 0.29135338345864664 0.26879699248120303 0.2894736842105263 0.2669172932330827 0.2894736842105263 0.2556390977443609 0.29135338345864664 0.25375939849624063 0.29135338345864664 0.2518796992481203 0.2932330827067669 0.25 0.2932330827067669 0.24812030075187969 0.2951127819548872 0.2462406015037594 0.2951127819548872 0.24436090225563908 0.29699248120300753 0.2424812030075188 0.29699248120300753 0.2349624060150376 0.29887218045112784 0.23308270676691728 0.29887218045112784 0.231203007518797
2 0.03759398496240601 0.8515037593984962 0.015037593984962405 0.8515037593984962 0.015037593984962405 0.8533834586466166 0.009398496240601503 0.8590225563909775 0.007518796992481203 0.8590225563909775 0.0037593984962406013 0.8627819548872181 0.0037593984962406013 0.8646616541353384 0.0018796992481203006 0.8665413533834586 0.0018796992481203006 0.868421052631579 0.0037593984962406013 0.8703007518796992 0.005639097744360902 0.8703007518796992 0.007518796992481203 0.8721804511278195 0.013157894736842105 0.8721804511278195 0.015037593984962405 0.8740601503759399 0.018796992481203006 0.8740601503759399 0.020676691729323307 0.8759398496240601 0.020676691729323307 0.8778195488721805 0.018796992481203006 0.8796992481203008 0.018796992481203006 0.881578947368421 0.013157894736842105 0.8872180451127819 0.013157894736842105 0.8909774436090225 0.011278195488721804 0.8928571428571429 0.011278195488721804 0.8966165413533834 0.009398496240601503 0.8984962406015038 0.009398496240601503 0.9097744360902256 0.007518796992481203 0.9116541353383458 0.007518796992481203 0.9135338345864662 0.005639097744360902 0.9154135338345865 0.005639097744360902 0.9229323308270677 0.0037593984962406013 0.924812030075188 0.0037593984962406013 0.9285714285714286 0.005639097744360902 0.9304511278195489 0.005639097744360902 0.956766917293233 0.007518796992481203 0.9586466165413534 0.007518796992481203 0.9605263157894737 0.011278195488721804 0.9642857142857143 0.011278195488721804 0.981203007518797 0.009398496240601503 0.9830827067669173 0.013157894736842105 0.9868421052631579 0.013157894736842105 0.9887218045112782 0.018796992481203006 0.9943609022556391 0.018796992481203006 0.9962406015037594 0.020676691729323307 0.9981203007518797 0.02443609022556391 0.9943609022556391 0.02819548872180451 0.9943609022556391 0.02819548872180451 0.9868421052631579 0.02631578947368421 0.9849624060150376 0.02631578947368421 0.9830827067669173 0.02443609022556391 0.981203007518797 0.022556390977443608 0.981203007518797 0.020676691729323307 0.9793233082706767 0.020676691729323307 0.9718045112781954 0.022556390977443608 0.9699248120300752 0.020676691729323307 0.9680451127819549 0.020676691729323307 0.9586466165413534 0.018796992481203006 0.956766917293233 0.018796992481203006 0.9530075187969925 0.016917293233082706 0.9511278195488722 0.016917293233082706 0.9492481203007519 0.015037593984962405 0.9473684210526315 0.015037593984962405 0.9454887218045113 0.013157894736842105 0.943609022556391 0.013157894736842105 0.9116541353383458 0.015037593984962405 0.9097744360902256 0.015037593984962405 0.9060150375939849 0.016917293233082706 0.9041353383458647 0.016917293233082706 0.8984962406015038 0.018796992481203006 0.8966165413533834 0.018796992481203006 0.8909774436090225 0.020676691729323307 0.8890977443609023 0.020676691729323307 0.8853383458646616 0.022556390977443608 0.8834586466165414 0.022556390977443608 0.881578947368421 0.02443609022556391 0.8796992481203008 0.02443609022556391 0.8778195488721805 0.02631578947368421 0.8759398496240601 0.02819548872180451 0.8759398496240601 0.03759398496240601 0.8665413533834586 0.041353383458646614 0.8665413533834586 0.043233082706766915 0.8646616541353384 0.043233082706766915 0.8609022556390977 0.041353383458646614 0.8590225563909775 0.041353383458646614 0.8571428571428571 0.039473684210526314 0.8552631578947368 0.039473684210526314 0.8533834586466166
2 0.03007518796992481 0.5921052631578947 0.020676691729323307 0.5921052631578947 0.020676691729323307 0.5939849624060151 0.016917293233082706 0.5977443609022557 0.016917293233082706 0.599624060150376 0.015037593984962405 0.6015037593984962 0.015037593984962405 0.6071428571428571 0.016917293233082706 0.6090225563909775 0.016917293233082706 0.6127819548872181 0.018796992481203006 0.6127819548872181 0.020676691729323307 0.6146616541353384 0.018796992481203006 0.6165413533834586 0.013157894736842105 0.6165413533834586 0.013157894736842105 0.6221804511278195 0.011278195488721804 0.6240601503759399 0.011278195488721804 0.6278195488721805 0.009398496240601503 0.6296992481203008 0.009398496240601503 0.6372180451127819 0.007518796992481203 0.6390977443609023 0.007518796992481203 0.6466165413533834 0.009398496240601503 0.6484962406015038 0.009398496240601503 0.6560150375939849 0.011278195488721804 0.6560150375939849 0.013157894736842105 0.6578947368421053 0.013157894736842105 0.674812030075188 0.015037593984962405 0.6766917293233082 0.015037593984962405 0.6992481203007519 0.013157894736842105 0.7011278195488722 0.013157894736842105 0.706766917293233 0.011278195488721804 0.7086466165413534 0.011278195488721804 0.7161654135338346 0.013157894736842105 0.7180451127819549 0.013157894736842105 0.7218045112781954 0.015037593984962405 0.7218045112781954 0.016917293233082706 0.7199248120300752 0.018796992481203006 0.7199248120300752 0.020676691729323307 0.7218045112781954 0.020676691729323307 0.7387218045112782 0.018796992481203006 0.7406015037593985 0.018796992481203006 0.75 0.018796992481203006 0.7481203007518797 0.020676691729323307 0.7462406015037594 0.020676691729323307 0.7443609022556391 0.02443609022556391 0.7406015037593985 0.02819548872180451 0.7406015037593985 0.03007518796992481 0.7387218045112782 0.03007518796992481 0.7330827067669173 0.03195488721804511 0.731203007518797 0.03195488721804511 0.7255639097744361 0.03007518796992481 0.7236842105263158 0.03007518796992481 0.7180451127819549 0.022556390977443608 0.7180451127819549 0.020676691729323307 0.7161654135338346 0.020676691729323307 0.6823308270676691 0.022556390977443608 0.6804511278195489 0.022556390977443608 0.6766917293233082 0.02631578947368421 0.6729323308270677 0.02631578947368421 0.6710526315789473 0.02443609022556391 0.6691729323308271 0.02443609022556391 0.6672932330827067 0.020676691729323307 0.6635338345864662 0.020676691729323307 0.6616541353383458 0.018796992481203006 0.6597744360902256 0.018796992481203006 0.6560150375939849 0.020676691729323307 0.6541353383458647 0.020676691729323307 0.6240601503759399 0.022556390977443608 0.6221804511278195 0.022556390977443608 0.6203007518796992 0.02443609022556391 0.618421052631579 0.02443609022556391 0.6127819548872181 0.02631578947368421 0.6109022556390977 0.02819548872180451 0.6109022556390977 0.03007518796992481 0.6090225563909775 0.03195488721804511 0.6090225563909775 0.03195488721804511 0.6071428571428571 0.02819548872180451 0.6033834586466166 0.02819548872180451 0.5958646616541353 0.03007518796992481 0.5939849624060151
2 0.7593984962406015 0 0.7481203007518797 0 0.7424812030075187 0.005639097744360902 0.7424812030075187 0.007518796992481203 0.7368421052631579 0.013157894736842105 0.7349624060150376 0.013157894736842105 0.7330827067669173 0.015037593984962405 0.7274436090225563 0.015037593984962405 0.7255639097744361 0.016917293233082706 0.7218045112781954 0.016917293233082706 0.7199248120300752 0.018796992481203006 0.7161654135338346 0.018796992481203006 0.7142857142857143 0.020676691729323307 0.7124060150375939 0.020676691729323307 0.7086466165413534 0.02443609022556391 0.7086466165413534 0.02631578947368421 0.7048872180451128 0.03007518796992481 0.7048872180451128 0.03195488721804511 0.7030075187969925 0.03383458646616541 0.7030075187969925 0.03759398496240601 0.7011278195488722 0.039473684210526314 0.7011278195488722 0.04887218045112782 0.6992481203007519 0.05075187969924812 0.6992481203007519 0.05263157894736842 0.6973684210526315 0.05451127819548872 0.6973684210526315 0.05827067669172932 0.6860902255639098 0.06954887218045112 0.6860902255639098 0.07142857142857142 0.6823308270676691 0.07518796992481203 0.6823308270676691 0.07706766917293233 0.6785714285714286 0.08082706766917293 0.6766917293233082 0.08082706766917293 0.674812030075188 0.08270676691729323 0.674812030075188 0.08458646616541353 0.6842105263157895 0.08458646616541353 0.6917293233082706 0.07706766917293233 0.6917293233082706 0.07518796992481203 0.6973684210526315 0.06954887218045112 0.6973684210526315 0.06766917293233082 0.7011278195488722 0.06390977443609022 0.7011278195488722 0.06203007518796992 0.7030075187969925 0.06015037593984962 0.7030075187969925 0.05639097744360902 0.7048872180451128 0.05451127819548872 0.7048872180451128 0.05075187969924812 0.706766917293233 0.04887218045112782 0.706766917293233 0.046992481203007516 0.7086466165413534 0.045112781954887216 0.7086466165413534 0.039473684210526314 0.7105263157894737 0.03759398496240601 0.7105263157894737 0.03571428571428571 0.7124060150375939 0.03383458646616541 0.7124060150375939 0.03195488721804511 0.7218045112781954 0.022556390977443608 0.7255639097744361 0.022556390977443608 0.7274436090225563 0.020676691729323307 0.7349624060150376 0.020676691729323307 0.7368421052631579 0.018796992481203006 0.7387218045112782 0.018796992481203006 0.7406015037593985 0.016917293233082706 0.7424812030075187 0.016917293233082706 0.7462406015037594 0.013157894736842105 0.7462406015037594 0.011278195488721804 0.7575187969924813 0
2 0.6635338345864662 0.6296992481203008 0.6578947368421053 0.6296992481203008 0.6560150375939849 0.631578947368421 0.6466165413533834 0.631578947368421 0.6447368421052632 0.6334586466165414 0.6372180451127819 0.6334586466165414 0.6353383458646616 0.631578947368421 0.6334586466165414 0.631578947368421 0.631578947368421 0.6296992481203008 0.6278195488721805 0.6296992481203008 0.6278195488721805 0.631578947368421 0.6259398496240601 0.6334586466165414 0.6203007518796992 0.6334586466165414 0.618421052631579 0.631578947368421 0.6165413533834586 0.6334586466165414 0.6146616541353384 0.6334586466165414 0.6127819548872181 0.6353383458646616 0.6127819548872181 0.6372180451127819 0.6109022556390977 0.6390977443609023 0.6109022556390977 0.6447368421052632 0.6090225563909775 0.6466165413533834 0.6090225563909775 0.650375939849624 0.6015037593984962 0.6578947368421053 0.6015037593984962 0.6616541353383458 0.599624060150376 0.6635338345864662 0.599624060150376 0.6672932330827067 0.6015037593984962 0.6691729323308271 0.6015037593984962 0.6710526315789473 0.599624060150376 0.6729323308270677 0.599624060150376 0.674812030075188 0.5939849624060151 0.6804511278195489 0.5902255639097744 0.6804511278195489 0.5827067669172933 0.6729323308270677 0.5770676691729323 0.6729323308270677 0.5733082706766918 0.6691729323308271 0.5733082706766918 0.6672932330827067 0.5695488721804511 0.6672932330827067 0.5676691729323309 0.6654135338345865 0.5657894736842105 0.6672932330827067 0.5714285714285714 0.6729323308270677 0.5733082706766918 0.6729323308270677 0.575187969924812 0.674812030075188 0.5827067669172933 0.674812030075188 0.5845864661654135 0.6766917293233082 0.5845864661654135 0.6785714285714286 0.5864661654135338 0.6804511278195489 0.5864661654135338 0.6823308270676691 0.5883458646616542 0.6842105263157895 0.5902255639097744 0.6842105263157895 0.5921052631578947 0.6860902255639098 0.5921052631578947 0.6954887218045113 0.5939849624060151 0.6973684210526315 0.5939849624060151 0.6992481203007519 0.5958646616541353 0.7011278195488722 0.5958646616541353 0.7030075187969925 0.5958646616541353 0.6973684210526315 0.5939849624060151 0.6954887218045113 0.5939849624060151 0.6898496240601504 0.5977443609022557 0.6860902255639098 0.5977443609022557 0.6842105263157895 0.599624060150376 0.6823308270676691 0.599624060150376 0.6804511278195489 0.6015037593984962 0.6785714285714286 0.6015037593984962 0.6766917293233082 0.6033834586466166 0.674812030075188 0.6033834586466166 0.6635338345864662 0.6071428571428571 0.6597744360902256 0.6090225563909775 0.6597744360902256 0.6090225563909775 0.6578947368421053 0.6109022556390977 0.6560150375939849 0.6109022556390977 0.6541353383458647 0.6127819548872181 0.6522556390977443 0.6127819548872181 0.650375939849624 0.6146616541353384 0.6484962406015038 0.6146616541353384 0.6409774436090225 0.6165413533834586 0.6390977443609023 0.618421052631579 0.6409774436090225 0.6203007518796992 0.6409774436090225 0.6221804511278195 0.6390977443609023 0.6240601503759399 0.6390977443609023 0.6240601503759399 0.6372180451127819 0.6259398496240601 0.6353383458646616 0.6278195488721805 0.6353383458646616 0.6296992481203008 0.6334586466165414 0.631578947368421 0.6334586466165414 0.6334586466165414 0.6353383458646616 0.6353383458646616 0.6353383458646616 0.6372180451127819 0.6372180451127819 0.6447368421052632 0.6372180451127819 0.6484962406015038 0.6334586466165414 0.6541353383458647 0.6334586466165414 0.6560150375939849 0.631578947368421 0.6597744360902256 0.631578947368421 0.6616541353383458 0.6296992481203008
2 0.3026315789473684 0.40037593984962405 0.3026315789473684 0.40977443609022557 0.3101503759398496 0.41729323308270677 0.3101503759398496 0.4191729323308271 0.31203007518796994 0.42105263157894735 0.31203007518796994 0.42293233082706766 0.3157894736842105 0.4266917293233083 0.3176691729323308 0.4266917293233083 0.31954887218045114 0.42857142857142855 0.325187969924812 0.42857142857142855 0.32894736842105265 0.4323308270676692 0.33270676691729323 0.4323308270676692 0.33458646616541354 0.4342105263157895 0.34398496240601506 0.4342105263157895 0.3458646616541353 0.43609022556390975 0.3458646616541353 0.43796992481203006 0.34774436090225563 0.4398496240601504 0.34962406015037595 0.4398496240601504 0.3533834586466165 0.44360902255639095 0.35526315789473684 0.44360902255639095 0.35714285714285715 0.44548872180451127 0.37969924812030076 0.44548872180451127 0.3815789473684211 0.44360902255639095 0.38345864661654133 0.44360902255639095 0.3890977443609023 0.4492481203007519 0.3890977443609023 0.45112781954887216 0.39097744360902253 0.45300751879699247 0.39285714285714285 0.45300751879699247 0.39285714285714285 0.45112781954887216 0.39097744360902253 0.45112781954887216 0.3890977443609023 0.4492481203007519 0.3890977443609023 0.44548872180451127 0.38533834586466165 0.4417293233082707 0.3815789473684211 0.4417293233082707 0.37969924812030076 0.44360902255639095 0.37593984962406013 0.44360902255639095 0.37406015037593987 0.44548872180451127 0.3684210526315789 0.44548872180451127 0.36654135338345867 0.44360902255639095 0.36466165413533835 0.44360902255639095 0.36278195488721804 0.4417293233082707 0.35902255639097747 0.4417293233082707 0.35714285714285715 0.4398496240601504 0.3533834586466165 0.4398496240601504 0.34774436090225563 0.4342105263157895 0.34398496240601506 0.4342105263157895 0.34210526315789475 0.4323308270676692 0.33458646616541354 0.4323308270676692 0.33270676691729323 0.43045112781954886 0.3308270676691729 0.43045112781954886 0.32894736842105265 0.42857142857142855 0.325187969924812 0.42857142857142855 0.3233082706766917 0.4266917293233083 0.31954887218045114 0.4266917293233083 0.3176691729323308 0.424812030075188 0.3157894736842105 0.424812030075188 0.31390977443609025 0.42293233082706766 0.31390977443609025 0.42105263157894735 0.31203007518796994 0.4191729323308271 0.31203007518796994 0.41541353383458646 0.3026315789473684 0.40601503759398494 0.3026315789473684 0.4041353383458647 0.30451127819548873 0.40225563909774437 0.3082706766917293 0.40601503759398494 0.3101503759398496 0.40601503759398494 0.31203007518796994 0.40789473684210525 0.31390977443609025 0.40789473684210525 0.3157894736842105 0.40977443609022557 0.31954887218045114 0.40977443609022557 0.32142857142857145 0.4116541353383459 0.325187969924812 0.4116541353383459 0.32706766917293234 0.41353383458646614 0.33270676691729323 0.41353383458646614 0.33458646616541354 0.4116541353383459 0.34210526315789475 0.4116541353383459 0.34398496240601506 0.41353383458646614 0.34774436090225563 0.41353383458646614 0.34962406015037595 0.4116541353383459 0.3533834586466165 0.4116541353383459 0.35526315789473684 0.40977443609022557 0.3684210526315789 0.40977443609022557 0.37030075187969924 0.4116541353383459 0.37781954887218044 0.4116541353383459 0.37969924812030076 0.41353383458646614 0.3815789473684211 0.41353383458646614 0.38345864661654133 0.41541353383458646 0.38721804511278196 0.41541353383458646 0.39849624060150374 0.4266917293233083 0.40037593984962405 0.4266917293233083 0.40225563909774437 0.42857142857142855 0.4041353383458647 0.42857142857142855 0.40601503759398494 0.43045112781954886 0.39097744360902253 0.41541353383458646 0.3890977443609023 0.41541353383458646 0.38721804511278196 0.41353383458646614 0.3815789473684211 0.41353383458646614 0.37969924812030076 0.4116541353383459 0.37218045112781956 0.4116541353383459 0.37030075187969924 0.40977443609022557 0.3684210526315789 0.40977443609022557 0.36654135338345867 0.40789473684210525 0.35902255639097747 0.40789473684210525 0.35714285714285715 0.40977443609022557 0.3533834586466165 0.40977443609022557 0.35150375939849626 0.4116541353383459 0.34210526315789475 0.4116541353383459 0.34022556390977443 0.40977443609022557 0.33646616541353386 0.40977443609022557 0.33458646616541354 0.4116541353383459 0.32706766917293234 0.4116541353383459 0.325187969924812 0.40977443609022557 0.31954887218045114 0.40977443609022557 0.3176691729323308 0.40789473684210525 0.31390977443609025 0.40789473684210525 0.3082706766917293 0.40225563909774437 0.30451127819548873 0.40225563909774437
2 0.6447368421052632 0.7650375939849624 0.6466165413533834 0.7669172932330827 0.6484962406015038 0.7669172932330827 0.650375939849624 0.768796992481203 0.6541353383458647 0.768796992481203 0.6560150375939849 0.7706766917293233 0.6578947368421053 0.7706766917293233 0.6597744360902256 0.7725563909774437 0.6654135338345865 0.7725563909774437 0.6672932330827067 0.7744360902255639 0.6729323308270677 0.7744360902255639 0.674812030075188 0.7763157894736842 0.6766917293233082 0.7763157894736842 0.6785714285714286 0.7781954887218046 0.6804511278195489 0.7781954887218046 0.6823308270676691 0.7800751879699248 0.6860902255639098 0.7800751879699248 0.6879699248120301 0.7819548872180451 0.6898496240601504 0.7819548872180451 0.6992481203007519 0.7913533834586466 0.6992481203007519 0.793233082706767 0.7030075187969925 0.7969924812030075 0.7048872180451128 0.7969924812030075 0.7105263157894737 0.8026315789473685 0.7105263157894737 0.8045112781954887 0.7124060150375939 0.806390977443609 0.7124060150375939 0.8082706766917294 0.7142857142857143 0.8082706766917294 0.7218045112781954 0.8157894736842105 0.7218045112781954 0.8176691729323309 0.7236842105263158 0.8195488721804511 0.7236842105263158 0.8214285714285714 0.7255639097744361 0.8233082706766918 0.7255639097744361 0.825187969924812 0.7274436090225563 0.8270676691729323 0.7274436090225563 0.8289473684210527 0.7330827067669173 0.8345864661654135 0.7330827067669173 0.8383458646616542 0.7349624060150376 0.8402255639097744 0.7368421052631579 0.8402255639097744 0.7368421052631579 0.8383458646616542 0.7349624060150376 0.8364661654135338 0.7349624060150376 0.8327067669172933 0.7330827067669173 0.8308270676691729 0.7330827067669173 0.8289473684210527 0.7274436090225563 0.8233082706766918 0.7274436090225563 0.8214285714285714 0.7236842105263158 0.8176691729323309 0.7236842105263158 0.8157894736842105 0.7218045112781954 0.8139097744360902 0.7218045112781954 0.8120300751879699 0.7199248120300752 0.8101503759398496 0.7199248120300752 0.8082706766917294 0.7180451127819549 0.8082706766917294 0.7161654135338346 0.806390977443609 0.7161654135338346 0.8045112781954887 0.706766917293233 0.7951127819548872 0.7048872180451128 0.7951127819548872 0.7030075187969925 0.793233082706767 0.7030075187969925 0.7913533834586466 0.7011278195488722 0.7894736842105263 0.7011278195488722 0.7875939849624061 0.7030075187969925 0.7857142857142857 0.7124060150375939 0.7857142857142857 0.7142857142857143 0.7875939849624061 0.7180451127819549 0.7875939849624061 0.7199248120300752 0.7857142857142857 0.7481203007518797 0.7857142857142857 0.75 0.7875939849624061 0.7537593984962406 0.7875939849624061 0.7537593984962406 0.7857142857142857 0.75 0.7857142857142857 0.7481203007518797 0.7838345864661654 0.7199248120300752 0.7838345864661654 0.7180451127819549 0.7857142857142857 0.7142857142857143 0.7857142857142857 0.7124060150375939 0.7838345864661654 0.7011278195488722 0.7838345864661654 0.6992481203007519 0.7857142857142857 0.6973684210526315 0.7857142857142857 0.693609022556391 0.7819548872180451 0.6917293233082706 0.7819548872180451 0.6898496240601504 0.7800751879699248 0.6879699248120301 0.7800751879699248 0.6860902255639098 0.7781954887218046 0.6823308270676691 0.7781954887218046 0.6804511278195489 0.7763157894736842 0.6785714285714286 0.7763157894736842 0.6766917293233082 0.7744360902255639 0.6710526315789473 0.7744360902255639 0.6691729323308271 0.7725563909774437 0.6654135338345865 0.7725563909774437 0.6635338345864662 0.7706766917293233 0.6597744360902256 0.7706766917293233 0.6578947368421053 0.768796992481203 0.6541353383458647 0.768796992481203 0.6522556390977443 0.7669172932330827 0.650375939849624 0.7669172932330827 0.6484962406015038 0.7650375939849624
2 0.9981203007518797 0.9830827067669173 0.9981203007518797 0.981203007518797 0.9962406015037594 0.9793233082706767 0.9943609022556391 0.9793233082706767 0.9887218045112782 0.9736842105263158 0.9868421052631579 0.9736842105263158 0.9849624060150376 0.9718045112781954 0.9868421052631579 0.9699248120300752 0.9868421052631579 0.9680451127819549 0.9887218045112782 0.9661654135338346 0.9887218045112782 0.9624060150375939 0.9924812030075187 0.9586466165413534 0.9924812030075187 0.9548872180451128 0.9943609022556391 0.9530075187969925 0.9943609022556391 0.9511278195488722 0.9962406015037594 0.9492481203007519 0.9962406015037594 0.9454887218045113 0.9981203007518797 0.943609022556391 0.9981203007518797 0.9379699248120301 0.9981203007518797 0.9398496240601504 0.9943609022556391 0.943609022556391 0.9943609022556391 0.9473684210526315 0.9924812030075187 0.9492481203007519 0.9924812030075187 0.9530075187969925 0.9906015037593985 0.9548872180451128 0.9906015037593985 0.9586466165413534 0.9868421052631579 0.9624060150375939 0.9868421052631579 0.9642857142857143 0.9849624060150376 0.9661654135338346 0.9849624060150376 0.9680451127819549 0.9830827067669173 0.9699248120300752 0.9793233082706767 0.9699248120300752 0.9774436090225563 0.9680451127819549 0.9736842105263158 0.9680451127819549 0.9718045112781954 0.9661654135338346 0.9699248120300752 0.9661654135338346 0.9680451127819549 0.9642857142857143 0.9661654135338346 0.9642857142857143 0.9642857142857143 0.9624060150375939 0.9624060150375939 0.9624060150375939 0.9605263157894737 0.9605263157894737 0.9586466165413534 0.9605263157894737 0.956766917293233 0.9586466165413534 0.9548872180451128 0.9586466165413534 0.9530075187969925 0.956766917293233 0.9492481203007519 0.956766917293233 0.9473684210526315 0.9548872180451128 0.943609022556391 0.9548872180451128 0.9417293233082706 0.9530075187969925 0.9398496240601504 0.9530075187969925 0.9379699248120301 0.9511278195488722 0.9342105263157895 0.9511278195488722 0.9323308270676691 0.9492481203007519 0.9304511278195489 0.9492481203007519 0.9285714285714286 0.9473684210526315 0.9266917293233082 0.9473684210526315 0.924812030075188 0.9454887218045113 0.9210526315789473 0.9454887218045113 0.9191729323308271 0.943609022556391 0.9172932330827067 0.943609022556391 0.9154135338345865 0.9417293233082706 0.9135338345864662 0.9417293233082706 0.9135338345864662 0.943609022556391 0.9154135338345865 0.943609022556391 0.9172932330827067 0.9454887218045113 0.9210526315789473 0.9454887218045113 0.9229323308270677 0.9473684210526315 0.924812030075188 0.9473684210526315 0.9266917293233082 0.9492481203007519 0.9285714285714286 0.9492481203007519 0.9304511278195489 0.9511278195488722 0.9323308270676691 0.9511278195488722 0.9342105263157895 0.9530075187969925 0.9379699248120301 0.9530075187969925 0.9398496240601504 0.9548872180451128 0.9417293233082706 0.9548872180451128 0.943609022556391 0.956766917293233 0.9492481203007519 0.956766917293233 0.9511278195488722 0.9586466165413534 0.9530075187969925 0.9586466165413534 0.9548872180451128 0.9605263157894737 0.956766917293233 0.9605263157894737 0.9586466165413534 0.9624060150375939 0.9605263157894737 0.9624060150375939 0.9624060150375939 0.9642857142857143 0.9642857142857143 0.9642857142857143 0.9661654135338346 0.9661654135338346 0.9680451127819549 0.9661654135338346 0.9699248120300752 0.9680451127819549 0.9736842105263158 0.9680451127819549 0.9755639097744361 0.9699248120300752 0.9774436090225563 0.9699248120300752 0.9793233082706767 0.9718045112781954 0.981203007518797 0.9718045112781954 0.9830827067669173 0.9736842105263158 0.981203007518797 0.9755639097744361 0.981203007518797 0.981203007518797 0.9793233082706767 0.9830827067669173 0.9793233082706767 0.9849624060150376 0.981203007518797 0.9849624060150376 0.9830827067669173 0.9830827067669173 0.9830827067669173 0.9774436090225563 0.9849624060150376 0.9755639097744361 0.9868421052631579 0.9755639097744361 0.9906015037593985 0.9793233082706767 0.9924812030075187 0.9793233082706767 0.9962406015037594 0.9830827067669173
2 0.42105263157894735 0.8007518796992481 0.42105263157894735 0.8026315789473685 0.42293233082706766 0.8026315789473685 0.424812030075188 0.8045112781954887 0.424812030075188 0.8101503759398496 0.4266917293233083 0.8120300751879699 0.42857142857142855 0.8120300751879699 0.43045112781954886 0.8139097744360902 0.43045112781954886 0.8157894736842105 0.4323308270676692 0.8176691729323309 0.43609022556390975 0.8176691729323309 0.43796992481203006 0.8195488721804511 0.4398496240601504 0.8195488721804511 0.4417293233082707 0.8176691729323309 0.44360902255639095 0.8195488721804511 0.44548872180451127 0.8195488721804511 0.4473684210526316 0.8214285714285714 0.44548872180451127 0.8233082706766918 0.44548872180451127 0.8289473684210527 0.44360902255639095 0.8308270676691729 0.44548872180451127 0.8308270676691729 0.44548872180451127 0.8270676691729323 0.4473684210526316 0.825187969924812 0.4473684210526316 0.8233082706766918 0.45864661654135336 0.8120300751879699 0.4642857142857143 0.8120300751879699 0.46616541353383456 0.8139097744360902 0.4718045112781955 0.8139097744360902 0.47368421052631576 0.8157894736842105 0.47368421052631576 0.8139097744360902 0.4755639097744361 0.8120300751879699 0.48120300751879697 0.8120300751879699 0.4830827067669173 0.8139097744360902 0.4849624060150376 0.8139097744360902 0.4868421052631579 0.8120300751879699 0.5018796992481203 0.8120300751879699 0.5056390977443609 0.8082706766917294 0.5093984962406015 0.8082706766917294 0.5093984962406015 0.806390977443609 0.5075187969924813 0.806390977443609 0.5056390977443609 0.8082706766917294 0.5037593984962406 0.8082706766917294 0.5018796992481203 0.8101503759398496 0.4943609022556391 0.8101503759398496 0.4924812030075188 0.8120300751879699 0.4830827067669173 0.8120300751879699 0.48120300751879697 0.8101503759398496 0.4774436090225564 0.8101503759398496 0.4755639097744361 0.8120300751879699 0.47368421052631576 0.8120300751879699 0.4718045112781955 0.8139097744360902 0.4699248120300752 0.8120300751879699 0.46616541353383456 0.8120300751879699 0.4642857142857143 0.8101503759398496 0.45864661654135336 0.8101503759398496 0.45864661654135336 0.8120300751879699 0.4548872180451128 0.8157894736842105 0.45300751879699247 0.8157894736842105 0.4492481203007519 0.8195488721804511 0.4417293233082707 0.8120300751879699 0.4417293233082707 0.8101503759398496 0.4398496240601504 0.8101503759398496 0.4398496240601504 0.8157894736842105 0.43796992481203006 0.8176691729323309 0.43609022556390975 0.8157894736842105 0.4342105263157895 0.8157894736842105 0.43045112781954886 0.8120300751879699 0.43045112781954886 0.8026315789473685 0.42857142857142855 0.8026315789473685 0.4266917293233083 0.8007518796992481
2 0.8195488721804511 0.5131578947368421 0.8195488721804511 0.5150375939849624 0.8176691729323309 0.5169172932330827 0.8195488721804511 0.518796992481203 0.8176691729323309 0.5206766917293233 0.8176691729323309 0.5244360902255639 0.8139097744360902 0.5281954887218046 0.806390977443609 0.5281954887218046 0.8045112781954887 0.5300751879699248 0.8120300751879699 0.5300751879699248 0.8139097744360902 0.5281954887218046 0.8176691729323309 0.5281954887218046 0.8195488721804511 0.5300751879699248 0.8195488721804511 0.5338345864661654 0.8214285714285714 0.5338345864661654 0.8289473684210527 0.5413533834586466 0.8289473684210527 0.543233082706767 0.8308270676691729 0.543233082706767 0.8364661654135338 0.5488721804511278 0.8364661654135338 0.5526315789473685 0.8383458646616542 0.5526315789473685 0.8402255639097744 0.5545112781954887 0.8402255639097744 0.556390977443609 0.8383458646616542 0.5582706766917294 0.8383458646616542 0.5620300751879699 0.8364661654135338 0.5639097744360902 0.8364661654135338 0.5657894736842105 0.8308270676691729 0.5714285714285714 0.8289473684210527 0.5714285714285714 0.8270676691729323 0.5733082706766918 0.825187969924812 0.5733082706766918 0.825187969924812 0.5770676691729323 0.8308270676691729 0.5770676691729323 0.8327067669172933 0.5789473684210527 0.8327067669172933 0.5808270676691729 0.8345864661654135 0.5827067669172933 0.8345864661654135 0.5845864661654135 0.8327067669172933 0.5864661654135338 0.8327067669172933 0.5883458646616542 0.8308270676691729 0.5902255639097744 0.8327067669172933 0.5902255639097744 0.8383458646616542 0.5845864661654135 0.8383458646616542 0.5808270676691729 0.8364661654135338 0.5789473684210527 0.8364661654135338 0.5770676691729323 0.8327067669172933 0.5733082706766918 0.8327067669172933 0.5714285714285714 0.8345864661654135 0.5695488721804511 0.8364661654135338 0.5695488721804511 0.8383458646616542 0.5676691729323309 0.8383458646616542 0.5620300751879699 0.8421052631578947 0.5582706766917294 0.8421052631578947 0.5507518796992481 0.8383458646616542 0.5469924812030075 0.8364661654135338 0.5469924812030075 0.825187969924812 0.5357142857142857 0.8233082706766918 0.5357142857142857 0.8214285714285714 0.5338345864661654 0.8214285714285714 0.5319548872180451 0.8195488721804511 0.5300751879699248
2 0.7669172932330827 0.8740601503759399 0.7669172932330827 0.8759398496240601 0.7631578947368421 0.8796992481203008 0.7631578947368421 0.881578947368421 0.7593984962406015 0.8853383458646616 0.7593984962406015 0.8872180451127819 0.7575187969924813 0.8890977443609023 0.7575187969924813 0.8909774436090225 0.7537593984962406 0.8947368421052632 0.7537593984962406 0.8984962406015038 0.7556390977443609 0.900375939849624 0.7537593984962406 0.9022556390977443 0.7537593984962406 0.9060150375939849 0.7518796992481203 0.9078947368421053 0.7518796992481203 0.9097744360902256 0.75 0.9116541353383458 0.75 0.9135338345864662 0.7481203007518797 0.9154135338345865 0.7481203007518797 0.9172932330827067 0.7443609022556391 0.9210526315789473 0.7424812030075187 0.9210526315789473 0.7406015037593985 0.9229323308270677 0.7406015037593985 0.924812030075188 0.7387218045112782 0.9266917293233082 0.7387218045112782 0.9304511278195489 0.7368421052631579 0.9323308270676691 0.7368421052631579 0.9342105263157895 0.7349624060150376 0.9360902255639098 0.7349624060150376 0.9379699248120301 0.7349624060150376 0.9360902255639098 0.7406015037593985 0.9304511278195489 0.7406015037593985 0.924812030075188 0.7443609022556391 0.9210526315789473 0.7462406015037594 0.9210526315789473 0.7462406015037594 0.9191729323308271 0.75 0.9154135338345865 0.75 0.9116541353383458 0.7537593984962406 0.9078947368421053 0.7537593984962406 0.9060150375939849 0.7575187969924813 0.9022556390977443 0.7593984962406015 0.9041353383458647 0.7593984962406015 0.924812030075188 0.7612781954887218 0.9266917293233082 0.7612781954887218 0.9285714285714286 0.7669172932330827 0.9342105263157895 0.7669172932330827 0.9304511278195489 0.7612781954887218 0.924812030075188 0.7612781954887218 0.9078947368421053 0.7593984962406015 0.9060150375939849 0.7593984962406015 0.8984962406015038 0.7612781954887218 0.8966165413533834 0.7612781954887218 0.8872180451127819 0.7631578947368421 0.8853383458646616 0.7631578947368421 0.8834586466165414 0.7669172932330827 0.8796992481203008
2 0.7086466165413534 0.09210526315789473 0.7086466165413534 0.09586466165413533 0.7105263157894737 0.09774436090225563 0.7105263157894737 0.10338345864661654 0.7086466165413534 0.10526315789473684 0.7086466165413534 0.10902255639097744 0.7048872180451128 0.11278195488721804 0.7048872180451128 0.11466165413533834 0.7030075187969925 0.11654135338345864 0.7030075187969925 0.11842105263157894 0.693609022556391 0.12781954887218044 0.693609022556391 0.12969924812030076 0.6860902255639098 0.13721804511278196 0.6842105263157895 0.13721804511278196 0.6804511278195489 0.14097744360902256 0.6785714285714286 0.14097744360902256 0.674812030075188 0.14473684210526316 0.674812030075188 0.15037593984962405 0.6729323308270677 0.15225563909774437 0.6729323308270677 0.15601503759398497 0.6729323308270677 0.15413533834586465 0.674812030075188 0.15225563909774437 0.674812030075188 0.15037593984962405 0.6766917293233082 0.14849624060150377 0.6766917293233082 0.14473684210526316 0.6785714285714286 0.14285714285714285 0.6804511278195489 0.14285714285714285 0.6823308270676691 0.14097744360902256 0.6842105263157895 0.14097744360902256 0.6860902255639098 0.13909774436090225 0.6879699248120301 0.13909774436090225 0.6917293233082706 0.13533834586466165 0.6917293233082706 0.13345864661654136 0.6973684210526315 0.12781954887218044 0.6973684210526315 0.12593984962406016 0.7011278195488722 0.12218045112781954 0.7030075187969925 0.12218045112781954 0.7048872180451128 0.12030075187969924 0.706766917293233 0.12030075187969924 0.7086466165413534 0.11842105263157894 0.7086466165413534 0.11466165413533834 0.7105263157894737 0.11278195488721804 0.7105263157894737 0.10526315789473684 0.7124060150375939 0.10338345864661654 0.7124060150375939 0.09774436090225563 0.7105263157894737 0.09586466165413533 0.7105263157894737 0.09398496240601503
2 0.7424812030075187 0.09962406015037593 0.7424812030075187 0.10338345864661654 0.7443609022556391 0.10526315789473684 0.7443609022556391 0.11090225563909774 0.7462406015037594 0.11090225563909774 0.7518796992481203 0.11654135338345864 0.7518796992481203 0.11842105263157894 0.7575187969924813 0.12406015037593984 0.7575187969924813 0.12969924812030076 0.7593984962406015 0.13157894736842105 0.7593984962406015 0.13345864661654136 0.7631578947368421 0.13721804511278196 0.7631578947368421 0.13909774436090225 0.7669172932330827 0.14285714285714285 0.7669172932330827 0.14473684210526316 0.768796992481203 0.14473684210526316 0.7781954887218046 0.15413533834586465 0.7800751879699248 0.15413533834586465 0.7800751879699248 0.15037593984962405 0.7781954887218046 0.14849624060150377 0.7763157894736842 0.14849624060150377 0.7744360902255639 0.14661654135338345 0.7744360902255639 0.14473684210526316 0.7725563909774437 0.14285714285714285 0.7706766917293233 0.14285714285714285 0.7650375939849624 0.13721804511278196 0.7650375939849624 0.13533834586466165 0.7612781954887218 0.13157894736842105 0.7612781954887218 0.12969924812030076 0.7593984962406015 0.12781954887218044 0.7593984962406015 0.12406015037593984 0.7575187969924813 0.12218045112781954 0.7575187969924813 0.11842105263157894 0.7556390977443609 0.11842105263157894 0.7537593984962406 0.11654135338345864 0.7537593984962406 0.11466165413533834 0.7518796992481203 0.11278195488721804 0.7518796992481203 0.11090225563909774 0.7443609022556391 0.10338345864661654 0.7443609022556391 0.10150375939849623
2 0.3082706766917293 0.2236842105263158 0.3101503759398496 0.22180451127819548 0.31203007518796994 0.22180451127819548 0.31390977443609025 0.2199248120300752 0.3157894736842105 0.2199248120300752 0.3176691729323308 0.22180451127819548 0.34398496240601506 0.22180451127819548 0.3458646616541353 0.2199248120300752 0.35902255639097747 0.2199248120300752 0.3609022556390977 0.22180451127819548 0.36466165413533835 0.22180451127819548 0.36654135338345867 0.2236842105263158 0.3890977443609023 0.2236842105263158 0.39097744360902253 0.22180451127819548 0.40601503759398494 0.22180451127819548 0.39849624060150374 0.22180451127819548 0.3966165413533835 0.2199248120300752 0.39097744360902253 0.2199248120300752 0.3890977443609023 0.22180451127819548 0.38345864661654133 0.22180451127819548 0.3815789473684211 0.2236842105263158 0.37218045112781956 0.2236842105263158 0.37030075187969924 0.22180451127819548 0.36654135338345867 0.22180451127819548 0.36466165413533835 0.2199248120300752 0.33646616541353386 0.2199248120300752 0.33458646616541354 0.22180451127819548 0.3308270676691729 0.22180451127819548 0.32894736842105265 0.2199248120300752 0.31203007518796994 0.2199248120300752 0.3101503759398496 0.22180451127819548 0.3082706766917293 0.22180451127819548
2 0.5206766917293233 0.09586466165413533 0.5075187969924813 0.09586466165413533 0.5056390977443609 0.09774436090225563 0.5037593984962406 0.09774436090225563 0.5018796992481203 0.09962406015037593 0.5 0.09962406015037593 0.49624060150375937 0.10338345864661654 0.4943609022556391 0.10338345864661654 0.4924812030075188 0.10526315789473684 0.4906015037593985 0.10526315789473684 0.48872180451127817 0.10714285714285714 0.4868421052631579 0.10714285714285714 0.4830827067669173 0.11090225563909774 0.4830827067669173 0.11278195488721804 0.4849624060150376 0.11466165413533834 0.4849624060150376 0.11842105263157894 0.4868421052631579 0.11842105263157894 0.4868421052631579 0.11654135338345864 0.4906015037593985 0.11278195488721804 0.4924812030075188 0.11278195488721804 0.49624060150375937 0.10902255639097744 0.5 0.10902255639097744 0.5112781954887218 0.09774436090225563 0.5131578947368421 0.09774436090225563 0.5150375939849624 0.09586466165413533
2 0.02443609022556391 0.23684210526315788 0.022556390977443608 0.2387218045112782 0.022556390977443608 0.25 0.02443609022556391 0.2518796992481203 0.02631578947368421 0.2518796992481203 0.02819548872180451 0.25 0.03007518796992481 0.2518796992481203 0.03007518796992481 0.25375939849624063 0.02443609022556391 0.2593984962406015 0.022556390977443608 0.2593984962406015 0.022556390977443608 0.26127819548872183 0.03007518796992481 0.26127819548872183 0.03007518796992481 0.2556390977443609 0.03195488721804511 0.25375939849624063 0.03383458646616541 0.25375939849624063 0.03759398496240601 0.25 0.03759398496240601 0.2462406015037594 0.03195488721804511 0.2462406015037594 0.03007518796992481 0.24436090225563908 0.02631578947368421 0.24436090225563908 0.02443609022556391 0.2424812030075188 0.02443609022556391 0.24060150375939848 0.02631578947368421 0.2387218045112782
2 0.5357142857142857 0.543233082706767 0.5300751879699248 0.543233082706767 0.5281954887218046 0.5451127819548872 0.5244360902255639 0.5451127819548872 0.5263157894736842 0.5469924812030075 0.5263157894736842 0.5507518796992481 0.5206766917293233 0.556390977443609 0.5206766917293233 0.5582706766917294 0.518796992481203 0.5601503759398496 0.518796992481203 0.5620300751879699 0.5169172932330827 0.5639097744360902 0.5150375939849624 0.5639097744360902 0.5150375939849624 0.5657894736842105 0.5131578947368421 0.5676691729323309 0.5131578947368421 0.5695488721804511 0.5112781954887218 0.5714285714285714 0.5112781954887218 0.5733082706766918 0.5131578947368421 0.5733082706766918 0.5150375939849624 0.5714285714285714 0.5169172932330827 0.5714285714285714 0.518796992481203 0.5695488721804511 0.518796992481203 0.5676691729323309 0.5225563909774437 0.5639097744360902 0.5244360902255639 0.5639097744360902 0.5263157894736842 0.5620300751879699 0.5263157894736842 0.5526315789473685 0.5281954887218046 0.5507518796992481 0.5281954887218046 0.5488721804511278 0.5263157894736842 0.5469924812030075 0.5281954887218046 0.5451127819548872 0.5300751879699248 0.5451127819548872 0.5319548872180451 0.543233082706767
2 0.4473684210526316 0.5507518796992481 0.4492481203007519 0.5507518796992481 0.4492481203007519 0.5488721804511278 0.45112781954887216 0.5469924812030075 0.45300751879699247 0.5469924812030075 0.4548872180451128 0.5451127819548872 0.4605263157894737 0.5451127819548872 0.462406015037594 0.5469924812030075 0.4642857142857143 0.5469924812030075 0.46616541353383456 0.5451127819548872 0.4699248120300752 0.5451127819548872 0.4718045112781955 0.543233082706767 0.4755639097744361 0.543233082706767 0.48120300751879697 0.5488721804511278 0.48120300751879697 0.5507518796992481 0.4830827067669173 0.5526315789473685 0.4868421052631579 0.5526315789473685 0.48872180451127817 0.5507518796992481 0.4906015037593985 0.5507518796992481 0.4924812030075188 0.5488721804511278 0.5 0.5488721804511278 0.5 0.5469924812030075 0.4981203007518797 0.5488721804511278 0.4906015037593985 0.5488721804511278 0.48872180451127817 0.5507518796992481 0.4830827067669173 0.5507518796992481 0.4793233082706767 0.5469924812030075 0.4793233082706767 0.5451127819548872 0.4774436090225564 0.543233082706767 0.4755639097744361 0.543233082706767 0.4699248120300752 0.5375939849624061 0.4699248120300752 0.5338345864661654 0.4699248120300752 0.5394736842105263 0.4718045112781955 0.5413533834586466 0.4699248120300752 0.543233082706767 0.46616541353383456 0.543233082706767 0.4642857142857143 0.5451127819548872 0.462406015037594 0.543233082706767 0.4605263157894737 0.543233082706767 0.45864661654135336 0.5451127819548872 0.45112781954887216 0.5451127819548872 0.4473684210526316 0.5488721804511278
2 0.9548872180451128 0.36278195488721804 0.9624060150375939 0.37030075187969924 0.9680451127819549 0.37030075187969924 0.9699248120300752 0.37218045112781956 0.9718045112781954 0.37218045112781956 0.9736842105263158 0.37030075187969924 0.9793233082706767 0.37030075187969924 0.981203007518797 0.3684210526315789 0.9849624060150376 0.3684210526315789 0.9868421052631579 0.37030075187969924 0.9887218045112782 0.37030075187969924 0.9906015037593985 0.37218045112781956 0.9906015037593985 0.37406015037593987 0.9962406015037594 0.37406015037593987 0.9981203007518797 0.37218045112781956 0.9962406015037594 0.37030075187969924 0.9943609022556391 0.37030075187969924 0.9924812030075187 0.3684210526315789 0.9736842105263158 0.3684210526315789 0.9718045112781954 0.37030075187969924 0.9699248120300752 0.37030075187969924 0.9680451127819549 0.3684210526315789 0.9642857142857143 0.3684210526315789 0.956766917293233 0.3609022556390977
2 0.45112781954887216 0.20864661654135339 0.4417293233082707 0.20864661654135339 0.42857142857142855 0.22180451127819548 0.4342105263157895 0.22180451127819548 0.43609022556390975 0.2199248120300752 0.43796992481203006 0.2199248120300752 0.4398496240601504 0.21804511278195488 0.44360902255639095 0.21804511278195488 0.45112781954887216 0.21052631578947367
2 0.4548872180451128 0.5150375939849624 0.4548872180451128 0.5206766917293233 0.4567669172932331 0.5225563909774437 0.4548872180451128 0.5244360902255639 0.4548872180451128 0.5263157894736842 0.4567669172932331 0.5281954887218046 0.45864661654135336 0.5281954887218046 0.4605263157894737 0.5263157894736842 0.4605263157894737 0.5244360902255639 0.462406015037594 0.5225563909774437 0.4642857142857143 0.5244360902255639 0.4642857142857143 0.5263157894736842 0.46616541353383456 0.5281954887218046 0.46616541353383456 0.5300751879699248 0.4680451127819549 0.5300751879699248 0.4680451127819549 0.5281954887218046 0.46616541353383456 0.5263157894736842 0.46616541353383456 0.5244360902255639 0.4642857142857143 0.5225563909774437 0.4642857142857143 0.5206766917293233 0.462406015037594 0.518796992481203 0.462406015037594 0.5169172932330827 0.4642857142857143 0.5150375939849624 0.46616541353383456 0.5150375939849624 0.46616541353383456 0.5112781954887218 0.462406015037594 0.5112781954887218 0.462406015037594 0.5169172932330827 0.4605263157894737 0.518796992481203 0.45864661654135336 0.518796992481203 0.4567669172932331 0.5169172932330827 0.4567669172932331 0.5150375939849624
2 0.8966165413533834 0.5169172932330827 0.8966165413533834 0.518796992481203 0.8928571428571429 0.5225563909774437 0.8928571428571429 0.5281954887218046 0.8872180451127819 0.5338345864661654 0.8872180451127819 0.5375939849624061 0.8853383458646616 0.5394736842105263 0.8834586466165414 0.5375939849624061 0.8796992481203008 0.5375939849624061 0.8703007518796992 0.5469924812030075 0.8703007518796992 0.5488721804511278 0.8665413533834586 0.5526315789473685 0.8665413533834586 0.5545112781954887 0.8703007518796992 0.5507518796992481 0.8703007518796992 0.5488721804511278 0.8796992481203008 0.5394736842105263 0.8834586466165414 0.5394736842105263 0.8853383458646616 0.5413533834586466 0.8872180451127819 0.5413533834586466 0.8890977443609023 0.5394736842105263 0.8890977443609023 0.5357142857142857 0.8909774436090225 0.5338345864661654 0.8909774436090225 0.5319548872180451 0.8928571428571429 0.5300751879699248 0.8928571428571429 0.5281954887218046 0.8947368421052632 0.5263157894736842 0.8947368421052632 0.5225563909774437 0.8966165413533834 0.5206766917293233
2 0.8665413533834586 0.5582706766917294 0.8646616541353384 0.5582706766917294 0.8646616541353384 0.5639097744360902 0.8627819548872181 0.5657894736842105 0.8627819548872181 0.5714285714285714 0.8609022556390977 0.5733082706766918 0.8609022556390977 0.5770676691729323 0.8627819548872181 0.5789473684210527 0.8627819548872181 0.5864661654135338 0.8609022556390977 0.5883458646616542 0.8571428571428571 0.5845864661654135 0.8533834586466166 0.5883458646616542 0.8515037593984962 0.5883458646616542 0.8515037593984962 0.5902255639097744 0.8552631578947368 0.5902255639097744 0.8571428571428571 0.5883458646616542 0.8590225563909775 0.5883458646616542 0.8609022556390977 0.5902255639097744 0.8665413533834586 0.5902255639097744 0.8665413533834586 0.5864661654135338 0.8646616541353384 0.5845864661654135 0.8646616541353384 0.5808270676691729 0.8627819548872181 0.5789473684210527 0.8627819548872181 0.5695488721804511 0.8646616541353384 0.5676691729323309 0.8646616541353384 0.5620300751879699 0.8665413533834586 0.5601503759398496
2 0.956766917293233 0.38721804511278196 0.956766917293233 0.3890977443609023 0.9642857142857143 0.3966165413533835 0.9680451127819549 0.3966165413533835 0.9699248120300752 0.39849624060150374 0.9718045112781954 0.39849624060150374 0.9736842105263158 0.40037593984962405 0.9981203007518797 0.40037593984962405 0.9981203007518797 0.39849624060150374 0.9736842105263158 0.39849624060150374 0.9718045112781954 0.3966165413533835 0.9680451127819549 0.3966165413533835 0.9661654135338346 0.39473684210526316 0.9642857142857143 0.39473684210526316 0.9624060150375939 0.39285714285714285 0.9624060150375939 0.39097744360902253 0.9605263157894737 0.3890977443609023 0.9586466165413534 0.3890977443609023
2 0.5958646616541353 0.4473684210526316 0.5939849624060151 0.44548872180451127 0.5921052631578947 0.44548872180451127 0.5902255639097744 0.44360902255639095 0.5883458646616542 0.44360902255639095 0.5827067669172933 0.4492481203007519 0.5808270676691729 0.4492481203007519 0.5789473684210527 0.45112781954887216 0.5789473684210527 0.4548872180451128 0.5808270676691729 0.4548872180451128 0.5864661654135338 0.4492481203007519 0.5958646616541353 0.4492481203007519
2 0.02443609022556391 0.325187969924812 0.039473684210526314 0.325187969924812 0.041353383458646614 0.32706766917293234 0.04887218045112782 0.32706766917293234 0.05075187969924812 0.32894736842105265 0.05639097744360902 0.32894736842105265 0.05827067669172932 0.3308270676691729 0.06203007518796992 0.3308270676691729 0.06015037593984962 0.3308270676691729 0.05827067669172932 0.32894736842105265 0.05451127819548872 0.32894736842105265 0.05263157894736842 0.32706766917293234 0.045112781954887216 0.32706766917293234 0.043233082706766915 0.325187969924812 0.03007518796992481 0.325187969924812 0.02819548872180451 0.3233082706766917 0.02631578947368421 0.325187969924812
2 0.7669172932330827 0.9417293233082706 0.7669172932330827 0.9492481203007519 0.768796992481203 0.9511278195488722 0.768796992481203 0.9548872180451128 0.7725563909774437 0.9586466165413534 0.7725563909774437 0.9680451127819549 0.7725563909774437 0.9624060150375939 0.7744360902255639 0.9605263157894737 0.7744360902255639 0.9586466165413534 0.768796992481203 0.9530075187969925 0.768796992481203 0.9417293233082706