0 0.5382165605095541 0.8407643312101911 0.5366242038216561 0.8407643312101911 0.535031847133758 0.839171974522293 0.482484076433121 0.839171974522293 0.48089171974522293 0.8407643312101911 0.410828025477707 0.8407643312101911 0.40923566878980894 0.839171974522293 0.3980891719745223 0.839171974522293 0.3964968152866242 0.8407643312101911 0.25796178343949044 0.8407643312101911 0.25636942675159236 0.8423566878980892 0.23885350318471338 0.8423566878980892 0.23885350318471338 0.8439490445859873 0.2372611464968153 0.8455414012738853 0.2372611464968153 0.9363057324840764 0.24363057324840764 0.9363057324840764 0.24522292993630573 0.9378980891719745 0.2754777070063694 0.9378980891719745 0.2770700636942675 0.9363057324840764 0.3248407643312102 0.9363057324840764 0.32643312101910826 0.9347133757961783 0.5302547770700637 0.9347133757961783 0.5318471337579618 0.9331210191082803 0.5382165605095541 0.9331210191082803
0 0.8980891719745223 0.08439490445859872 0.8901273885350318 0.08439490445859872 0.8885350318471338 0.08598726114649681 0.8121019108280255 0.08598726114649681 0.8105095541401274 0.0875796178343949 0.8105095541401274 0.08917197452229299 0.8089171974522293 0.09076433121019108 0.8089171974522293 0.09394904458598727 0.8073248407643312 0.09554140127388536 0.8073248407643312 0.10668789808917198 0.8089171974522293 0.10828025477707007 0.8089171974522293 0.25 0.8105095541401274 0.2515923566878981 0.8105095541401274 0.28503184713375795 0.8089171974522293 0.28662420382165604 0.8089171974522293 0.2898089171974522 0.8105095541401274 0.2914012738853503 0.8105095541401274 0.30095541401273884 0.8089171974522293 0.30254777070063693 0.8089171974522293 0.37420382165605093 0.8105095541401274 0.37579617834394907 0.8105095541401274 0.39012738853503187 0.8853503184713376 0.39012738853503187 0.8869426751592356 0.3885350318471338 0.9028662420382165 0.3885350318471338 0.9044585987261147 0.3869426751592357 0.9044585987261147 0.3328025477707006 0.9028662420382165 0.33121019108280253 0.9028662420382165 0.30095541401273884 0.9044585987261147 0.29936305732484075 0.9044585987261147 0.2914012738853503 0.9028662420382165 0.2898089171974522 0.9028662420382165 0.24522292993630573 0.9044585987261147 0.24363057324840764 0.9044585987261147 0.20382165605095542 0.9028662420382165 0.20222929936305734 0.9028662420382165 0.12420382165605096 0.9012738853503185 0.12420382165605096 0.8980891719745223 0.12101910828025478 0.893312101910828 0.12101910828025478 0.89171974522293 0.11942675159235669 0.8869426751592356 0.11942675159235669 0.8853503184713376 0.1178343949044586 0.8853503184713376 0.11464968152866242 0.8837579617834395 0.11464968152866242 0.8805732484076433 0.11146496815286625 0.8742038216560509 0.11146496815286625 0.8726114649681529 0.10987261146496816 0.8646496815286624 0.10987261146496816 0.8598726114649682 0.11305732484076433 0.8550955414012739 0.11305732484076433 0.8503184713375797 0.11624203821656051 0.8471337579617835 0.11624203821656051 0.8455414012738853 0.11464968152866242 0.8455414012738853 0.10987261146496816 0.8487261146496815 0.10668789808917198 0.8550955414012739 0.10668789808917198 0.85828025477707 0.1035031847133758 0.8662420382165605 0.1035031847133758 0.8678343949044586 0.10191082802547771 0.8742038216560509 0.10191082802547771 0.8757961783439491 0.1035031847133758 0.8853503184713376 0.1035031847133758 0.8885350318471338 0.10828025477707007 0.8885350318471338 0.11146496815286625 0.8901273885350318 0.11146496815286625 0.89171974522293 0.11305732484076433 0.9012738853503185 0.11305732484076433 0.9028662420382165 0.11464968152866242 0.9028662420382165 0.09076433121019108 0.9012738853503185 0.09076433121019108 0.8980891719745223 0.0875796178343949
0 0.6878980891719745 0.08598726114649681 0.6878980891719745 0.0875796178343949 0.6863057324840764 0.08917197452229299 0.6863057324840764 0.09235668789808917 0.6847133757961783 0.09394904458598727 0.6847133757961783 0.13535031847133758 0.6863057324840764 0.13694267515923567 0.6863057324840764 0.24681528662420382 0.6847133757961783 0.2484076433121019 0.6847133757961783 0.2515923566878981 0.6863057324840764 0.2531847133757962 0.6863057324840764 0.36942675159235666 0.6847133757961783 0.37101910828025475 0.6847133757961783 0.37261146496815284 0.6863057324840764 0.37420382165605093 0.6863057324840764 0.3885350318471338 0.6878980891719745 0.3885350318471338 0.6894904458598726 0.39012738853503187 0.7754777070063694 0.39012738853503187 0.7770700636942676 0.3885350318471338 0.7786624203821656 0.3885350318471338 0.7786624203821656 0.34235668789808915 0.7770700636942676 0.34076433121019106 0.7770700636942676 0.29777070063694266 0.7786624203821656 0.2961783439490446 0.7786624203821656 0.2659235668789809 0.7770700636942676 0.2643312101910828 0.7770700636942676 0.2372611464968153 0.7786624203821656 0.2356687898089172 0.7786624203821656 0.17038216560509553 0.7770700636942676 0.16878980891719744 0.7770700636942676 0.160828025477707 0.7786624203821656 0.1592356687898089 0.7786624203821656 0.0875796178343949 0.7770700636942676 0.08598726114649681
0 0.24044585987261147 0.23885350318471338 0.24044585987261147 0.27070063694267515 0.23885350318471338 0.27229299363057324 0.23885350318471338 0.2818471337579618 0.24044585987261147 0.28343949044585987 0.24044585987261147 0.2945859872611465 0.23885350318471338 0.2961783439490446 0.23885350318471338 0.31369426751592355 0.24044585987261147 0.31528662420382164 0.24044585987261147 0.32961783439490444 0.24203821656050956 0.33121019108280253 0.2818471337579618 0.33121019108280253 0.28343949044585987 0.3328025477707006 0.3057324840764331 0.3328025477707006 0.3073248407643312 0.33121019108280253 0.3089171974522293 0.33121019108280253 0.3105095541401274 0.3328025477707006 0.40923566878980894 0.3328025477707006 0.410828025477707 0.3343949044585987 0.4124203821656051 0.3328025477707006 0.47611464968152867 0.3328025477707006 0.47770700636942676 0.3343949044585987 0.5047770700636943 0.3343949044585987 0.5063694267515924 0.3328025477707006 0.5334394904458599 0.3328025477707006 0.535031847133758 0.3343949044585987 0.5398089171974523 0.3343949044585987 0.5414012738853503 0.3328025477707006 0.5414012738853503 0.2611464968152866 0.5429936305732485 0.25955414012738853 0.5429936305732485 0.24522292993630573 0.5414012738853503 0.24363057324840764 0.5414012738853503 0.24203821656050956 0.49044585987261147 0.24203821656050956 0.4888535031847134 0.24044585987261147 0.482484076433121 0.24044585987261147 0.48089171974522293 0.24203821656050956 0.4745222929936306 0.24203821656050956 0.4729299363057325 0.24044585987261147 0.3662420382165605 0.24044585987261147 0.3646496815286624 0.23885350318471338 0.3614649681528662 0.23885350318471338 0.35987261146496813 0.24044585987261147 0.32961783439490444 0.24044585987261147 0.32802547770700635 0.23885350318471338 0.3184713375796178 0.23885350318471338 0.31687898089171973 0.24044585987261147 0.27229299363057324 0.24044585987261147 0.27070063694267515 0.23885350318471338
0 0.6926751592356688 0.41878980891719747 0.6910828025477707 0.42038216560509556 0.6910828025477707 0.5191082802547771 0.6894904458598726 0.5207006369426752 0.6894904458598726 0.5222929936305732 0.6910828025477707 0.5238853503184714 0.6910828025477707 0.7181528662420382 0.6926751592356688 0.7197452229299363 0.7547770700636943 0.7197452229299363 0.7563694267515924 0.7213375796178344 0.7579617834394905 0.7213375796178344 0.7595541401273885 0.7197452229299363 0.7659235668789809 0.7197452229299363 0.767515923566879 0.7213375796178344 0.7818471337579618 0.7213375796178344 0.7834394904458599 0.7197452229299363 0.7834394904458599 0.41878980891719747
0 0.571656050955414 0.24522292993630573 0.5700636942675159 0.24681528662420382 0.5700636942675159 0.2484076433121019 0.5684713375796179 0.25 0.5684713375796179 0.26910828025477707 0.5700636942675159 0.27070063694267515 0.5700636942675159 0.2754777070063694 0.5684713375796179 0.2770700636942675 0.5684713375796179 0.3869426751592357 0.5668789808917197 0.3885350318471338 0.5668789808917197 0.44745222929936307 0.5684713375796179 0.44904458598726116 0.5684713375796179 0.4729299363057325 0.5668789808917197 0.4745222929936306 0.5668789808917197 0.5461783439490446 0.5684713375796179 0.5477707006369427 0.6512738853503185 0.5477707006369427 0.6528662420382165 0.5493630573248408 0.6544585987261147 0.5477707006369427 0.6576433121019108 0.5477707006369427 0.6576433121019108 0.40764331210191085 0.6592356687898089 0.40605095541401276 0.6592356687898089 0.24681528662420382 0.6035031847133758 0.24681528662420382 0.6019108280254777 0.24522292993630573
0 0.2372611464968153 0.7197452229299363 0.2372611464968153 0.7388535031847133 0.2356687898089172 0.7404458598726115 0.2356687898089172 0.7914012738853503 0.2340764331210191 0.7929936305732485 0.2340764331210191 0.804140127388535 0.2356687898089172 0.8057324840764332 0.2356687898089172 0.8105095541401274 0.28503184713375795 0.8105095541401274 0.28662420382165604 0.8121019108280255 0.44745222929936307 0.8121019108280255 0.44904458598726116 0.8136942675159236 0.4745222929936306 0.8136942675159236 0.47611464968152867 0.8121019108280255 0.49044585987261147 0.8121019108280255 0.49203821656050956 0.8105095541401274 0.49363057324840764 0.8121019108280255 0.5031847133757962 0.8121019108280255 0.5047770700636943 0.8105095541401274 0.5111464968152867 0.8105095541401274 0.5127388535031847 0.8089171974522293 0.5270700636942676 0.8089171974522293 0.5286624203821656 0.8073248407643312 0.535031847133758 0.8073248407643312 0.535031847133758 0.8057324840764332 0.5366242038216561 0.804140127388535 0.5366242038216561 0.7961783439490446 0.535031847133758 0.7945859872611465 0.535031847133758 0.7770700636942676 0.5334394904458599 0.7754777070063694 0.5334394904458599 0.7563694267515924 0.5318471337579618 0.7547770700636943 0.5318471337579618 0.7404458598726115 0.5302547770700637 0.7388535031847133 0.5302547770700637 0.732484076433121 0.5286624203821656 0.7308917197452229 0.5286624203821656 0.7292993630573248 0.5270700636942676 0.7292993630573248 0.5238853503184714 0.7261146496815286 0.5222929936305732 0.7261146496815286 0.5207006369426752 0.7245222929936306 0.5191082802547771 0.7245222929936306 0.517515923566879 0.7229299363057324 0.5127388535031847 0.7229299363057324 0.5111464968152867 0.7213375796178344 0.4681528662420382 0.7213375796178344 0.46656050955414013 0.7197452229299363 0.46337579617834396 0.7197452229299363 0.46178343949044587 0.7213375796178344 0.4570063694267516 0.7213375796178344 0.4554140127388535 0.7197452229299363 0.4028662420382166 0.7197452229299363 0.4012738853503185 0.7181528662420382 0.3869426751592357 0.7181528662420382 0.3853503184713376 0.7197452229299363 0.35509554140127386 0.7197452229299363 0.3535031847133758 0.7181528662420382 0.23885350318471338 0.7181528662420382
0 0.23885350318471338 0.3614649681528662 0.23885350318471338 0.45063694267515925 0.24044585987261147 0.45063694267515925 0.24203821656050956 0.45222929936305734 0.31687898089171973 0.45222929936305734 0.3184713375796178 0.45063694267515925 0.3869426751592357 0.45063694267515925 0.3885350318471338 0.45222929936305734 0.39490445859872614 0.45222929936305734 0.3964968152866242 0.45063694267515925 0.43471337579617836 0.45063694267515925 0.43630573248407645 0.45222929936305734 0.4410828025477707 0.45222929936305734 0.4426751592356688 0.45063694267515925 0.5398089171974523 0.45063694267515925 0.5414012738853503 0.44904458598726116 0.5414012738853503 0.3996815286624204 0.5398089171974523 0.3980891719745223 0.5398089171974523 0.37738853503184716 0.5414012738853503 0.37579617834394907 0.5414012738853503 0.35987261146496813 0.44904458598726116 0.35987261146496813 0.44745222929936307 0.3614649681528662 0.39331210191082805 0.3614649681528662 0.39171974522292996 0.35987261146496813 0.3662420382165605 0.35987261146496813 0.3646496815286624 0.3614649681528662
0 0.24203821656050956 0.12898089171974522 0.24203821656050956 0.1321656050955414 0.24363057324840764 0.1337579617834395 0.24363057324840764 0.15127388535031847 0.24522292993630573 0.15286624203821655 0.24522292993630573 0.16401273885350318 0.24681528662420382 0.16560509554140126 0.24681528662420382 0.1751592356687898 0.2484076433121019 0.1767515923566879 0.2484076433121019 0.19904458598726116 0.25 0.20063694267515925 0.25 0.20382165605095542 0.25477707006369427 0.2085987261146497 0.25477707006369427 0.21019108280254778 0.25636942675159236 0.21019108280254778 0.25796178343949044 0.21178343949044587 0.25955414012738853 0.21178343949044587 0.2611464968152866 0.21337579617834396 0.267515923566879 0.21337579617834396 0.26910828025477707 0.21496815286624205 0.2898089171974522 0.21496815286624205 0.2914012738853503 0.21656050955414013 0.31369426751592355 0.21656050955414013 0.31528662420382164 0.21496815286624205 0.32961783439490444 0.21496815286624205 0.33121019108280253 0.21656050955414013 0.3614649681528662 0.21656050955414013 0.3630573248407643 0.21496815286624205 0.37420382165605093 0.21496815286624205 0.37579617834394907 0.21656050955414013 0.42197452229299365 0.21656050955414013 0.42356687898089174 0.21496815286624205 0.4299363057324841 0.21496815286624205 0.4315286624203822 0.21656050955414013 0.4888535031847134 0.21656050955414013 0.49044585987261147 0.21496815286624205 0.5398089171974523 0.21496815286624205 0.5398089171974523 0.19904458598726116 0.5414012738853503 0.19745222929936307 0.5414012738853503 0.16719745222929935 0.5398089171974523 0.16560509554140126 0.5398089171974523 0.1592356687898089 0.5414012738853503 0.15764331210191082 0.5414012738853503 0.12420382165605096 0.5398089171974523 0.12261146496815287 0.5031847133757962 0.12261146496815287 0.5015923566878981 0.12101910828025478 0.48089171974522293 0.12101910828025478 0.47929936305732485 0.12261146496815287 0.34076433121019106 0.12261146496815287 0.339171974522293 0.12101910828025478 0.3184713375796178 0.12101910828025478 0.31687898089171973 0.12261146496815287 0.2914012738853503 0.12261146496815287 0.2898089171974522 0.12420382165605096 0.2770700636942675 0.12420382165605096 0.2754777070063694 0.12579617834394904 0.2643312101910828 0.12579617834394904 0.2627388535031847 0.12738853503184713 0.2515923566878981 0.12738853503184713 0.25 0.12898089171974522
0 0.5398089171974523 0.01751592356687898 0.5382165605095541 0.01592356687898089 0.5382165605095541 0.012738853503184714 0.535031847133758 0.009554140127388535 0.5302547770700637 0.009554140127388535 0.5286624203821656 0.007961783439490446 0.5254777070063694 0.007961783439490446 0.5238853503184714 0.006369426751592357 0.517515923566879 0.006369426751592357 0.5159235668789809 0.004777070063694267 0.5063694267515924 0.004777070063694267 0.5047770700636943 0.0031847133757961785 0.49363057324840764 0.0031847133757961785 0.49203821656050956 0.0015923566878980893 0.48089171974522293 0.0015923566878980893 0.47929936305732485 0 0.3996815286624204 0 0.3980891719745223 0.0015923566878980893 0.39331210191082805 0.0015923566878980893 0.39171974522292996 0.0031847133757961785 0.3869426751592357 0.0031847133757961785 0.3853503184713376 0.004777070063694267 0.3821656050955414 0.004777070063694267 0.38057324840764334 0.006369426751592357 0.37579617834394907 0.006369426751592357 0.37420382165605093 0.007961783439490446 0.3646496815286624 0.007961783439490446 0.3630573248407643 0.006369426751592357 0.34076433121019106 0.006369426751592357 0.339171974522293 0.007961783439490446 0.3359872611464968 0.007961783439490446 0.3343949044585987 0.009554140127388535 0.3200636942675159 0.009554140127388535 0.3184713375796178 0.011146496815286623 0.3105095541401274 0.011146496815286623 0.3089171974522293 0.012738853503184714 0.304140127388535 0.012738853503184714 0.30254777070063693 0.014331210191082803 0.29936305732484075 0.014331210191082803 0.29777070063694266 0.01592356687898089 0.2802547770700637 0.01592356687898089 0.2786624203821656 0.014331210191082803 0.27070063694267515 0.014331210191082803 0.26910828025477707 0.012738853503184714 0.2643312101910828 0.012738853503184714 0.2627388535031847 0.011146496815286623 0.25796178343949044 0.011146496815286623 0.25636942675159236 0.009554140127388535 0.25 0.009554140127388535 0.2484076433121019 0.011146496815286623 0.2484076433121019 0.012738853503184714 0.24681528662420382 0.014331210191082803 0.24681528662420382 0.01910828025477707 0.24522292993630573 0.020700636942675158 0.24522292993630573 0.02388535031847134 0.24363057324840764 0.025477707006369428 0.24363057324840764 0.030254777070063694 0.24203821656050956 0.03184713375796178 0.24203821656050956 0.03662420382165605 0.24044585987261147 0.03821656050955414 0.24044585987261147 0.09235668789808917 0.24363057324840764 0.09554140127388536 0.46656050955414013 0.09554140127388536 0.4681528662420382 0.09394904458598727 0.4713375796178344 0.09394904458598727 0.4729299363057325 0.09554140127388536 0.47611464968152867 0.09554140127388536 0.47770700636942676 0.09394904458598727 0.5238853503184714 0.09394904458598727 0.5254777070063694 0.09235668789808917 0.5334394904458599 0.09235668789808917 0.5366242038216561 0.08917197452229299 0.5366242038216561 0.08598726114649681 0.5382165605095541 0.08439490445859872 0.5382165605095541 0.07484076433121019 0.5398089171974523 0.0732484076433121 0.5398089171974523 0.03980891719745223 0.5414012738853503 0.03821656050955414 0.5414012738853503 0.030254777070063694 0.5398089171974523 0.028662420382165606
0 0.8168789808917197 0.42356687898089174 0.8152866242038217 0.4251592356687898 0.8121019108280255 0.4251592356687898 0.8105095541401274 0.4267515923566879 0.8105095541401274 0.4299363057324841 0.8089171974522293 0.4315286624203822 0.8089171974522293 0.45063694267515925 0.8073248407643312 0.45222929936305734 0.8073248407643312 0.49363057324840764 0.8057324840764332 0.49522292993630573 0.8057324840764332 0.5095541401273885 0.8073248407643312 0.5111464968152867 0.8073248407643312 0.5700636942675159 0.8089171974522293 0.571656050955414 0.8089171974522293 0.6019108280254777 0.8073248407643312 0.6035031847133758 0.8073248407643312 0.6210191082802548 0.8089171974522293 0.6226114649681529 0.8089171974522293 0.6273885350318471 0.8105095541401274 0.6289808917197452 0.8105095541401274 0.6353503184713376 0.8121019108280255 0.6369426751592356 0.8121019108280255 0.6512738853503185 0.8136942675159236 0.6528662420382165 0.8136942675159236 0.6592356687898089 0.8152866242038217 0.660828025477707 0.8152866242038217 0.6671974522292994 0.8168789808917197 0.6687898089171974 0.8168789808917197 0.6847133757961783 0.8152866242038217 0.6863057324840764 0.8152866242038217 0.697452229299363 0.8136942675159236 0.6990445859872612 0.8136942675159236 0.7117834394904459 0.8184713375796179 0.714968152866242 0.8248407643312102 0.714968152866242 0.8264331210191083 0.7165605095541401 0.8328025477707006 0.7165605095541401 0.8343949044585988 0.7181528662420382 0.839171974522293 0.7181528662420382 0.8407643312101911 0.7197452229299363 0.8423566878980892 0.7197452229299363 0.8423566878980892 0.7181528662420382 0.8407643312101911 0.7165605095541401 0.8407643312101911 0.7101910828025477 0.8280254777070064 0.7101910828025477 0.8248407643312102 0.7070063694267515 0.8248407643312102 0.6878980891719745 0.8232484076433121 0.6863057324840764 0.8232484076433121 0.6831210191082803 0.8248407643312102 0.6815286624203821 0.8296178343949044 0.6815286624203821 0.8359872611464968 0.6878980891719745 0.8359872611464968 0.6910828025477707 0.8328025477707006 0.6942675159235668 0.8328025477707006 0.7022292993630573 0.8375796178343949 0.7022292993630573 0.8423566878980892 0.7054140127388535 0.8455414012738853 0.7054140127388535 0.8487261146496815 0.7085987261146497 0.8487261146496815 0.7101910828025477 0.8503184713375797 0.7101910828025477 0.8519108280254777 0.7085987261146497 0.8519108280254777 0.7070063694267515 0.856687898089172 0.7038216560509554 0.8614649681528662 0.7038216560509554 0.8630573248407644 0.7022292993630573 0.8678343949044586 0.7022292993630573 0.8694267515923567 0.7038216560509554 0.8710191082802548 0.7038216560509554 0.8726114649681529 0.7054140127388535 0.8726114649681529 0.7070063694267515 0.8742038216560509 0.7070063694267515 0.8773885350318471 0.7101910828025477 0.8789808917197452 0.7101910828025477 0.8805732484076433 0.7117834394904459 0.8805732484076433 0.714968152866242 0.8789808917197452 0.7165605095541401 0.8726114649681529 0.7165605095541401 0.8710191082802548 0.714968152866242 0.8694267515923567 0.714968152866242 0.8678343949044586 0.7133757961783439 0.8678343949044586 0.7117834394904459 0.8598726114649682 0.7117834394904459 0.85828025477707 0.7133757961783439 0.856687898089172 0.7133757961783439 0.856687898089172 0.714968152866242 0.8550955414012739 0.7165605095541401 0.8535031847133758 0.7165605095541401 0.8519108280254777 0.7181528662420382 0.8503184713375797 0.7181528662420382 0.8503184713375797 0.7213375796178344 0.85828025477707 0.7213375796178344 0.8598726114649682 0.7229299363057324 0.8646496815286624 0.7229299363057324 0.8662420382165605 0.7213375796178344 0.9012738853503185 0.7213375796178344 0.9028662420382165 0.7197452229299363 0.9028662420382165 0.6767515923566879 0.9012738853503185 0.6751592356687898 0.9012738853503185 0.49363057324840764 0.8996815286624203 0.49203821656050956 0.8996815286624203 0.47929936305732485 0.8980891719745223 0.47770700636942676 0.8980891719745223 0.46496815286624205 0.8964968152866242 0.46337579617834396 0.8964968152866242 0.45063694267515925 0.8949044585987261 0.44904458598726116 0.8949044585987261 0.4394904458598726 0.893312101910828 0.43789808917197454 0.893312101910828 0.43312101910828027 0.89171974522293 0.4315286624203822 0.89171974522293 0.428343949044586 0.8901273885350318 0.4267515923566879 0.8885350318471338 0.4267515923566879 0.8869426751592356 0.4251592356687898 0.8821656050955414 0.4251592356687898 0.8805732484076433 0.42356687898089174 0.8694267515923567 0.42356687898089174 0.8678343949044586 0.42197452229299365 0.8471337579617835 0.42197452229299365 0.8455414012738853 0.42356687898089174 0.8407643312101911 0.42356687898089174 0.839171974522293 0.42197452229299365 0.8280254777070064 0.42197452229299365 0.8264331210191083 0.42356687898089174
0 0.6560509554140127 0.5748407643312102 0.6544585987261147 0.5748407643312102 0.6528662420382165 0.5764331210191083 0.6512738853503185 0.5764331210191083 0.6496815286624203 0.5748407643312102 0.6257961783439491 0.5748407643312102 0.6242038216560509 0.5764331210191083 0.6226114649681529 0.5764331210191083 0.6210191082802548 0.5748407643312102 0.6178343949044586 0.5748407643312102 0.6162420382165605 0.5764331210191083 0.5684713375796179 0.5764331210191083 0.5684713375796179 0.5843949044585988 0.5668789808917197 0.5859872611464968 0.5668789808917197 0.60828025477707 0.5684713375796179 0.6098726114649682 0.5684713375796179 0.6226114649681529 0.5668789808917197 0.6242038216560509 0.5668789808917197 0.6656050955414012 0.5684713375796179 0.6671974522292994 0.5684713375796179 0.695859872611465 0.5668789808917197 0.697452229299363 0.5668789808917197 0.8343949044585988 0.5684713375796179 0.8359872611464968 0.5684713375796179 0.8678343949044586 0.5700636942675159 0.8694267515923567 0.5700636942675159 0.8726114649681529 0.571656050955414 0.8742038216560509 0.5732484076433121 0.8742038216560509 0.5748407643312102 0.8726114649681529 0.589171974522293 0.8726114649681529 0.5907643312101911 0.8710191082802548 0.6035031847133758 0.8710191082802548 0.6050955414012739 0.8694267515923567 0.6162420382165605 0.8694267515923567 0.6178343949044586 0.8678343949044586 0.6385350318471338 0.8678343949044586 0.6401273885350318 0.8662420382165605 0.643312101910828 0.8662420382165605 0.6449044585987261 0.8646496815286624 0.6464968152866242 0.8646496815286624 0.6480891719745223 0.8630573248407644 0.6480891719745223 0.8614649681528662 0.6512738853503185 0.85828025477707 0.6512738853503185 0.8535031847133758 0.6528662420382165 0.8519108280254777 0.6528662420382165 0.8487261146496815 0.6544585987261147 0.8471337579617835 0.6544585987261147 0.8375796178343949 0.6560509554140127 0.8359872611464968 0.6560509554140127 0.8312101910828026 0.6544585987261147 0.8296178343949044 0.6544585987261147 0.8057324840764332 0.6560509554140127 0.804140127388535 0.6560509554140127 0.785031847133758 0.6576433121019108 0.7834394904458599 0.6576433121019108 0.6926751592356688 0.6592356687898089 0.6910828025477707 0.6592356687898089 0.6894904458598726 0.6576433121019108 0.6878980891719745 0.6576433121019108 0.5764331210191083
0 0.24203821656050956 0.4984076433121019 0.24203821656050956 0.5063694267515924 0.24044585987261147 0.5079617834394905 0.24044585987261147 0.5302547770700637 0.23885350318471338 0.5318471337579618 0.23885350318471338 0.5700636942675159 0.2627388535031847 0.5700636942675159 0.2643312101910828 0.571656050955414 0.27229299363057324 0.571656050955414 0.27388535031847133 0.5700636942675159 0.30254777070063693 0.5700636942675159 0.304140127388535 0.571656050955414 0.32961783439490444 0.571656050955414 0.33121019108280253 0.5700636942675159 0.339171974522293 0.5700636942675159 0.34076433121019106 0.571656050955414 0.34394904458598724 0.571656050955414 0.34554140127388533 0.5700636942675159 0.4251592356687898 0.5700636942675159 0.4267515923566879 0.5684713375796179 0.4410828025477707 0.5684713375796179 0.4426751592356688 0.5700636942675159 0.4601910828025478 0.5700636942675159 0.46178343949044587 0.571656050955414 0.47611464968152867 0.571656050955414 0.47770700636942676 0.5732484076433121 0.5015923566878981 0.5732484076433121 0.5031847133757962 0.571656050955414 0.5207006369426752 0.571656050955414 0.5222929936305732 0.5700636942675159 0.535031847133758 0.5700636942675159 0.5366242038216561 0.571656050955414 0.5382165605095541 0.571656050955414 0.5398089171974523 0.5700636942675159 0.5398089171974523 0.5270700636942676 0.5382165605095541 0.5254777070063694 0.5382165605095541 0.5031847133757962 0.5366242038216561 0.5015923566878981 0.5366242038216561 0.49203821656050956 0.535031847133758 0.49044585987261147 0.535031847133758 0.4872611464968153 0.5318471337579618 0.4872611464968153 0.5302547770700637 0.4856687898089172 0.5222929936305732 0.4856687898089172 0.5207006369426752 0.4840764331210191 0.5127388535031847 0.4840764331210191 0.5111464968152867 0.482484076433121 0.3487261146496815 0.482484076433121 0.3471337579617834 0.4840764331210191 0.3328025477707006 0.4840764331210191 0.33121019108280253 0.482484076433121 0.2770700636942675 0.482484076433121 0.2754777070063694 0.4840764331210191 0.2627388535031847 0.4840764331210191 0.2611464968152866 0.4856687898089172 0.25477707006369427 0.4856687898089172 0.2531847133757962 0.4872611464968153 0.25 0.4872611464968153 0.24522292993630573 0.49203821656050956 0.24522292993630573 0.49363057324840764 0.24363057324840764 0.49522292993630573 0.24363057324840764 0.4968152866242038
0 0.5382165605095541 0.6019108280254777 0.5366242038216561 0.6003184713375797 0.5191082802547771 0.6003184713375797 0.517515923566879 0.6019108280254777 0.29936305732484075 0.6019108280254777 0.29777070063694266 0.6035031847133758 0.2611464968152866 0.6035031847133758 0.25955414012738853 0.6050955414012739 0.24363057324840764 0.6050955414012739 0.24203821656050956 0.606687898089172 0.24044585987261147 0.606687898089172 0.24044585987261147 0.6178343949044586 0.24203821656050956 0.6194267515923567 0.24203821656050956 0.6353503184713376 0.24363057324840764 0.6369426751592356 0.24363057324840764 0.6464968152866242 0.24522292993630573 0.6480891719745223 0.24522292993630573 0.6703821656050956 0.24681528662420382 0.6719745222929936 0.24681528662420382 0.6767515923566879 0.2484076433121019 0.678343949044586 0.2484076433121019 0.6799363057324841 0.25477707006369427 0.6863057324840764 0.25796178343949044 0.6863057324840764 0.25955414012738853 0.6878980891719745 0.2659235668789809 0.6878980891719745 0.267515923566879 0.6894904458598726 0.2802547770700637 0.6894904458598726 0.2818471337579618 0.6910828025477707 0.29777070063694266 0.6910828025477707 0.29936305732484075 0.6894904458598726 0.30095541401273884 0.6894904458598726 0.30254777070063693 0.6910828025477707 0.3184713375796178 0.6910828025477707 0.3200636942675159 0.6926751592356688 0.3375796178343949 0.6926751592356688 0.339171974522293 0.6942675159235668 0.34076433121019106 0.6942675159235668 0.34235668789808915 0.6926751592356688 0.4601910828025478 0.6926751592356688 0.4601910828025478 0.6799363057324841 0.4570063694267516 0.6767515923566879 0.4570063694267516 0.6735668789808917 0.4554140127388535 0.6719745222929936 0.4554140127388535 0.6640127388535032 0.4570063694267516 0.6624203821656051 0.4570063694267516 0.6592356687898089 0.44745222929936307 0.6496815286624203 0.4442675159235669 0.6496815286624203 0.4426751592356688 0.6480891719745223 0.4426751592356688 0.64171974522293 0.4410828025477707 0.6401273885350318 0.4410828025477707 0.6353503184713376 0.43789808917197454 0.6321656050955414 0.43789808917197454 0.6273885350318471 0.4394904458598726 0.6257961783439491 0.4426751592356688 0.6257961783439491 0.445859872611465 0.6289808917197452 0.445859872611465 0.6305732484076433 0.44904458598726116 0.6337579617834395 0.44904458598726116 0.6385350318471338 0.45063694267515925 0.6401273885350318 0.45063694267515925 0.64171974522293 0.45222929936305734 0.64171974522293 0.4554140127388535 0.6449044585987261 0.4554140127388535 0.6464968152866242 0.46337579617834396 0.6544585987261147 0.46337579617834396 0.6560509554140127 0.46496815286624205 0.6576433121019108 0.46496815286624205 0.6624203821656051 0.46337579617834396 0.6640127388535032 0.46337579617834396 0.6719745222929936 0.46656050955414013 0.6751592356687898 0.46656050955414013 0.6767515923566879 0.4681528662420382 0.678343949044586 0.4681528662420382 0.6847133757961783 0.4697452229299363 0.6863057324840764 0.4729299363057325 0.6815286624203821 0.4729299363057325 0.678343949044586 0.4713375796178344 0.6767515923566879 0.4713375796178344 0.6735668789808917 0.4729299363057325 0.6719745222929936 0.4729299363057325 0.6671974522292994 0.4745222929936306 0.6656050955414012 0.4729299363057325 0.6640127388535032 0.4729299363057325 0.6592356687898089 0.4713375796178344 0.6576433121019108 0.4713375796178344 0.6544585987261147 0.4729299363057325 0.6528662420382165 0.4745222929936306 0.6480891719745223 0.47770700636942676 0.6449044585987261 0.47770700636942676 0.643312101910828 0.47929936305732485 0.64171974522293 0.4888535031847134 0.6385350318471338 0.49363057324840764 0.6337579617834395 0.49363057324840764 0.6305732484076433 0.5 0.6210191082802548 0.5047770700636943 0.6210191082802548 0.5095541401273885 0.6257961783439491 0.5095541401273885 0.6305732484076433 0.5143312101910829 0.6305732484076433 0.5159235668789809 0.6321656050955414 0.5159235668789809 0.6353503184713376 0.517515923566879 0.6353503184713376 0.5191082802547771 0.6369426751592356 0.5191082802547771 0.64171974522293 0.517515923566879 0.643312101910828 0.5143312101910829 0.643312101910828 0.5127388535031847 0.64171974522293 0.5127388535031847 0.6401273885350318 0.5095541401273885 0.6401273885350318 0.5079617834394905 0.64171974522293 0.5031847133757962 0.64171974522293 0.5015923566878981 0.6401273885350318 0.5015923566878981 0.6353503184713376 0.5015923566878981 0.64171974522293 0.5 0.643312101910828 0.4968152866242038 0.643312101910828 0.4888535031847134 0.6480891719745223 0.4856687898089172 0.6480891719745223 0.47929936305732485 0.6544585987261147 0.47929936305732485 0.6576433121019108 0.4840764331210191 0.6624203821656051 0.4840764331210191 0.6671974522292994 0.482484076433121 0.6687898089171974 0.482484076433121 0.6719745222929936 0.47929936305732485 0.6751592356687898 0.47929936305732485 0.6767515923566879 0.48089171974522293 0.678343949044586 0.48089171974522293 0.6831210191082803 0.47929936305732485 0.6847133757961783 0.47929936305732485 0.6878980891719745 0.482484076433121 0.6910828025477707 0.482484076433121 0.6926751592356688 0.5382165605095541 0.6926751592356688 0.5382165605095541 0.6894904458598726 0.5398089171974523 0.6878980891719745 0.5398089171974523 0.6831210191082803 0.5382165605095541 0.6815286624203821
0 0.8105095541401274 0.7515923566878981 0.8105095541401274 0.7547770700636943 0.8089171974522293 0.7563694267515924 0.8089171974522293 0.7627388535031847 0.8073248407643312 0.7643312101910829 0.8073248407643312 0.7754777070063694 0.8057324840764332 0.7770700636942676 0.8057324840764332 0.7914012738853503 0.8073248407643312 0.7929936305732485 0.8057324840764332 0.7945859872611465 0.8057324840764332 0.8535031847133758 0.804140127388535 0.8550955414012739 0.804140127388535 0.8630573248407644 0.8057324840764332 0.8646496815286624 0.8057324840764332 0.8980891719745223 0.8073248407643312 0.8996815286624203 0.8073248407643312 0.9299363057324841 0.8057324840764332 0.9315286624203821 0.8057324840764332 0.947452229299363 0.8073248407643312 0.9490445859872612 0.8073248407643312 0.9538216560509554 0.8089171974522293 0.9554140127388535 0.8089171974522293 0.9665605095541401 0.8105095541401274 0.9681528662420382 0.8105095541401274 0.9777070063694268 0.8121019108280255 0.9792993630573248 0.8121019108280255 0.9872611464968153 0.8136942675159236 0.9888535031847133 0.8136942675159236 0.9984076433121019 0.8519108280254777 0.9984076433121019 0.8519108280254777 0.9968152866242038 0.8455414012738853 0.9904458598726115 0.8455414012738853 0.9888535031847133 0.8407643312101911 0.9840764331210191 0.8407643312101911 0.9792993630573248 0.8423566878980892 0.9777070063694268 0.8455414012738853 0.9777070063694268 0.8550955414012739 0.9872611464968153 0.8550955414012739 0.9888535031847133 0.8614649681528662 0.9952229299363057 0.8614649681528662 0.9968152866242038 0.8630573248407644 0.9984076433121019 0.8996815286624203 0.9984076433121019 0.8996815286624203 0.9872611464968153 0.8980891719745223 0.9856687898089171 0.8980891719745223 0.9761146496815286 0.8996815286624203 0.9745222929936306 0.8996815286624203 0.8121019108280255 0.8980891719745223 0.8105095541401274 0.8980891719745223 0.7993630573248408 0.8964968152866242 0.7977707006369427 0.8964968152866242 0.7834394904458599 0.8949044585987261 0.7818471337579618 0.8949044585987261 0.7659235668789809 0.893312101910828 0.7643312101910829 0.893312101910828 0.7579617834394905 0.89171974522293 0.7563694267515924 0.89171974522293 0.7547770700636943 0.8901273885350318 0.7531847133757962 0.8869426751592356 0.7531847133757962 0.8853503184713376 0.7515923566878981 0.8805732484076433 0.7515923566878981 0.8789808917197452 0.75 0.839171974522293 0.75 0.8375796178343949 0.7484076433121019 0.821656050955414 0.7484076433121019 0.8200636942675159 0.75 0.8152866242038217 0.75 0.8136942675159236 0.7515923566878981
0 0.6910828025477707 0.7484076433121019 0.6910828025477707 0.7786624203821656 0.6894904458598726 0.7802547770700637 0.6894904458598726 0.8407643312101911 0.6910828025477707 0.8423566878980892 0.6910828025477707 0.8598726114649682 0.6894904458598726 0.8614649681528662 0.6894904458598726 0.9235668789808917 0.6910828025477707 0.9251592356687898 0.6910828025477707 0.9267515923566879 0.6894904458598726 0.928343949044586 0.6894904458598726 0.9713375796178344 0.6894904458598726 0.9697452229299363 0.6910828025477707 0.9681528662420382 0.6926751592356688 0.9681528662420382 0.6942675159235668 0.9665605095541401 0.695859872611465 0.9665605095541401 0.7006369426751592 0.9617834394904459 0.7038216560509554 0.9617834394904459 0.7070063694267515 0.9585987261146497 0.714968152866242 0.9585987261146497 0.7197452229299363 0.9554140127388535 0.7245222929936306 0.9554140127388535 0.7308917197452229 0.945859872611465 0.7340764331210191 0.945859872611465 0.7356687898089171 0.9442675159235668 0.7404458598726115 0.9442675159235668 0.7404458598726115 0.9426751592356688 0.7420382165605095 0.9410828025477707 0.7452229299363057 0.9410828025477707 0.7484076433121019 0.9378980891719745 0.7515923566878981 0.9378980891719745 0.7531847133757962 0.9394904458598726 0.7531847133757962 0.945859872611465 0.7515923566878981 0.947452229299363 0.7484076433121019 0.947452229299363 0.7468152866242038 0.9490445859872612 0.7452229299363057 0.9490445859872612 0.7452229299363057 0.9506369426751592 0.7420382165605095 0.9538216560509554 0.7356687898089171 0.9538216560509554 0.7292993630573248 0.9601910828025477 0.7277070063694268 0.9601910828025477 0.7229299363057324 0.9633757961783439 0.7372611464968153 0.9633757961783439 0.7420382165605095 0.9681528662420382 0.7468152866242038 0.9681528662420382 0.7484076433121019 0.9697452229299363 0.7611464968152867 0.9697452229299363 0.7627388535031847 0.9713375796178344 0.7627388535031847 0.9729299363057324 0.7738853503184714 0.9729299363057324 0.7754777070063694 0.9745222929936306 0.7754777070063694 0.9777070063694268 0.7738853503184714 0.9792993630573248 0.7707006369426752 0.9792993630573248 0.7691082802547771 0.9808917197452229 0.7611464968152867 0.9808917197452229 0.7595541401273885 0.9792993630573248 0.7595541401273885 0.9777070063694268 0.7531847133757962 0.9777070063694268 0.7515923566878981 0.9761146496815286 0.7388535031847133 0.9761146496815286 0.7340764331210191 0.9713375796178344 0.7213375796178344 0.9713375796178344 0.7197452229299363 0.9697452229299363 0.7133757961783439 0.9697452229299363 0.7117834394904459 0.9713375796178344 0.7022292993630573 0.9713375796178344 0.697452229299363 0.9761146496815286 0.6910828025477707 0.9761146496815286 0.6910828025477707 0.9984076433121019 0.7802547770700637 0.9984076433121019 0.7802547770700637 0.9904458598726115 0.7818471337579618 0.9888535031847133 0.7818471337579618 0.9745222929936306 0.7834394904458599 0.9729299363057324 0.7834394904458599 0.964968152866242 0.7818471337579618 0.9633757961783439 0.7818471337579618 0.9060509554140127 0.7802547770700637 0.9044585987261147 0.7802547770700637 0.8949044585987261 0.7786624203821656 0.893312101910828 0.7786624203821656 0.8805732484076433 0.7770700636942676 0.8789808917197452 0.7770700636942676 0.8598726114649682 0.7786624203821656 0.85828025477707 0.7786624203821656 0.8471337579617835 0.7770700636942676 0.8455414012738853 0.7770700636942676 0.8407643312101911 0.7754777070063694 0.839171974522293 0.7754777070063694 0.8280254777070064 0.7738853503184714 0.8264331210191083 0.7738853503184714 0.8184713375796179 0.7722929936305732 0.8168789808917197 0.7722929936305732 0.8105095541401274 0.7707006369426752 0.8089171974522293 0.7707006369426752 0.8009554140127388 0.7691082802547771 0.7993630573248408 0.7691082802547771 0.7914012738853503 0.7707006369426752 0.7898089171974523 0.7707006369426752 0.7786624203821656 0.7722929936305732 0.7770700636942676 0.7722929936305732 0.7627388535031847 0.7738853503184714 0.7611464968152867 0.7738853503184714 0.7563694267515924 0.7722929936305732 0.7563694267515924 0.767515923566879 0.7531847133757962 0.7643312101910829 0.7531847133757962 0.7627388535031847 0.7515923566878981 0.7547770700636943 0.7515923566878981 0.7531847133757962 0.75 0.7436305732484076 0.75 0.7420382165605095 0.7484076433121019
0 0.5700636942675159 0 0.5700636942675159 0.08121019108280254 0.571656050955414 0.08280254777070063 0.571656050955414 0.10509554140127389 0.5700636942675159 0.10668789808917198 0.5700636942675159 0.12101910828025478 0.571656050955414 0.12261146496815287 0.571656050955414 0.12579617834394904 0.5732484076433121 0.12738853503184713 0.5732484076433121 0.13694267515923567 0.5748407643312102 0.13853503184713375 0.5748407643312102 0.1464968152866242 0.5764331210191083 0.1480891719745223 0.5764331210191083 0.15445859872611464 0.5780254777070064 0.15605095541401273 0.5780254777070064 0.1624203821656051 0.5796178343949044 0.16401273885350318 0.5796178343949044 0.17993630573248406 0.5780254777070064 0.18152866242038215 0.5780254777070064 0.18789808917197454 0.5764331210191083 0.18949044585987262 0.5764331210191083 0.21019108280254778 0.5780254777070064 0.21178343949044587 0.5796178343949044 0.21178343949044587 0.5812101910828026 0.21337579617834396 0.5859872611464968 0.21337579617834396 0.5875796178343949 0.21496815286624205 0.5939490445859873 0.21496815286624205 0.5955414012738853 0.21656050955414013 0.6035031847133758 0.21656050955414013 0.6050955414012739 0.21815286624203822 0.6592356687898089 0.21815286624203822 0.660828025477707 0.21656050955414013 0.660828025477707 0.042993630573248405 0.6592356687898089 0.041401273885350316 0.6592356687898089 0.03343949044585987 0.660828025477707 0.03184713375796178 0.660828025477707 0.009554140127388535 0.6592356687898089 0.007961783439490446 0.6592356687898089 0 0.6210191082802548 0 0.6194267515923567 0.0015923566878980893 0.6178343949044586 0.0015923566878980893 0.6162420382165605 0.0031847133757961785 0.6146496815286624 0.0031847133757961785 0.6114649681528662 0.006369426751592357 0.6050955414012739 0.006369426751592357 0.6035031847133758 0.007961783439490446 0.6019108280254777 0.007961783439490446 0.6003184713375797 0.009554140127388535 0.5955414012738853 0.009554140127388535 0.5939490445859873 0.007961783439490446 0.5939490445859873 0.004777070063694267 0.5971337579617835 0.0015923566878980893 0.5987261146496815 0.0015923566878980893 0.6003184713375797 0
0 0.06369426751592357 0 0.06369426751592357 0.06687898089171974 0.06210191082802548 0.06847133757961783 0.06210191082802548 0.08280254777070063 0.06369426751592357 0.08439490445859872 0.06369426751592357 0.08917197452229299 0.06847133757961783 0.09394904458598727 0.0732484076433121 0.09394904458598727 0.07484076433121019 0.09554140127388536 0.21656050955414013 0.09554140127388536 0.21656050955414013 0.07961783439490445 0.21815286624203822 0.07802547770700637 0.21815286624203822 0.06687898089171974 0.21656050955414013 0.06528662420382166 0.21656050955414013 0.052547770700636945 0.21815286624203822 0.050955414012738856 0.21815286624203822 0.007961783439490446 0.21656050955414013 0.006369426751592357 0.21656050955414013 0.004777070063694267 0.21337579617834396 0.0015923566878980893 0.21337579617834396 0
0 0.06050955414012739 0.24203821656050956 0.06050955414012739 0.28662420382165604 0.0589171974522293 0.28821656050955413 0.0589171974522293 0.3105095541401274 0.06050955414012739 0.31210191082802546 0.06050955414012739 0.33121019108280253 0.06369426751592357 0.33121019108280253 0.06528662420382166 0.3328025477707006 0.21337579617834396 0.3328025477707006 0.21496815286624205 0.33121019108280253 0.21496815286624205 0.24522292993630573 0.21178343949044587 0.24203821656050956 0.1751592356687898 0.24203821656050956 0.1735668789808917 0.24044585987261147 0.06210191082802548 0.24044585987261147
0 0.06847133757961783 0.7229299363057324 0.06847133757961783 0.7261146496815286 0.06687898089171974 0.7277070063694268 0.06687898089171974 0.7340764331210191 0.06528662420382166 0.7356687898089171 0.06528662420382166 0.7436305732484076 0.06369426751592357 0.7452229299363057 0.06369426751592357 0.7595541401273885 0.06210191082802548 0.7611464968152867 0.06210191082802548 0.7786624203821656 0.06050955414012739 0.7802547770700637 0.06050955414012739 0.8121019108280255 0.06210191082802548 0.8121019108280255 0.06369426751592357 0.8136942675159236 0.08917197452229299 0.8136942675159236 0.09076433121019108 0.8121019108280255 0.09713375796178345 0.8121019108280255 0.09872611464968153 0.8136942675159236 0.11942675159235669 0.8136942675159236 0.12101910828025478 0.8121019108280255 0.13535031847133758 0.8121019108280255 0.13694267515923567 0.8136942675159236 0.21019108280254778 0.8136942675159236 0.21337579617834396 0.8105095541401274 0.21337579617834396 0.7914012738853503 0.21496815286624205 0.7898089171974523 0.21496815286624205 0.75 0.21337579617834396 0.7484076433121019 0.21337579617834396 0.7468152866242038 0.21496815286624205 0.7452229299363057 0.21496815286624205 0.7213375796178344 0.21019108280254778 0.7213375796178344 0.2085987261146497 0.7197452229299363 0.1942675159235669 0.7197452229299363 0.1926751592356688 0.7213375796178344 0.18312101910828024 0.7213375796178344 0.18152866242038215 0.7197452229299363 0.08598726114649681 0.7197452229299363 0.08439490445859872 0.7213375796178344 0.07006369426751592 0.7213375796178344
0 0.06050955414012739 0.4840764331210191 0.06050955414012739 0.5732484076433121 0.21337579617834396 0.5732484076433121 0.21496815286624205 0.571656050955414 0.21496815286624205 0.4840764331210191 0.09235668789808917 0.4840764331210191 0.09076433121019108 0.482484076433121 0.08917197452229299 0.482484076433121 0.0875796178343949 0.4840764331210191
0 0.06050955414012739 0.6003184713375797 0.06050955414012739 0.6035031847133758 0.0589171974522293 0.6050955414012739 0.0589171974522293 0.6194267515923567 0.06050955414012739 0.6210191082802548 0.06050955414012739 0.6289808917197452 0.06210191082802548 0.6305732484076433 0.06210191082802548 0.6385350318471338 0.06369426751592357 0.6401273885350318 0.06369426751592357 0.6735668789808917 0.06528662420382166 0.6751592356687898 0.06528662420382166 0.6815286624203821 0.06687898089171974 0.6831210191082803 0.06687898089171974 0.6847133757961783 0.06847133757961783 0.6863057324840764 0.0732484076433121 0.6863057324840764 0.07484076433121019 0.6878980891719745 0.08280254777070063 0.6878980891719745 0.08439490445859872 0.6894904458598726 0.09394904458598727 0.6894904458598726 0.09554140127388536 0.6878980891719745 0.09872611464968153 0.6878980891719745 0.10031847133757962 0.6894904458598726 0.14968152866242038 0.6894904458598726 0.15127388535031847 0.6910828025477707 0.16560509554140126 0.6910828025477707 0.16719745222929935 0.6894904458598726 0.21019108280254778 0.6894904458598726 0.21178343949044587 0.6878980891719745 0.21337579617834396 0.6878980891719745 0.21337579617834396 0.64171974522293 0.21496815286624205 0.6401273885350318 0.21496815286624205 0.606687898089172 0.21337579617834396 0.6050955414012739 0.21337579617834396 0.6035031847133758 0.21178343949044587 0.6019108280254777 0.2070063694267516 0.6019108280254777 0.2054140127388535 0.6003184713375797 0.16560509554140126 0.6003184713375797 0.16401273885350318 0.5987261146496815 0.06687898089171974 0.5987261146496815 0.06528662420382166 0.6003184713375797
0 0.06050955414012739 0.839171974522293 0.06050955414012739 0.8439490445859873 0.0589171974522293 0.8455414012738853 0.0589171974522293 0.8487261146496815 0.06050955414012739 0.8503184713375797 0.06050955414012739 0.8996815286624203 0.0589171974522293 0.9012738853503185 0.0589171974522293 0.9299363057324841 0.06050955414012739 0.9315286624203821 0.07484076433121019 0.9315286624203821 0.07643312101910828 0.9299363057324841 0.10828025477707007 0.9299363057324841 0.10987261146496816 0.9315286624203821 0.10987261146496816 0.928343949044586 0.11305732484076433 0.9251592356687898 0.11464968152866242 0.9251592356687898 0.1178343949044586 0.9219745222929936 0.11942675159235669 0.9219745222929936 0.12101910828025478 0.9203821656050956 0.12101910828025478 0.9171974522292994 0.11942675159235669 0.9156050955414012 0.11942675159235669 0.9140127388535032 0.1178343949044586 0.9124203821656051 0.1178343949044586 0.910828025477707 0.11624203821656051 0.9092356687898089 0.11624203821656051 0.9076433121019108 0.11464968152866242 0.9060509554140127 0.11464968152866242 0.9044585987261147 0.11305732484076433 0.9028662420382165 0.11305732484076433 0.8996815286624203 0.10987261146496816 0.8964968152866242 0.10987261146496816 0.8949044585987261 0.10828025477707007 0.8949044585987261 0.10668789808917198 0.893312101910828 0.10668789808917198 0.89171974522293 0.1035031847133758 0.8885350318471338 0.1035031847133758 0.8821656050955414 0.09713375796178345 0.8757961783439491 0.09713375796178345 0.8726114649681529 0.09554140127388536 0.8710191082802548 0.09554140127388536 0.8678343949044586 0.09235668789808917 0.8646496815286624 0.09235668789808917 0.85828025477707 0.09554140127388536 0.8550955414012739 0.09872611464968153 0.8550955414012739 0.10031847133757962 0.856687898089172 0.10031847133757962 0.85828025477707 0.10191082802547771 0.8598726114649682 0.10191082802547771 0.8614649681528662 0.1035031847133758 0.8630573248407644 0.1035031847133758 0.8662420382165605 0.10509554140127389 0.8678343949044586 0.10509554140127389 0.8694267515923567 0.10668789808917198 0.8710191082802548 0.10668789808917198 0.8726114649681529 0.11146496815286625 0.8773885350318471 0.11146496815286625 0.8837579617834395 0.11942675159235669 0.89171974522293 0.11942675159235669 0.893312101910828 0.12101910828025478 0.8949044585987261 0.12101910828025478 0.8964968152866242 0.12261146496815287 0.8980891719745223 0.12261146496815287 0.9028662420382165 0.12420382165605096 0.9044585987261147 0.12420382165605096 0.9060509554140127 0.12579617834394904 0.9076433121019108 0.12579617834394904 0.9092356687898089 0.12738853503184713 0.910828025477707 0.12738853503184713 0.9124203821656051 0.12898089171974522 0.9140127388535032 0.12898089171974522 0.9156050955414012 0.1305732484076433 0.9156050955414012 0.1321656050955414 0.9140127388535032 0.13535031847133758 0.9140127388535032 0.13694267515923567 0.9124203821656051 0.13853503184713375 0.9124203821656051 0.14012738853503184 0.910828025477707 0.14171974522292993 0.910828025477707 0.14331210191082802 0.9092356687898089 0.1449044585987261 0.9092356687898089 0.1464968152866242 0.9076433121019108 0.1480891719745223 0.9076433121019108 0.14968152866242038 0.9060509554140127 0.15127388535031847 0.9060509554140127 0.15286624203821655 0.9044585987261147 0.15605095541401273 0.9044585987261147 0.15764331210191082 0.9028662420382165 0.160828025477707 0.9028662420382165 0.1624203821656051 0.9012738853503185 0.16560509554140126 0.9012738853503185 0.16719745222929935 0.8996815286624203 0.16878980891719744 0.8996815286624203 0.17038216560509553 0.8980891719745223 0.17197452229299362 0.8980891719745223 0.1735668789808917 0.8964968152866242 0.1751592356687898 0.8964968152866242 0.1767515923566879 0.8949044585987261 0.17993630573248406 0.8949044585987261 0.18152866242038215 0.893312101910828 0.18312101910828024 0.893312101910828 0.18471337579617833 0.89171974522293 0.18789808917197454 0.89171974522293 0.18949044585987262 0.893312101910828 0.18949044585987262 0.8980891719745223 0.18630573248407642 0.9012738853503185 0.18471337579617833 0.9012738853503185 0.18312101910828024 0.9028662420382165 0.17993630573248406 0.9028662420382165 0.17834394904458598 0.9044585987261147 0.1767515923566879 0.9044585987261147 0.1751592356687898 0.9060509554140127 0.1735668789808917 0.9060509554140127 0.17197452229299362 0.9076433121019108 0.16878980891719744 0.9076433121019108 0.16719745222929935 0.9092356687898089 0.16560509554140126 0.9092356687898089 0.16401273885350318 0.910828025477707 0.160828025477707 0.910828025477707 0.1592356687898089 0.9124203821656051 0.15605095541401273 0.9124203821656051 0.15445859872611464 0.9140127388535032 0.15286624203821655 0.9140127388535032 0.15127388535031847 0.9156050955414012 0.14968152866242038 0.9156050955414012 0.1480891719745223 0.9171974522292994 0.1464968152866242 0.9171974522292994 0.1449044585987261 0.9187898089171974 0.14331210191082802 0.9187898089171974 0.14171974522292993 0.9203821656050956 0.13853503184713375 0.9203821656050956 0.13694267515923567 0.9219745222929936 0.1337579617834395 0.9219745222929936 0.1321656050955414 0.9235668789808917 0.1321656050955414 0.9267515923566879 0.1337579617834395 0.928343949044586 0.1337579617834395 0.9315286624203821 0.13535031847133758 0.9299363057324841 0.15127388535031847 0.9299363057324841 0.15286624203821655 0.9315286624203821 0.21019108280254778 0.9315286624203821 0.21019108280254778 0.9299363057324841 0.21337579617834396 0.9267515923566879 0.21337579617834396 0.9251592356687898 0.21496815286624205 0.9235668789808917 0.21496815286624205 0.9171974522292994 0.21337579617834396 0.9156050955414012 0.21337579617834396 0.8980891719745223 0.21496815286624205 0.8964968152866242 0.21496815286624205 0.8821656050955414 0.21337579617834396 0.8805732484076433 0.21337579617834396 0.8742038216560509 0.21496815286624205 0.8726114649681529 0.21496815286624205 0.8678343949044586 0.21337579617834396 0.8662420382165605 0.21337579617834396 0.8375796178343949 0.1942675159235669 0.8375796178343949 0.1926751592356688 0.8359872611464968 0.06528662420382166 0.8359872611464968 0.06210191082802548 0.839171974522293
0 0.03662420382165605 0.4156050955414013 0.027070063694267517 0.4156050955414013 0.025477707006369428 0.4171974522292994 0.01751592356687898 0.4171974522292994 0.01592356687898089 0.41878980891719747 0.0031847133757961785 0.41878980891719747 0.0015923566878980893 0.42038216560509556 0 0.42038216560509556 0 0.714968152866242 0.03184713375796178 0.714968152866242 0.03343949044585987 0.7133757961783439 0.03821656050955414 0.7133757961783439 0.03980891719745223 0.7117834394904459 0.041401273885350316 0.7117834394904459 0.041401273885350316 0.695859872611465 0.042993630573248405 0.6942675159235668 0.042993630573248405 0.5143312101910829 0.041401273885350316 0.5127388535031847 0.041401273885350316 0.5095541401273885 0.042993630573248405 0.5079617834394905 0.042993630573248405 0.49363057324840764 0.041401273885350316 0.49203821656050956 0.041401273885350316 0.4697452229299363 0.042993630573248405 0.4681528662420382 0.042993630573248405 0.45222929936305734 0.041401273885350316 0.45063694267515925 0.041401273885350316 0.4171974522292994 0.03821656050955414 0.4171974522292994
0 0.07484076433121019 0.3678343949044586 0.07484076433121019 0.36942675159235666 0.0732484076433121 0.37101910828025475 0.0732484076433121 0.37261146496815284 0.07165605095541401 0.37420382165605093 0.07165605095541401 0.3980891719745223 0.07006369426751592 0.3996815286624204 0.07006369426751592 0.4299363057324841 0.07165605095541401 0.4315286624203822 0.07165605095541401 0.4394904458598726 0.0732484076433121 0.4410828025477707 0.0732484076433121 0.4426751592356688 0.07643312101910828 0.445859872611465 0.07802547770700637 0.445859872611465 0.07961783439490445 0.44745222929936307 0.08280254777070063 0.44745222929936307 0.08439490445859872 0.44904458598726116 0.20222929936305734 0.44904458598726116 0.20382165605095542 0.44745222929936307 0.21019108280254778 0.44745222929936307 0.21019108280254778 0.445859872611465 0.21178343949044587 0.4442675159235669 0.21178343949044587 0.4426751592356688 0.21337579617834396 0.4410828025477707 0.21337579617834396 0.43312101910828027 0.21496815286624205 0.4315286624203822 0.21496815286624205 0.40923566878980894 0.21656050955414013 0.40764331210191085 0.21656050955414013 0.39171974522292996 0.21815286624203822 0.39012738853503187 0.21815286624203822 0.3646496815286624 0.21656050955414013 0.3630573248407643 0.21496815286624205 0.3630573248407643 0.21337579617834396 0.3614649681528662 0.1178343949044586 0.3614649681528662 0.11624203821656051 0.3630573248407643 0.10031847133757962 0.3630573248407643 0.09872611464968153 0.3646496815286624 0.09076433121019108 0.3646496815286624 0.08917197452229299 0.3662420382165605 0.08121019108280254 0.3662420382165605 0.07961783439490445 0.3678343949044586
0 0.07006369426751592 0.1305732484076433 0.07006369426751592 0.14012738853503184 0.06847133757961783 0.14171974522292993 0.06847133757961783 0.19904458598726116 0.07643312101910828 0.2070063694267516 0.07802547770700637 0.2070063694267516 0.07961783439490445 0.2085987261146497 0.09872611464968153 0.2085987261146497 0.10031847133757962 0.21019108280254778 0.11305732484076433 0.21019108280254778 0.11464968152866242 0.2085987261146497 0.20222929936305734 0.2085987261146497 0.20382165605095542 0.2070063694267516 0.2070063694267516 0.2070063694267516 0.2085987261146497 0.2054140127388535 0.2085987261146497 0.20222929936305734 0.21019108280254778 0.20063694267515925 0.21019108280254778 0.1942675159235669 0.21178343949044587 0.1926751592356688 0.21178343949044587 0.1751592356687898 0.21337579617834396 0.1735668789808917 0.21337579617834396 0.1480891719745223 0.21496815286624205 0.1464968152866242 0.21496815286624205 0.1305732484076433 0.21337579617834396 0.12898089171974522 0.21337579617834396 0.12261146496815287 0.2085987261146497 0.1178343949044586 0.15605095541401273 0.1178343949044586 0.15445859872611464 0.11942675159235669 0.14331210191082802 0.11942675159235669 0.14171974522292993 0.1178343949044586 0.12579617834394904 0.1178343949044586 0.12420382165605096 0.11942675159235669 0.10191082802547771 0.11942675159235669 0.10031847133757962 0.12101910828025478 0.09713375796178345 0.12101910828025478 0.09713375796178345 0.12261146496815287 0.09394904458598727 0.12579617834394904 0.09235668789808917 0.12579617834394904 0.09076433121019108 0.12738853503184713 0.08917197452229299 0.12738853503184713 0.08598726114649681 0.1305732484076433 0.08439490445859872 0.1305732484076433 0.08121019108280254 0.1337579617834395 0.08121019108280254 0.13853503184713375 0.07961783439490445 0.14012738853503184 0.0875796178343949 0.1480891719745223 0.0875796178343949 0.14968152866242038 0.10509554140127389 0.16719745222929935 0.10509554140127389 0.16878980891719744 0.10668789808917198 0.17038216560509553 0.10668789808917198 0.17197452229299362 0.10828025477707007 0.1735668789808917 0.10828025477707007 0.17834394904458598 0.10987261146496816 0.17993630573248406 0.12101910828025478 0.17993630573248406 0.12261146496815287 0.17834394904458598 0.12420382165605096 0.17834394904458598 0.12579617834394904 0.1767515923566879 0.12898089171974522 0.1767515923566879 0.1305732484076433 0.1751592356687898 0.1321656050955414 0.1751592356687898 0.13535031847133758 0.17197452229299362 0.14012738853503184 0.17197452229299362 0.14331210191082802 0.16878980891719744 0.1464968152866242 0.16878980891719744 0.14968152866242038 0.16560509554140126 0.15286624203821655 0.16560509554140126 0.15445859872611464 0.16401273885350318 0.15605095541401273 0.16401273885350318 0.15764331210191082 0.1624203821656051 0.1592356687898089 0.1624203821656051 0.160828025477707 0.160828025477707 0.16401273885350318 0.160828025477707 0.16719745222929935 0.16401273885350318 0.16719745222929935 0.16719745222929935 0.16560509554140126 0.16878980891719744 0.16401273885350318 0.16878980891719744 0.1624203821656051 0.17038216560509553 0.160828025477707 0.17038216560509553 0.1624203821656051 0.17038216560509553 0.16401273885350318 0.17197452229299362 0.16401273885350318 0.1751592356687898 0.15764331210191082 0.18152866242038215 0.15605095541401273 0.18152866242038215 0.15445859872611464 0.18312101910828024 0.14968152866242038 0.18312101910828024 0.1480891719745223 0.18152866242038215 0.1464968152866242 0.18312101910828024 0.13694267515923567 0.18312101910828024 0.13535031847133758 0.18471337579617833 0.12898089171974522 0.18471337579617833 0.12738853503184713 0.18630573248407642 0.12420382165605096 0.18630573248407642 0.12738853503184713 0.18949044585987262 0.12738853503184713 0.19585987261146498 0.12420382165605096 0.19904458598726116 0.11942675159235669 0.19904458598726116 0.1178343949044586 0.19745222929936307 0.1178343949044586 0.1942675159235669 0.11464968152866242 0.1910828025477707 0.11464968152866242 0.18789808917197454 0.10828025477707007 0.18789808917197454 0.10509554140127389 0.1910828025477707 0.1035031847133758 0.1910828025477707 0.10191082802547771 0.1926751592356688 0.10031847133757962 0.1926751592356688 0.09872611464968153 0.1942675159235669 0.09394904458598727 0.1942675159235669 0.09235668789808917 0.1926751592356688 0.09235668789808917 0.18949044585987262 0.09713375796178345 0.18471337579617833 0.10191082802547771 0.18471337579617833 0.10191082802547771 0.18312101910828024 0.10031847133757962 0.18152866242038215 0.10031847133757962 0.1767515923566879 0.09872611464968153 0.1751592356687898 0.09872611464968153 0.1735668789808917 0.09713375796178345 0.17197452229299362 0.09713375796178345 0.17038216560509553 0.09394904458598727 0.16719745222929935 0.09235668789808917 0.16719745222929935 0.08280254777070063 0.15764331210191082 0.08280254777070063 0.15605095541401273 0.0732484076433121 0.1464968152866242 0.0732484076433121 0.1449044585987261 0.07165605095541401 0.14331210191082802 0.07165605095541401 0.13853503184713375 0.0732484076433121 0.13694267515923567 0.07484076433121019 0.13694267515923567 0.0732484076433121 0.13535031847133758 0.0732484076433121 0.12898089171974522 0.07643312101910828 0.12579617834394904 0.07484076433121019 0.12738853503184713 0.0732484076433121 0.12738853503184713
0 0.24044585987261147 0.9633757961783439 0.24044585987261147 0.9745222929936306 0.24203821656050956 0.9761146496815286 0.24203821656050956 0.9936305732484076 0.24363057324840764 0.9952229299363057 0.24363057324840764 0.9984076433121019 0.25636942675159236 0.9984076433121019 0.2627388535031847 0.9920382165605095 0.2659235668789809 0.9920382165605095 0.267515923566879 0.9904458598726115 0.2770700636942675 0.9904458598726115 0.2802547770700637 0.9936305732484076 0.2802547770700637 0.9952229299363057 0.28343949044585987 0.9952229299363057 0.28503184713375795 0.9968152866242038 0.28503184713375795 0.9904458598726115 0.28662420382165604 0.9888535031847133 0.28662420382165604 0.9840764331210191 0.28821656050955413 0.982484076433121 0.2945859872611465 0.982484076433121 0.2961783439490446 0.9840764331210191 0.29936305732484075 0.9808917197452229 0.31210191082802546 0.9808917197452229 0.31369426751592355 0.9792993630573248 0.31369426751592355 0.9761146496815286 0.31528662420382164 0.9745222929936306 0.31687898089171973 0.9745222929936306 0.31687898089171973 0.9713375796178344 0.321656050955414 0.9665605095541401 0.3248407643312102 0.9665605095541401 0.32643312101910826 0.9681528662420382 0.32643312101910826 0.9713375796178344 0.3248407643312102 0.9729299363057324 0.3248407643312102 0.9745222929936306 0.321656050955414 0.9777070063694268 0.321656050955414 0.9808917197452229 0.3200636942675159 0.982484076433121 0.3200636942675159 0.9840764331210191 0.31528662420382164 0.9888535031847133 0.3089171974522293 0.9888535031847133 0.3073248407643312 0.9872611464968153 0.3057324840764331 0.9888535031847133 0.30254777070063693 0.9888535031847133 0.30095541401273884 0.9904458598726115 0.29936305732484075 0.9904458598726115 0.29777070063694266 0.9920382165605095 0.2945859872611465 0.9920382165605095 0.2929936305732484 0.9936305732484076 0.2929936305732484 0.9968152866242038 0.2914012738853503 0.9984076433121019 0.5382165605095541 0.9984076433121019 0.5382165605095541 0.9601910828025477 0.32961783439490444 0.9601910828025477 0.32802547770700635 0.9585987261146497 0.3089171974522293 0.9585987261146497 0.3073248407643312 0.9601910828025477 0.304140127388535 0.9601910828025477 0.30254777070063693 0.9585987261146497 0.28503184713375795 0.9585987261146497 0.28343949044585987 0.9601910828025477 0.2627388535031847 0.9601910828025477 0.2611464968152866 0.9617834394904459 0.24363057324840764 0.9617834394904459 0.24203821656050956 0.9633757961783439
0 0.028662420382165606 0.08121019108280254 0.027070063694267517 0.08121019108280254 0.025477707006369428 0.08280254777070063 0 0.08280254777070063 0 0.09394904458598727 0.006369426751592357 0.09394904458598727 0.009554140127388535 0.09713375796178345 0.011146496815286623 0.09713375796178345 0.014331210191082803 0.10031847133757962 0.014331210191082803 0.10191082802547771 0.01592356687898089 0.10191082802547771 0.020700636942675158 0.09713375796178345 0.022292993630573247 0.09713375796178345 0.02388535031847134 0.09554140127388536 0.030254777070063694 0.09554140127388536 0.03184713375796178 0.09713375796178345 0.03503184713375796 0.09713375796178345 0.03662420382165605 0.09872611464968153 0.03662420382165605 0.10191082802547771 0.03503184713375796 0.1035031847133758 0.028662420382165606 0.1035031847133758 0.027070063694267517 0.10509554140127389 0.02388535031847134 0.10509554140127389 0.022292993630573247 0.10668789808917198 0.022292993630573247 0.10828025477707007 0.01910828025477707 0.11146496815286625 0.014331210191082803 0.11146496815286625 0.012738853503184714 0.10987261146496816 0.011146496815286623 0.10987261146496816 0.007961783439490446 0.10668789808917198 0.007961783439490446 0.10509554140127389 0.006369426751592357 0.10509554140127389 0.004777070063694267 0.1035031847133758 0.0031847133757961785 0.1035031847133758 0.0015923566878980893 0.10191082802547771 0 0.10191082802547771 0 0.14331210191082802 0.0031847133757961785 0.14331210191082802 0.0031847133757961785 0.14171974522292993 0.006369426751592357 0.13853503184713375 0.007961783439490446 0.13853503184713375 0.009554140127388535 0.13694267515923567 0.012738853503184714 0.13694267515923567 0.014331210191082803 0.13535031847133758 0.01592356687898089 0.13535031847133758 0.01910828025477707 0.1321656050955414 0.020700636942675158 0.1321656050955414 0.022292993630573247 0.1305732484076433 0.03343949044585987 0.1305732484076433 0.03503184713375796 0.1321656050955414 0.03503184713375796 0.13694267515923567 0.03343949044585987 0.13853503184713375 0.027070063694267517 0.13853503184713375 0.025477707006369428 0.14012738853503184 0.02388535031847134 0.14012738853503184 0.022292993630573247 0.14171974522292993 0.01751592356687898 0.14171974522292993 0.012738853503184714 0.1464968152866242 0.011146496815286623 0.1464968152866242 0.009554140127388535 0.1480891719745223 0.006369426751592357 0.1480891719745223 0.006369426751592357 0.15764331210191082 0.0031847133757961785 0.160828025477707 0 0.160828025477707 0 0.3821656050955414 0.0015923566878980893 0.3821656050955414 0.0031847133757961785 0.38057324840764334 0.01910828025477707 0.38057324840764334 0.020700636942675158 0.37898089171974525 0.025477707006369428 0.37898089171974525 0.027070063694267517 0.37738853503184716 0.028662420382165606 0.37738853503184716 0.03503184713375796 0.37101910828025475 0.03503184713375796 0.36942675159235666 0.03662420382165605 0.3678343949044586 0.03662420382165605 0.3630573248407643 0.03821656050955414 0.3614649681528662 0.03821656050955414 0.3471337579617834 0.03980891719745223 0.34554140127388533 0.03980891719745223 0.28503184713375795 0.03821656050955414 0.28343949044585987 0.03821656050955414 0.25477707006369427 0.03980891719745223 0.2531847133757962 0.03980891719745223 0.23885350318471338 0.03821656050955414 0.2372611464968153 0.03821656050955414 0.2070063694267516 0.03980891719745223 0.2054140127388535 0.03980891719745223 0.1751592356687898 0.03821656050955414 0.1735668789808917 0.03821656050955414 0.16560509554140126 0.03980891719745223 0.16401273885350318 0.03980891719745223 0.160828025477707 0.03821656050955414 0.1592356687898089 0.03821656050955414 0.08917197452229299 0.03184713375796178 0.08280254777070063 0.030254777070063694 0.08280254777070063
0 0 0.7484076433121019 0 0.9984076433121019 0.041401273885350316 0.9984076433121019 0.041401273885350316 0.9952229299363057 0.042993630573248405 0.9936305732484076 0.042993630573248405 0.9856687898089171 0.041401273885350316 0.9840764331210191 0.041401273885350316 0.8996815286624203 0.042993630573248405 0.8980891719745223 0.042993630573248405 0.8710191082802548 0.041401273885350316 0.8694267515923567 0.041401273885350316 0.85828025477707 0.042993630573248405 0.856687898089172 0.042993630573248405 0.7611464968152867 0.041401273885350316 0.7595541401273885 0.041401273885350316 0.7531847133757962 0.03980891719745223 0.7515923566878981 0.03821656050955414 0.7515923566878981 0.03662420382165605 0.75 0.027070063694267517 0.75 0.025477707006369428 0.7484076433121019
0 0.5732484076433121 0.9044585987261147 0.571656050955414 0.9060509554140127 0.571656050955414 0.9124203821656051 0.5700636942675159 0.9140127388535032 0.5700636942675159 0.9729299363057324 0.571656050955414 0.9745222929936306 0.571656050955414 0.9984076433121019 0.6592356687898089 0.9984076433121019 0.6592356687898089 0.9872611464968153 0.660828025477707 0.9856687898089171 0.660828025477707 0.9426751592356688 0.6592356687898089 0.9410828025477707 0.6592356687898089 0.9044585987261147 0.6576433121019108 0.9028662420382165 0.6576433121019108 0.9012738853503185 0.5875796178343949 0.9012738853503185 0.5859872611464968 0.9028662420382165 0.5796178343949044 0.9028662420382165 0.5780254777070064 0.9044585987261147
0 0.9187898089171974 0.8359872611464968 0.9187898089171974 0.8805732484076433 0.9203821656050956 0.8821656050955414 0.9203821656050956 0.9028662420382165 0.9187898089171974 0.9044585987261147 0.9187898089171974 0.9235668789808917 0.9251592356687898 0.9299363057324841 0.9490445859872612 0.9299363057324841 0.9506369426751592 0.9315286624203821 0.9808917197452229 0.9315286624203821 0.982484076433121 0.9299363057324841 0.9904458598726115 0.9299363057324841 0.9920382165605095 0.9315286624203821 0.9936305732484076 0.9299363057324841 0.9984076433121019 0.9299363057324841 0.9984076433121019 0.8343949044585988 0.9888535031847133 0.8343949044585988 0.9872611464968153 0.8359872611464968 0.9315286624203821 0.8359872611464968 0.9299363057324841 0.8343949044585988 0.9267515923566879 0.8343949044585988 0.9251592356687898 0.8359872611464968
0 0.9251592356687898 0.12579617834394904 0.9251592356687898 0.12738853503184713 0.9235668789808917 0.12898089171974522 0.9235668789808917 0.17993630573248406 0.9219745222929936 0.18152866242038215 0.9219745222929936 0.2070063694267516 0.9235668789808917 0.2085987261146497 0.9235668789808917 0.21019108280254778 0.9267515923566879 0.21337579617834396 0.9315286624203821 0.21337579617834396 0.9331210191082803 0.21496815286624205 0.9808917197452229 0.21496815286624205 0.982484076433121 0.21656050955414013 0.9984076433121019 0.21656050955414013 0.9984076433121019 0.12261146496815287 0.9299363057324841 0.12261146496815287 0.9267515923566879 0.12579617834394904
0 0.9267515923566879 0.7213375796178344 0.9267515923566879 0.7229299363057324 0.9251592356687898 0.7245222929936306 0.9251592356687898 0.7277070063694268 0.9235668789808917 0.7292993630573248 0.9235668789808917 0.7388535031847133 0.9219745222929936 0.7404458598726115 0.9219745222929936 0.7691082802547771 0.9203821656050956 0.7707006369426752 0.9203821656050956 0.8057324840764332 0.9219745222929936 0.8057324840764332 0.9251592356687898 0.8089171974522293 0.9681528662420382 0.8089171974522293 0.9697452229299363 0.8105095541401274 0.9984076433121019 0.8105095541401274 0.9984076433121019 0.7213375796178344 0.9570063694267515 0.7213375796178344 0.9554140127388535 0.7197452229299363 0.9394904458598726 0.7197452229299363 0.9378980891719745 0.7213375796178344
0 0.928343949044586 0.2484076433121019 0.9267515923566879 0.25 0.9267515923566879 0.2531847133757962 0.9251592356687898 0.25477707006369427 0.9251592356687898 0.2643312101910828 0.9235668789808917 0.2659235668789809 0.9235668789808917 0.28503184713375795 0.9219745222929936 0.28662420382165604 0.9219745222929936 0.3184713375796178 0.9203821656050956 0.3200636942675159 0.9203821656050956 0.3328025477707006 0.9984076433121019 0.3328025477707006 0.9984076433121019 0.31528662420382164 0.9952229299363057 0.31528662420382164 0.9936305732484076 0.31369426751592355 0.9936305732484076 0.3105095541401274 0.9984076433121019 0.3057324840764331 0.9984076433121019 0.2484076433121019 0.9601910828025477 0.2484076433121019 0.9585987261146497 0.24681528662420382 0.9331210191082803 0.24681528662420382 0.9315286624203821 0.2484076433121019
0 0.9299363057324841 0.4872611464968153 0.9267515923566879 0.49044585987261147 0.9267515923566879 0.49363057324840764 0.9251592356687898 0.49522292993630573 0.9251592356687898 0.5047770700636943 0.9235668789808917 0.5063694267515924 0.9235668789808917 0.5286624203821656 0.9219745222929936 0.5302547770700637 0.9219745222929936 0.5605095541401274 0.9203821656050956 0.5621019108280255 0.9203821656050956 0.5700636942675159 0.9219745222929936 0.571656050955414 0.9554140127388535 0.571656050955414 0.9570063694267515 0.5732484076433121 0.9665605095541401 0.5732484076433121 0.9681528662420382 0.571656050955414 0.9984076433121019 0.571656050955414 0.9984076433121019 0.4872611464968153 0.9617834394904459 0.4872611464968153 0.9601910828025477 0.4856687898089172 0.9538216560509554 0.4856687898089172 0.9522292993630573 0.4872611464968153
0 0.9984076433121019 0 0.9968152866242038 0 0.9968152866242038 0.0031847133757961785 0.9936305732484076 0.006369426751592357 0.9920382165605095 0.006369426751592357 0.9856687898089171 0.012738853503184714 0.9840764331210191 0.012738853503184714 0.982484076433121 0.014331210191082803 0.9808917197452229 0.014331210191082803 0.9792993630573248 0.01592356687898089 0.9777070063694268 0.01592356687898089 0.9761146496815286 0.01751592356687898 0.9745222929936306 0.01751592356687898 0.9713375796178344 0.020700636942675158 0.9697452229299363 0.020700636942675158 0.9617834394904459 0.028662420382165606 0.9617834394904459 0.030254777070063694 0.9601910828025477 0.03184713375796178 0.9601910828025477 0.03343949044585987 0.9585987261146497 0.03503184713375796 0.9585987261146497 0.03662420382165605 0.9570063694267515 0.03821656050955414 0.9570063694267515 0.03980891719745223 0.9554140127388535 0.041401273885350316 0.9554140127388535 0.042993630573248405 0.9538216560509554 0.044585987261146494 0.9538216560509554 0.04617834394904458 0.9506369426751592 0.04936305732484077 0.9506369426751592 0.050955414012738856 0.9490445859872612 0.052547770700636945 0.9490445859872612 0.054140127388535034 0.947452229299363 0.05573248407643312 0.947452229299363 0.05732484076433121 0.9442675159235668 0.06050955414012739 0.9442675159235668 0.06210191082802548 0.9378980891719745 0.06847133757961783 0.9378980891719745 0.07006369426751592 0.9363057324840764 0.07165605095541401 0.9315286624203821 0.07165605095541401 0.9299363057324841 0.07006369426751592 0.9299363057324841 0.06369426751592357 0.9315286624203821 0.06210191082802548 0.9315286624203821 0.06050955414012739 0.9331210191082803 0.0589171974522293 0.9347133757961783 0.0589171974522293 0.9363057324840764 0.05732484076433121 0.9363057324840764 0.05573248407643312 0.9410828025477707 0.050955414012738856 0.9410828025477707 0.04777070063694268 0.9426751592356688 0.04617834394904458 0.9426751592356688 0.044585987261146494 0.945859872611465 0.041401273885350316 0.945859872611465 0.03980891719745223 0.9490445859872612 0.03662420382165605 0.9490445859872612 0.03184713375796178 0.9506369426751592 0.030254777070063694 0.9506369426751592 0.028662420382165606 0.9538216560509554 0.025477707006369428 0.9538216560509554 0.02388535031847134 0.9570063694267515 0.020700636942675158 0.9570063694267515 0.01910828025477707 0.9633757961783439 0.012738853503184714 0.964968152866242 0.012738853503184714 0.9665605095541401 0.011146496815286623 0.9681528662420382 0.011146496815286623 0.9697452229299363 0.009554140127388535 0.9713375796178344 0.009554140127388535 0.9729299363057324 0.007961783439490446 0.9761146496815286 0.007961783439490446 0.9777070063694268 0.006369426751592357 0.9792993630573248 0.006369426751592357 0.9792993630573248 0.004777070063694267 0.9808917197452229 0.0031847133757961785 0.982484076433121 0.0031847133757961785 0.9856687898089171 0 0.982484076433121 0 0.9808917197452229 0.0015923566878980893 0.9777070063694268 0.0015923566878980893 0.9761146496815286 0 0.9745222929936306 0 0.9745222929936306 0.0015923566878980893 0.9729299363057324 0.0031847133757961785 0.9713375796178344 0.0031847133757961785 0.9697452229299363 0.004777070063694267 0.9633757961783439 0.004777070063694267 0.9617834394904459 0.006369426751592357 0.9522292993630573 0.006369426751592357 0.9506369426751592 0.007961783439490446 0.9410828025477707 0.007961783439490446 0.9394904458598726 0.009554140127388535 0.9347133757961783 0.009554140127388535 0.9331210191082803 0.007961783439490446 0.9331210191082803 0.0031847133757961785 0.9347133757961783 0.0015923566878980893 0.9363057324840764 0.0015923566878980893 0.9267515923566879 0.0015923566878980893 0.9219745222929936 0.006369426751592357 0.9219745222929936 0.007961783439490446 0.9203821656050956 0.009554140127388535 0.9203821656050956 0.06528662420382166 0.9219745222929936 0.06687898089171974 0.9219745222929936 0.09554140127388536 0.9235668789808917 0.09713375796178345 0.9363057324840764 0.09713375796178345 0.9378980891719745 0.09554140127388536 0.9745222929936306 0.09554140127388536 0.9761146496815286 0.09713375796178345 0.9777070063694268 0.09554140127388536 0.9984076433121019 0.09554140127388536
0 0.21656050955414013 0.9729299363057324 0.21496815286624205 0.9713375796178344 0.21496815286624205 0.964968152866242 0.21337579617834396 0.9633757961783439 0.21337579617834396 0.9601910828025477 0.21178343949044587 0.9585987261146497 0.2085987261146497 0.9585987261146497 0.2070063694267516 0.9570063694267515 0.18949044585987262 0.9570063694267515 0.18789808917197454 0.9554140127388535 0.15127388535031847 0.9554140127388535 0.14968152866242038 0.9570063694267515 0.08598726114649681 0.9570063694267515 0.08439490445859872 0.9585987261146497 0.07643312101910828 0.9585987261146497 0.07484076433121019 0.9601910828025477 0.0732484076433121 0.9601910828025477 0.0732484076433121 0.9633757961783439 0.07165605095541401 0.964968152866242 0.07165605095541401 0.9681528662420382 0.07006369426751592 0.9697452229299363 0.07006369426751592 0.9761146496815286 0.06847133757961783 0.9777070063694268 0.06847133757961783 0.9856687898089171 0.06687898089171974 0.9872611464968153 0.06687898089171974 0.9952229299363057 0.06528662420382166 0.9968152866242038 0.06528662420382166 0.9984076433121019 0.1035031847133758 0.9984076433121019 0.10828025477707007 0.9936305732484076 0.11146496815286625 0.9936305732484076 0.11305732484076433 0.9952229299363057 0.11305732484076433 0.9984076433121019 0.21656050955414013 0.9984076433121019
0 0.9219745222929936 0.6035031847133758 0.9219745222929936 0.6910828025477707 0.9235668789808917 0.6910828025477707 0.9251592356687898 0.6926751592356688 0.9331210191082803 0.6926751592356688 0.9347133757961783 0.6942675159235668 0.9394904458598726 0.6942675159235668 0.9410828025477707 0.6926751592356688 0.9633757961783439 0.6926751592356688 0.964968152866242 0.6942675159235668 0.9745222929936306 0.6942675159235668 0.9761146496815286 0.6926751592356688 0.9984076433121019 0.6926751592356688 0.9984076433121019 0.6369426751592356 0.9968152866242038 0.6369426751592356 0.9952229299363057 0.6385350318471338 0.9936305732484076 0.6385350318471338 0.9888535031847133 0.643312101910828 0.9888535031847133 0.6449044585987261 0.982484076433121 0.6512738853503185 0.9808917197452229 0.6512738853503185 0.9792993630573248 0.6528662420382165 0.9792993630573248 0.6544585987261147 0.9777070063694268 0.6560509554140127 0.9777070063694268 0.6576433121019108 0.9697452229299363 0.6656050955414012 0.9697452229299363 0.6671974522292994 0.9681528662420382 0.6687898089171974 0.9681528662420382 0.6703821656050956 0.9665605095541401 0.6719745222929936 0.9665605095541401 0.6735668789808917 0.964968152866242 0.6751592356687898 0.964968152866242 0.6767515923566879 0.9601910828025477 0.6815286624203821 0.9601910828025477 0.6847133757961783 0.9585987261146497 0.6863057324840764 0.9538216560509554 0.6863057324840764 0.9522292993630573 0.6847133757961783 0.9522292993630573 0.6767515923566879 0.9538216560509554 0.6751592356687898 0.9538216560509554 0.6735668789808917 0.9585987261146497 0.6687898089171974 0.9585987261146497 0.6671974522292994 0.9601910828025477 0.6656050955414012 0.9601910828025477 0.6640127388535032 0.9617834394904459 0.6624203821656051 0.9617834394904459 0.660828025477707 0.9633757961783439 0.6592356687898089 0.9633757961783439 0.6576433121019108 0.9713375796178344 0.6496815286624203 0.9713375796178344 0.6480891719745223 0.9777070063694268 0.64171974522293 0.9792993630573248 0.64171974522293 0.9792993630573248 0.6401273885350318 0.9777070063694268 0.64171974522293 0.9554140127388535 0.64171974522293 0.9538216560509554 0.6401273885350318 0.9506369426751592 0.6401273885350318 0.9490445859872612 0.64171974522293 0.9394904458598726 0.64171974522293 0.9378980891719745 0.6401273885350318 0.9378980891719745 0.6353503184713376 0.9394904458598726 0.6337579617834395 0.9442675159235668 0.6337579617834395 0.945859872611465 0.6321656050955414 0.9585987261146497 0.6321656050955414 0.9601910828025477 0.6337579617834395 0.9745222929936306 0.6337579617834395 0.9761146496815286 0.6321656050955414 0.982484076433121 0.6321656050955414 0.9840764331210191 0.6337579617834395 0.9856687898089171 0.6337579617834395 0.9872611464968153 0.6321656050955414 0.9888535031847133 0.6321656050955414 0.9920382165605095 0.6289808917197452 0.9952229299363057 0.6289808917197452 0.9968152866242038 0.6273885350318471 0.9984076433121019 0.6273885350318471 0.9984076433121019 0.6019108280254777 0.928343949044586 0.6019108280254777 0.9267515923566879 0.6035031847133758
0 0.9984076433121019 0.3646496815286624 0.9697452229299363 0.3646496815286624 0.9681528662420382 0.3662420382165605 0.9554140127388535 0.3662420382165605 0.9538216560509554 0.3678343949044586 0.9410828025477707 0.3678343949044586 0.9394904458598726 0.36942675159235666 0.9347133757961783 0.36942675159235666 0.9331210191082803 0.37101910828025475 0.9299363057324841 0.37101910828025475 0.9299363057324841 0.37261146496815284 0.928343949044586 0.37420382165605093 0.928343949044586 0.39012738853503187 0.9267515923566879 0.39171974522292996 0.9267515923566879 0.410828025477707 0.9251592356687898 0.4124203821656051 0.9251592356687898 0.4394904458598726 0.9267515923566879 0.4410828025477707 0.9267515923566879 0.4426751592356688 0.9315286624203821 0.44745222929936307 0.9331210191082803 0.44745222929936307 0.9347133757961783 0.44904458598726116 0.9363057324840764 0.44904458598726116 0.9378980891719745 0.45063694267515925 0.945859872611465 0.45063694267515925 0.947452229299363 0.45222929936305734 0.9713375796178344 0.45222929936305734 0.9729299363057324 0.45063694267515925 0.9984076433121019 0.45063694267515925
0 0.8057324840764332 0 0.8057324840764332 0.06210191082802548 0.8885350318471338 0.06210191082802548 0.8901273885350318 0.06050955414012739 0.89171974522293 0.06050955414012739 0.893312101910828 0.0589171974522293 0.893312101910828 0.052547770700636945 0.8949044585987261 0.050955414012738856 0.8949044585987261 0.041401273885350316 0.8964968152866242 0.03980891719745223 0.8964968152866242 0.025477707006369428 0.8980891719745223 0.02388535031847134 0.8980891719745223 0.009554140127388535 0.8996815286624203 0.007961783439490446 0.8996815286624203 0
0 0.6894904458598726 0 0.6894904458598726 0.030254777070063694 0.6910828025477707 0.03184713375796178 0.6910828025477707 0.04777070063694268 0.6926751592356688 0.04936305732484077 0.6926751592356688 0.054140127388535034 0.6942675159235668 0.05573248407643312 0.6942675159235668 0.0589171974522293 0.695859872611465 0.06050955414012739 0.7006369426751592 0.06050955414012739 0.7022292993630573 0.06210191082802548 0.7197452229299363 0.06210191082802548 0.7213375796178344 0.06369426751592357 0.7452229299363057 0.06369426751592357 0.7468152866242038 0.06528662420382166 0.75 0.06528662420382166 0.7515923566878981 0.06369426751592357 0.7627388535031847 0.06369426751592357 0.7643312101910829 0.06210191082802548 0.7691082802547771 0.06210191082802548 0.7722929936305732 0.0589171974522293 0.7722929936305732 0.05732484076433121 0.7738853503184714 0.05573248407643312 0.7738853503184714 0.050955414012738856 0.7754777070063694 0.04936305732484077 0.7754777070063694 0
0 0.9267515923566879 0.9601910828025477 0.9267515923566879 0.9633757961783439 0.9251592356687898 0.964968152866242 0.9251592356687898 0.9697452229299363 0.9235668789808917 0.9713375796178344 0.9235668789808917 0.9888535031847133 0.9219745222929936 0.9904458598726115 0.9219745222929936 0.9984076433121019 0.982484076433121 0.9984076433121019 0.982484076433121 0.9968152866242038 0.9808917197452229 0.9952229299363057 0.9808917197452229 0.9936305732484076 0.9777070063694268 0.9904458598726115 0.9777070063694268 0.9888535031847133 0.9761146496815286 0.9872611464968153 0.9761146496815286 0.9840764331210191 0.9745222929936306 0.982484076433121 0.9745222929936306 0.9808917197452229 0.9713375796178344 0.9777070063694268 0.9713375796178344 0.9665605095541401 0.9729299363057324 0.964968152866242 0.9761146496815286 0.964968152866242 0.9792993630573248 0.9681528662420382 0.9792993630573248 0.9713375796178344 0.9808917197452229 0.9729299363057324 0.9808917197452229 0.9761146496815286 0.982484076433121 0.9777070063694268 0.982484076433121 0.9792993630573248 0.9840764331210191 0.9808917197452229 0.9840764331210191 0.9840764331210191 0.9888535031847133 0.9888535031847133 0.9888535031847133 0.9904458598726115 0.9904458598726115 0.9920382165605095 0.9904458598726115 0.9936305732484076 0.9920382165605095 0.9952229299363057 0.9920382165605095 0.9968152866242038 0.9936305732484076 0.9984076433121019 0.9984076433121019 0.9984076433121019 0.9984076433121019 0.9554140127388535 0.9920382165605095 0.9554140127388535 0.9904458598726115 0.9570063694267515 0.9856687898089171 0.9570063694267515 0.9840764331210191 0.9554140127388535 0.945859872611465 0.9554140127388535 0.9442675159235668 0.9570063694267515 0.9347133757961783 0.9570063694267515 0.9331210191082803 0.9585987261146497 0.928343949044586 0.9585987261146497
0 0 0 0 0.06528662420382166 0.014331210191082803 0.06528662420382166 0.01592356687898089 0.06369426751592357 0.020700636942675158 0.06369426751592357 0.022292993630573247 0.06528662420382166 0.02388535031847134 0.06369426751592357 0.042993630573248405 0.06369426751592357 0.042993630573248405 0
2 0.07484076433121019 0.12898089171974522 0.07484076433121019 0.13535031847133758 0.07643312101910828 0.13694267515923567 0.07484076433121019 0.13853503184713375 0.0732484076433121 0.13853503184713375 0.0732484076433121 0.14331210191082802 0.07484076433121019 0.1449044585987261 0.07484076433121019 0.1464968152866242 0.08439490445859872 0.15605095541401273 0.08439490445859872 0.15764331210191082 0.09235668789808917 0.16560509554140126 0.09394904458598727 0.16560509554140126 0.09872611464968153 0.17038216560509553 0.09872611464968153 0.17197452229299362 0.10031847133757962 0.1735668789808917 0.10031847133757962 0.1751592356687898 0.10191082802547771 0.1767515923566879 0.10191082802547771 0.18152866242038215 0.1035031847133758 0.18312101910828024 0.1035031847133758 0.18471337579617833 0.10191082802547771 0.18630573248407642 0.09713375796178345 0.18630573248407642 0.09394904458598727 0.18949044585987262 0.09394904458598727 0.1926751592356688 0.09872611464968153 0.1926751592356688 0.10031847133757962 0.1910828025477707 0.10191082802547771 0.1910828025477707 0.1035031847133758 0.18949044585987262 0.10509554140127389 0.18949044585987262 0.10828025477707007 0.18630573248407642 0.11464968152866242 0.18630573248407642 0.11624203821656051 0.18789808917197454 0.11624203821656051 0.1910828025477707 0.11942675159235669 0.1942675159235669 0.11942675159235669 0.19745222929936307 0.12420382165605096 0.19745222929936307 0.12579617834394904 0.19585987261146498 0.12579617834394904 0.18949044585987262 0.12261146496815287 0.18630573248407642 0.12420382165605096 0.18471337579617833 0.12738853503184713 0.18471337579617833 0.12898089171974522 0.18312101910828024 0.13535031847133758 0.18312101910828024 0.13694267515923567 0.18152866242038215 0.1464968152866242 0.18152866242038215 0.1480891719745223 0.17993630573248406 0.14968152866242038 0.18152866242038215 0.15445859872611464 0.18152866242038215 0.15605095541401273 0.17993630573248406 0.15764331210191082 0.17993630573248406 0.1624203821656051 0.1751592356687898 0.1624203821656051 0.17197452229299362 0.160828025477707 0.17197452229299362 0.1592356687898089 0.17038216560509553 0.160828025477707 0.16878980891719744 0.1624203821656051 0.16878980891719744 0.16401273885350318 0.16719745222929935 0.16560509554140126 0.16719745222929935 0.16560509554140126 0.16401273885350318 0.16401273885350318 0.1624203821656051 0.160828025477707 0.1624203821656051 0.1592356687898089 0.16401273885350318 0.15764331210191082 0.16401273885350318 0.15605095541401273 0.16560509554140126 0.15445859872611464 0.16560509554140126 0.15286624203821655 0.16719745222929935 0.14968152866242038 0.16719745222929935 0.1464968152866242 0.17038216560509553 0.14331210191082802 0.17038216560509553 0.14012738853503184 0.1735668789808917 0.13535031847133758 0.1735668789808917 0.1321656050955414 0.1767515923566879 0.1305732484076433 0.1767515923566879 0.12898089171974522 0.17834394904458598 0.12579617834394904 0.17834394904458598 0.12420382165605096 0.17993630573248406 0.12261146496815287 0.17993630573248406 0.12101910828025478 0.18152866242038215 0.10987261146496816 0.18152866242038215 0.10668789808917198 0.17834394904458598 0.10668789808917198 0.1735668789808917 0.10509554140127389 0.17197452229299362 0.10509554140127389 0.17038216560509553 0.1035031847133758 0.16878980891719744 0.1035031847133758 0.16719745222929935 0.08598726114649681 0.14968152866242038 0.08598726114649681 0.1480891719745223 0.07802547770700637 0.14012738853503184 0.07961783439490445 0.13853503184713375 0.07961783439490445 0.1337579617834395 0.08439490445859872 0.12898089171974522 0.08598726114649681 0.12898089171974522 0.08917197452229299 0.12579617834394904 0.09076433121019108 0.12579617834394904 0.09235668789808917 0.12420382165605096 0.09394904458598727 0.12420382165605096 0.09554140127388536 0.12261146496815287 0.09554140127388536 0.11942675159235669 0.09235668789808917 0.11942675159235669 0.09076433121019108 0.12101910828025478 0.08598726114649681 0.12101910828025478 0.08280254777070063 0.12420382165605096 0.08121019108280254 0.12420382165605096 0.07961783439490445 0.12579617834394904 0.07802547770700637 0.12579617834394904
2 0.5047770700636943 0.6226114649681529 0.5 0.6226114649681529 0.5 0.6242038216560509 0.4968152866242038 0.6273885350318471 0.4968152866242038 0.6289808917197452 0.49522292993630573 0.6305732484076433 0.49522292993630573 0.6337579617834395 0.4888535031847134 0.6401273885350318 0.4872611464968153 0.6401273885350318 0.4856687898089172 0.64171974522293 0.482484076433121 0.64171974522293 0.48089171974522293 0.643312101910828 0.47929936305732485 0.643312101910828 0.47929936305732485 0.6449044585987261 0.47611464968152867 0.6480891719745223 0.47611464968152867 0.6496815286624203 0.4745222929936306 0.6512738853503185 0.4745222929936306 0.6528662420382165 0.4729299363057325 0.6544585987261147 0.4729299363057325 0.6576433121019108 0.4745222929936306 0.6592356687898089 0.4745222929936306 0.6640127388535032 0.47611464968152867 0.6656050955414012 0.4745222929936306 0.6671974522292994 0.4745222929936306 0.6719745222929936 0.4729299363057325 0.6735668789808917 0.4729299363057325 0.6767515923566879 0.4745222929936306 0.678343949044586 0.4745222929936306 0.6815286624203821 0.4729299363057325 0.6831210191082803 0.4729299363057325 0.6847133757961783 0.4697452229299363 0.6878980891719745 0.46656050955414013 0.6847133757961783 0.46656050955414013 0.678343949044586 0.46496815286624205 0.6767515923566879 0.46496815286624205 0.6751592356687898 0.46178343949044587 0.6719745222929936 0.46178343949044587 0.6640127388535032 0.46337579617834396 0.6624203821656051 0.46337579617834396 0.6576433121019108 0.46178343949044587 0.6560509554140127 0.46178343949044587 0.6544585987261147 0.4538216560509554 0.6464968152866242 0.4538216560509554 0.6449044585987261 0.45222929936305734 0.643312101910828 0.45063694267515925 0.643312101910828 0.44904458598726116 0.64171974522293 0.44904458598726116 0.6401273885350318 0.44745222929936307 0.6385350318471338 0.44745222929936307 0.6337579617834395 0.4442675159235669 0.6305732484076433 0.4442675159235669 0.6289808917197452 0.4426751592356688 0.6273885350318471 0.4394904458598726 0.6273885350318471 0.4394904458598726 0.6321656050955414 0.4426751592356688 0.6353503184713376 0.4426751592356688 0.6401273885350318 0.4442675159235669 0.64171974522293 0.4442675159235669 0.6480891719745223 0.44745222929936307 0.6480891719745223 0.4585987261146497 0.6592356687898089 0.4585987261146497 0.6624203821656051 0.4570063694267516 0.6640127388535032 0.4570063694267516 0.6719745222929936 0.4585987261146497 0.6735668789808917 0.4585987261146497 0.6767515923566879 0.46178343949044587 0.6799363057324841 0.46178343949044587 0.6942675159235668 0.46496815286624205 0.6942675159235668 0.46656050955414013 0.6926751592356688 0.4697452229299363 0.6926751592356688 0.4729299363057325 0.6894904458598726 0.4745222929936306 0.6910828025477707 0.4745222929936306 0.6926751592356688 0.47611464968152867 0.6942675159235668 0.48089171974522293 0.6942675159235668 0.48089171974522293 0.6910828025477707 0.47770700636942676 0.6878980891719745 0.47770700636942676 0.6847133757961783 0.47929936305732485 0.6831210191082803 0.47929936305732485 0.678343949044586 0.47770700636942676 0.6767515923566879 0.47770700636942676 0.6751592356687898 0.48089171974522293 0.6719745222929936 0.48089171974522293 0.6687898089171974 0.482484076433121 0.6671974522292994 0.482484076433121 0.6624203821656051 0.47770700636942676 0.6576433121019108 0.47770700636942676 0.6544585987261147 0.4856687898089172 0.6464968152866242 0.4888535031847134 0.6464968152866242 0.49044585987261147 0.6449044585987261 0.49203821656050956 0.6449044585987261 0.49363057324840764 0.643312101910828 0.49522292993630573 0.643312101910828 0.4968152866242038 0.64171974522293 0.5 0.64171974522293 0.5 0.6353503184713376 0.5015923566878981 0.6337579617834395 0.5031847133757962 0.6353503184713376 0.5031847133757962 0.6401273885350318 0.5079617834394905 0.6401273885350318 0.5095541401273885 0.6385350318471338 0.5127388535031847 0.6385350318471338 0.5143312101910829 0.6401273885350318 0.5143312101910829 0.64171974522293 0.517515923566879 0.64171974522293 0.517515923566879 0.6369426751592356 0.5159235668789809 0.6369426751592356 0.5143312101910829 0.6353503184713376 0.5143312101910829 0.6321656050955414 0.5095541401273885 0.6321656050955414 0.5079617834394905 0.6305732484076433 0.5079617834394905 0.6257961783439491
2 0.09394904458598727 0.85828025477707 0.09394904458598727 0.8646496815286624 0.09713375796178345 0.8678343949044586 0.09713375796178345 0.8710191082802548 0.09872611464968153 0.8726114649681529 0.09872611464968153 0.8757961783439491 0.10509554140127389 0.8821656050955414 0.10509554140127389 0.8885350318471338 0.10828025477707007 0.89171974522293 0.10828025477707007 0.893312101910828 0.10987261146496816 0.893312101910828 0.11146496815286625 0.8949044585987261 0.11146496815286625 0.8964968152866242 0.11464968152866242 0.8996815286624203 0.11464968152866242 0.9028662420382165 0.11624203821656051 0.9044585987261147 0.11624203821656051 0.9060509554140127 0.1178343949044586 0.9076433121019108 0.1178343949044586 0.9092356687898089 0.11942675159235669 0.910828025477707 0.11942675159235669 0.9124203821656051 0.12101910828025478 0.9140127388535032 0.12101910828025478 0.9156050955414012 0.12261146496815287 0.9171974522292994 0.12261146496815287 0.9203821656050956 0.11942675159235669 0.9235668789808917 0.1178343949044586 0.9235668789808917 0.11464968152866242 0.9267515923566879 0.11305732484076433 0.9267515923566879 0.11146496815286625 0.928343949044586 0.11146496815286625 0.9315286624203821 0.1178343949044586 0.9315286624203821 0.11942675159235669 0.9299363057324841 0.12101910828025478 0.9299363057324841 0.12420382165605096 0.9267515923566879 0.12579617834394904 0.928343949044586 0.12579617834394904 0.9315286624203821 0.12738853503184713 0.9331210191082803 0.1305732484076433 0.9331210191082803 0.1321656050955414 0.9315286624203821 0.1321656050955414 0.928343949044586 0.1305732484076433 0.9267515923566879 0.1305732484076433 0.9235668789808917 0.1337579617834395 0.9203821656050956 0.13694267515923567 0.9203821656050956 0.13853503184713375 0.9187898089171974 0.14171974522292993 0.9187898089171974 0.14331210191082802 0.9171974522292994 0.1449044585987261 0.9171974522292994 0.1464968152866242 0.9156050955414012 0.1480891719745223 0.9156050955414012 0.14968152866242038 0.9140127388535032 0.15127388535031847 0.9140127388535032 0.15286624203821655 0.9124203821656051 0.15445859872611464 0.9124203821656051 0.15605095541401273 0.910828025477707 0.1592356687898089 0.910828025477707 0.160828025477707 0.9092356687898089 0.16401273885350318 0.9092356687898089 0.16560509554140126 0.9076433121019108 0.16719745222929935 0.9076433121019108 0.16878980891719744 0.9060509554140127 0.17197452229299362 0.9060509554140127 0.1735668789808917 0.9044585987261147 0.1751592356687898 0.9044585987261147 0.1767515923566879 0.9028662420382165 0.17834394904458598 0.9028662420382165 0.17993630573248406 0.9012738853503185 0.18312101910828024 0.9012738853503185 0.18471337579617833 0.8996815286624203 0.18630573248407642 0.8996815286624203 0.18789808917197454 0.8980891719745223 0.18789808917197454 0.893312101910828 0.18471337579617833 0.893312101910828 0.18312101910828024 0.8949044585987261 0.18152866242038215 0.8949044585987261 0.17993630573248406 0.8964968152866242 0.1767515923566879 0.8964968152866242 0.1751592356687898 0.8980891719745223 0.1735668789808917 0.8980891719745223 0.17197452229299362 0.8996815286624203 0.17038216560509553 0.8996815286624203 0.16878980891719744 0.9012738853503185 0.16719745222929935 0.9012738853503185 0.16560509554140126 0.9028662420382165 0.1624203821656051 0.9028662420382165 0.160828025477707 0.9044585987261147 0.15764331210191082 0.9044585987261147 0.15605095541401273 0.9060509554140127 0.15286624203821655 0.9060509554140127 0.15127388535031847 0.9076433121019108 0.14968152866242038 0.9076433121019108 0.1480891719745223 0.9092356687898089 0.1464968152866242 0.9092356687898089 0.1449044585987261 0.910828025477707 0.14331210191082802 0.910828025477707 0.14171974522292993 0.9124203821656051 0.14012738853503184 0.9124203821656051 0.13853503184713375 0.9140127388535032 0.13694267515923567 0.9140127388535032 0.13535031847133758 0.9156050955414012 0.1321656050955414 0.9156050955414012 0.1305732484076433 0.9171974522292994 0.12898089171974522 0.9171974522292994 0.12738853503184713 0.9156050955414012 0.12738853503184713 0.9140127388535032 0.12579617834394904 0.9124203821656051 0.12579617834394904 0.910828025477707 0.12420382165605096 0.9092356687898089 0.12420382165605096 0.9076433121019108 0.12261146496815287 0.9060509554140127 0.12261146496815287 0.9044585987261147 0.12101910828025478 0.9028662420382165 0.12101910828025478 0.8980891719745223 0.11942675159235669 0.8964968152866242 0.11942675159235669 0.8949044585987261 0.1178343949044586 0.893312101910828 0.1178343949044586 0.89171974522293 0.10987261146496816 0.8837579617834395 0.10987261146496816 0.8773885350318471 0.10509554140127389 0.8726114649681529 0.10509554140127389 0.8710191082802548 0.1035031847133758 0.8694267515923567 0.1035031847133758 0.8678343949044586 0.10191082802547771 0.8662420382165605 0.10191082802547771 0.8630573248407644 0.10031847133757962 0.8614649681528662 0.10031847133757962 0.8598726114649682 0.09872611464968153 0.85828025477707 0.09872611464968153 0.856687898089172 0.09554140127388536 0.856687898089172
2 0.7738853503184714 0.9777070063694268 0.7738853503184714 0.9745222929936306 0.7627388535031847 0.9745222929936306 0.7611464968152867 0.9729299363057324 0.7611464968152867 0.9713375796178344 0.7484076433121019 0.9713375796178344 0.7468152866242038 0.9697452229299363 0.7420382165605095 0.9697452229299363 0.7372611464968153 0.964968152866242 0.7229299363057324 0.964968152866242 0.7213375796178344 0.9633757961783439 0.7245222929936306 0.9601910828025477 0.7261146496815286 0.9601910828025477 0.7277070063694268 0.9585987261146497 0.7292993630573248 0.9585987261146497 0.7356687898089171 0.9522292993630573 0.7420382165605095 0.9522292993630573 0.7436305732484076 0.9506369426751592 0.7436305732484076 0.9490445859872612 0.7452229299363057 0.947452229299363 0.7468152866242038 0.947452229299363 0.7484076433121019 0.945859872611465 0.7515923566878981 0.945859872611465 0.7515923566878981 0.9394904458598726 0.7484076433121019 0.9394904458598726 0.7452229299363057 0.9426751592356688 0.7420382165605095 0.9426751592356688 0.7420382165605095 0.9442675159235668 0.7404458598726115 0.945859872611465 0.7356687898089171 0.945859872611465 0.7340764331210191 0.947452229299363 0.7308917197452229 0.947452229299363 0.7308917197452229 0.9490445859872612 0.7277070063694268 0.9522292993630573 0.7277070063694268 0.9538216560509554 0.7245222929936306 0.9570063694267515 0.7197452229299363 0.9570063694267515 0.7181528662420382 0.9585987261146497 0.7165605095541401 0.9585987261146497 0.714968152866242 0.9601910828025477 0.7070063694267515 0.9601910828025477 0.7038216560509554 0.9633757961783439 0.7006369426751592 0.9633757961783439 0.695859872611465 0.9681528662420382 0.6942675159235668 0.9681528662420382 0.6926751592356688 0.9697452229299363 0.6910828025477707 0.9697452229299363 0.6910828025477707 0.9745222929936306 0.697452229299363 0.9745222929936306 0.7022292993630573 0.9697452229299363 0.7117834394904459 0.9697452229299363 0.7133757961783439 0.9681528662420382 0.7197452229299363 0.9681528662420382 0.7213375796178344 0.9697452229299363 0.7340764331210191 0.9697452229299363 0.7388535031847133 0.9745222929936306 0.7515923566878981 0.9745222929936306 0.7531847133757962 0.9761146496815286 0.7595541401273885 0.9761146496815286 0.7611464968152867 0.9777070063694268 0.7611464968152867 0.9792993630573248 0.7691082802547771 0.9792993630573248 0.7707006369426752 0.9777070063694268
2 0.9984076433121019 0.6289808917197452 0.9968152866242038 0.6289808917197452 0.9952229299363057 0.6305732484076433 0.9920382165605095 0.6305732484076433 0.9888535031847133 0.6337579617834395 0.9872611464968153 0.6337579617834395 0.9856687898089171 0.6353503184713376 0.9840764331210191 0.6353503184713376 0.982484076433121 0.6337579617834395 0.9761146496815286 0.6337579617834395 0.9745222929936306 0.6353503184713376 0.9601910828025477 0.6353503184713376 0.9585987261146497 0.6337579617834395 0.945859872611465 0.6337579617834395 0.9442675159235668 0.6353503184713376 0.9394904458598726 0.6353503184713376 0.9394904458598726 0.6401273885350318 0.9490445859872612 0.6401273885350318 0.9506369426751592 0.6385350318471338 0.9538216560509554 0.6385350318471338 0.9554140127388535 0.6401273885350318 0.9777070063694268 0.6401273885350318 0.9792993630573248 0.6385350318471338 0.9808917197452229 0.6401273885350318 0.9808917197452229 0.64171974522293 0.9792993630573248 0.643312101910828 0.9777070063694268 0.643312101910828 0.9729299363057324 0.6480891719745223 0.9729299363057324 0.6496815286624203 0.964968152866242 0.6576433121019108 0.964968152866242 0.6592356687898089 0.9633757961783439 0.660828025477707 0.9633757961783439 0.6624203821656051 0.9617834394904459 0.6640127388535032 0.9617834394904459 0.6656050955414012 0.9601910828025477 0.6671974522292994 0.9601910828025477 0.6687898089171974 0.9554140127388535 0.6735668789808917 0.9554140127388535 0.6751592356687898 0.9538216560509554 0.6767515923566879 0.9538216560509554 0.6847133757961783 0.9585987261146497 0.6847133757961783 0.9585987261146497 0.6815286624203821 0.9633757961783439 0.6767515923566879 0.9633757961783439 0.6751592356687898 0.964968152866242 0.6735668789808917 0.964968152866242 0.6719745222929936 0.9665605095541401 0.6703821656050956 0.9665605095541401 0.6687898089171974 0.9681528662420382 0.6671974522292994 0.9681528662420382 0.6656050955414012 0.9761146496815286 0.6576433121019108 0.9761146496815286 0.6560509554140127 0.9777070063694268 0.6544585987261147 0.9777070063694268 0.6528662420382165 0.9808917197452229 0.6496815286624203 0.982484076433121 0.6496815286624203 0.9872611464968153 0.6449044585987261 0.9872611464968153 0.643312101910828 0.9936305732484076 0.6369426751592356 0.9952229299363057 0.6369426751592356 0.9968152866242038 0.6353503184713376 0.9984076433121019 0.6353503184713376
2 0.9952229299363057 0 0.9872611464968153 0 0.982484076433121 0.004777070063694267 0.9808917197452229 0.004777070063694267 0.9808917197452229 0.006369426751592357 0.9792993630573248 0.007961783439490446 0.9777070063694268 0.007961783439490446 0.9761146496815286 0.009554140127388535 0.9729299363057324 0.009554140127388535 0.9713375796178344 0.011146496815286623 0.9697452229299363 0.011146496815286623 0.9681528662420382 0.012738853503184714 0.9665605095541401 0.012738853503184714 0.964968152866242 0.014331210191082803 0.9633757961783439 0.014331210191082803 0.9585987261146497 0.01910828025477707 0.9585987261146497 0.020700636942675158 0.9554140127388535 0.02388535031847134 0.9554140127388535 0.025477707006369428 0.9522292993630573 0.028662420382165606 0.9522292993630573 0.030254777070063694 0.9506369426751592 0.03184713375796178 0.9506369426751592 0.03662420382165605 0.947452229299363 0.03980891719745223 0.947452229299363 0.041401273885350316 0.9442675159235668 0.044585987261146494 0.9442675159235668 0.04617834394904458 0.9426751592356688 0.04777070063694268 0.9426751592356688 0.050955414012738856 0.9378980891719745 0.05573248407643312 0.9378980891719745 0.05732484076433121 0.9347133757961783 0.06050955414012739 0.9331210191082803 0.06050955414012739 0.9331210191082803 0.06210191082802548 0.9315286624203821 0.06369426751592357 0.9315286624203821 0.07006369426751592 0.9363057324840764 0.07006369426751592 0.9363057324840764 0.06847133757961783 0.9426751592356688 0.06210191082802548 0.9426751592356688 0.06050955414012739 0.945859872611465 0.05732484076433121 0.945859872611465 0.05573248407643312 0.947452229299363 0.054140127388535034 0.947452229299363 0.052547770700636945 0.9490445859872612 0.050955414012738856 0.9490445859872612 0.04936305732484077 0.9522292993630573 0.04617834394904458 0.9522292993630573 0.044585987261146494 0.9538216560509554 0.042993630573248405 0.9538216560509554 0.041401273885350316 0.9554140127388535 0.03980891719745223 0.9554140127388535 0.03821656050955414 0.9570063694267515 0.03662420382165605 0.9570063694267515 0.03503184713375796 0.9585987261146497 0.03343949044585987 0.9585987261146497 0.03184713375796178 0.9601910828025477 0.030254777070063694 0.9601910828025477 0.028662420382165606 0.9697452229299363 0.01910828025477707 0.9713375796178344 0.01910828025477707 0.9745222929936306 0.01592356687898089 0.9761146496815286 0.01592356687898089 0.9777070063694268 0.014331210191082803 0.9792993630573248 0.014331210191082803 0.9808917197452229 0.012738853503184714 0.982484076433121 0.012738853503184714 0.9840764331210191 0.011146496815286623 0.9856687898089171 0.011146496815286623 0.9920382165605095 0.004777070063694267 0.9936305732484076 0.004777070063694267 0.9952229299363057 0.0031847133757961785
2 0.8248407643312102 0.6831210191082803 0.8248407643312102 0.6863057324840764 0.8264331210191083 0.6878980891719745 0.8264331210191083 0.7070063694267515 0.8280254777070064 0.7085987261146497 0.8407643312101911 0.7085987261146497 0.8423566878980892 0.7101910828025477 0.8423566878980892 0.7165605095541401 0.8439490445859873 0.7181528662420382 0.8439490445859873 0.7213375796178344 0.8487261146496815 0.7213375796178344 0.8487261146496815 0.7181528662420382 0.8503184713375797 0.7165605095541401 0.8519108280254777 0.7165605095541401 0.8535031847133758 0.714968152866242 0.8550955414012739 0.714968152866242 0.8550955414012739 0.7133757961783439 0.856687898089172 0.7117834394904459 0.85828025477707 0.7117834394904459 0.8598726114649682 0.7101910828025477 0.8678343949044586 0.7101910828025477 0.8694267515923567 0.7117834394904459 0.8694267515923567 0.7133757961783439 0.8710191082802548 0.7133757961783439 0.8726114649681529 0.714968152866242 0.8789808917197452 0.714968152866242 0.8789808917197452 0.7117834394904459 0.8773885350318471 0.7117834394904459 0.8742038216560509 0.7085987261146497 0.8726114649681529 0.7085987261146497 0.8710191082802548 0.7070063694267515 0.8710191082802548 0.7054140127388535 0.8694267515923567 0.7054140127388535 0.8678343949044586 0.7038216560509554 0.8630573248407644 0.7038216560509554 0.8614649681528662 0.7054140127388535 0.856687898089172 0.7054140127388535 0.8550955414012739 0.7070063694267515 0.8535031847133758 0.7070063694267515 0.8535031847133758 0.7085987261146497 0.8503184713375797 0.7117834394904459 0.8487261146496815 0.7117834394904459 0.8471337579617835 0.7101910828025477 0.8471337579617835 0.7085987261146497 0.8455414012738853 0.7070063694267515 0.8423566878980892 0.7070063694267515 0.8407643312101911 0.7054140127388535 0.839171974522293 0.7054140127388535 0.8375796178343949 0.7038216560509554 0.8328025477707006 0.7038216560509554 0.8312101910828026 0.7022292993630573 0.8312101910828026 0.6942675159235668 0.8343949044585988 0.6910828025477707 0.8343949044585988 0.6878980891719745 0.8296178343949044 0.6831210191082803
2 0.3248407643312102 0.9681528662420382 0.321656050955414 0.9681528662420382 0.3184713375796178 0.9713375796178344 0.3184713375796178 0.9745222929936306 0.31687898089171973 0.9761146496815286 0.31528662420382164 0.9761146496815286 0.31528662420382164 0.9792993630573248 0.31210191082802546 0.982484076433121 0.29936305732484075 0.982484076433121 0.2961783439490446 0.9856687898089171 0.2945859872611465 0.9840764331210191 0.28821656050955413 0.9840764331210191 0.28821656050955413 0.9888535031847133 0.28662420382165604 0.9904458598726115 0.28662420382165604 0.9968152866242038 0.28503184713375795 0.9984076433121019 0.28343949044585987 0.9968152866242038 0.2802547770700637 0.9968152866242038 0.2786624203821656 0.9952229299363057 0.2786624203821656 0.9936305732484076 0.2770700636942675 0.9920382165605095 0.267515923566879 0.9920382165605095 0.2659235668789809 0.9936305732484076 0.2627388535031847 0.9936305732484076 0.25796178343949044 0.9984076433121019 0.267515923566879 0.9984076433121019 0.26910828025477707 0.9968152866242038 0.27388535031847133 0.9968152866242038 0.2754777070063694 0.9984076433121019 0.2898089171974522 0.9984076433121019 0.2914012738853503 0.9968152866242038 0.2914012738853503 0.9936305732484076 0.2945859872611465 0.9904458598726115 0.29777070063694266 0.9904458598726115 0.29936305732484075 0.9888535031847133 0.30095541401273884 0.9888535031847133 0.30254777070063693 0.9872611464968153 0.3057324840764331 0.9872611464968153 0.3073248407643312 0.9856687898089171 0.3089171974522293 0.9872611464968153 0.31528662420382164 0.9872611464968153 0.3184713375796178 0.9840764331210191 0.3184713375796178 0.982484076433121 0.3200636942675159 0.9808917197452229 0.3200636942675159 0.9777070063694268 0.3232484076433121 0.9745222929936306 0.3232484076433121 0.9729299363057324 0.3248407643312102 0.9713375796178344
2 0.8471337579617835 0.10987261146496816 0.8471337579617835 0.11464968152866242 0.8503184713375797 0.11464968152866242 0.8519108280254777 0.11305732484076433 0.8535031847133758 0.11305732484076433 0.8550955414012739 0.11146496815286625 0.8598726114649682 0.11146496815286625 0.8614649681528662 0.10987261146496816 0.8630573248407644 0.10987261146496816 0.8646496815286624 0.10828025477707007 0.8726114649681529 0.10828025477707007 0.8742038216560509 0.10987261146496816 0.8805732484076433 0.10987261146496816 0.8837579617834395 0.11305732484076433 0.8853503184713376 0.11305732484076433 0.8869426751592356 0.11464968152866242 0.8869426751592356 0.1178343949044586 0.89171974522293 0.1178343949044586 0.893312101910828 0.11942675159235669 0.8980891719745223 0.11942675159235669 0.9012738853503185 0.12261146496815287 0.9044585987261147 0.12261146496815287 0.9044585987261147 0.1178343949044586 0.9012738853503185 0.11464968152866242 0.89171974522293 0.11464968152866242 0.8901273885350318 0.11305732484076433 0.8885350318471338 0.11305732484076433 0.8869426751592356 0.11146496815286625 0.8869426751592356 0.10828025477707007 0.8853503184713376 0.10668789808917198 0.8853503184713376 0.10509554140127389 0.8757961783439491 0.10509554140127389 0.8742038216560509 0.1035031847133758 0.8678343949044586 0.1035031847133758 0.8662420382165605 0.10509554140127389 0.85828025477707 0.10509554140127389 0.8550955414012739 0.10828025477707007 0.8487261146496815 0.10828025477707007
2 0.03343949044585987 0.1321656050955414 0.022292993630573247 0.1321656050955414 0.020700636942675158 0.1337579617834395 0.01910828025477707 0.1337579617834395 0.01592356687898089 0.13694267515923567 0.014331210191082803 0.13694267515923567 0.012738853503184714 0.13853503184713375 0.009554140127388535 0.13853503184713375 0.007961783439490446 0.14012738853503184 0.006369426751592357 0.14012738853503184 0.004777070063694267 0.14171974522292993 0.004777070063694267 0.14331210191082802 0.0031847133757961785 0.1449044585987261 0 0.1449044585987261 0 0.1592356687898089 0.0031847133757961785 0.1592356687898089 0.004777070063694267 0.15764331210191082 0.004777070063694267 0.1480891719745223 0.006369426751592357 0.1464968152866242 0.009554140127388535 0.1464968152866242 0.011146496815286623 0.1449044585987261 0.012738853503184714 0.1449044585987261 0.01751592356687898 0.14012738853503184 0.022292993630573247 0.14012738853503184 0.02388535031847134 0.13853503184713375 0.025477707006369428 0.13853503184713375 0.027070063694267517 0.13694267515923567 0.03343949044585987 0.13694267515923567
2 0 0.09554140127388536 0 0.10031847133757962 0.0015923566878980893 0.10031847133757962 0.0031847133757961785 0.10191082802547771 0.004777070063694267 0.10191082802547771 0.006369426751592357 0.1035031847133758 0.007961783439490446 0.1035031847133758 0.009554140127388535 0.10509554140127389 0.009554140127388535 0.10668789808917198 0.011146496815286623 0.10828025477707007 0.012738853503184714 0.10828025477707007 0.014331210191082803 0.10987261146496816 0.01910828025477707 0.10987261146496816 0.020700636942675158 0.10828025477707007 0.020700636942675158 0.10668789808917198 0.02388535031847134 0.1035031847133758 0.027070063694267517 0.1035031847133758 0.028662420382165606 0.10191082802547771 0.03503184713375796 0.10191082802547771 0.03503184713375796 0.09872611464968153 0.03184713375796178 0.09872611464968153 0.030254777070063694 0.09713375796178345 0.02388535031847134 0.09713375796178345 0.022292993630573247 0.09872611464968153 0.020700636942675158 0.09872611464968153 0.01592356687898089 0.1035031847133758 0.014331210191082803 0.1035031847133758 0.012738853503184714 0.10191082802547771 0.012738853503184714 0.10031847133757962 0.011146496815286623 0.09872611464968153 0.009554140127388535 0.09872611464968153 0.006369426751592357 0.09554140127388536
2 0.9729299363057324 0.9665605095541401 0.9729299363057324 0.9777070063694268 0.9761146496815286 0.9808917197452229 0.9761146496815286 0.982484076433121 0.9777070063694268 0.9840764331210191 0.9777070063694268 0.9872611464968153 0.9792993630573248 0.9888535031847133 0.9792993630573248 0.9904458598726115 0.982484076433121 0.9936305732484076 0.982484076433121 0.9952229299363057 0.9840764331210191 0.9968152866242038 0.9840764331210191 0.9984076433121019 0.9920382165605095 0.9984076433121019 0.9904458598726115 0.9968152866242038 0.9904458598726115 0.9952229299363057 0.9888535031847133 0.9936305732484076 0.9888535031847133 0.9920382165605095 0.9872611464968153 0.9904458598726115 0.9872611464968153 0.9888535031847133 0.982484076433121 0.9840764331210191 0.982484076433121 0.9808917197452229 0.9808917197452229 0.9792993630573248 0.9808917197452229 0.9777070063694268 0.9792993630573248 0.9761146496815286 0.9792993630573248 0.9729299363057324 0.9777070063694268 0.9713375796178344 0.9777070063694268 0.9681528662420382 0.9761146496815286 0.9665605095541401
2 0.9347133757961783 0.007961783439490446 0.9394904458598726 0.007961783439490446 0.9410828025477707 0.006369426751592357 0.9506369426751592 0.006369426751592357 0.9522292993630573 0.004777070063694267 0.9617834394904459 0.004777070063694267 0.9633757961783439 0.0031847133757961785 0.9697452229299363 0.0031847133757961785 0.9713375796178344 0.0015923566878980893 0.9729299363057324 0.0015923566878980893 0.9729299363057324 0 0.9490445859872612 0 0.947452229299363 0.0015923566878980893 0.9378980891719745 0.0015923566878980893 0.9363057324840764 0.0031847133757961785 0.9347133757961783 0.0031847133757961785
2 0.8423566878980892 0.9792993630573248 0.8423566878980892 0.9840764331210191 0.8471337579617835 0.9888535031847133 0.8471337579617835 0.9904458598726115 0.8535031847133758 0.9968152866242038 0.8535031847133758 0.9984076433121019 0.8614649681528662 0.9984076433121019 0.8598726114649682 0.9968152866242038 0.8598726114649682 0.9952229299363057 0.8535031847133758 0.9888535031847133 0.8535031847133758 0.9872611464968153 0.8455414012738853 0.9792993630573248
2 0.5955414012738853 0.007961783439490446 0.6003184713375797 0.007961783439490446 0.6019108280254777 0.006369426751592357 0.6035031847133758 0.006369426751592357 0.6050955414012739 0.004777070063694267 0.6114649681528662 0.004777070063694267 0.6146496815286624 0.0015923566878980893 0.6162420382165605 0.0015923566878980893 0.6178343949044586 0 0.6194267515923567 0 0.6019108280254777 0 0.5987261146496815 0.0031847133757961785 0.5971337579617835 0.0031847133757961785 0.5955414012738853 0.004777070063694267