0 0.5777777777777777 0.8611111111111112 0.5777777777777777 0.912962962962963 0.575925925925926 0.9148148148148149 0.575925925925926 0.9259259259259259 0.5777777777777777 0.9277777777777778 0.5777777777777777 0.9518518518518518 0.575925925925926 0.9537037037037037 0.575925925925926 0.9574074074074074 0.5777777777777777 0.9592592592592593 0.5777777777777777 0.9648148148148148 0.5796296296296296 0.9666666666666667 0.5796296296296296 0.9703703703703703 0.5814814814814815 0.9722222222222222 0.6203703703703703 0.9722222222222222 0.6222222222222222 0.9740740740740741 0.6462962962962963 0.9740740740740741 0.6481481481481481 0.9722222222222222 0.6722222222222223 0.9722222222222222 0.674074074074074 0.9740740740740741 0.6962962962962963 0.9740740740740741 0.6981481481481482 0.9722222222222222 0.7092592592592593 0.9722222222222222 0.7111111111111111 0.9740740740740741 0.7148148148148148 0.9740740740740741 0.7166666666666667 0.9722222222222222 0.7296296296296296 0.9722222222222222 0.7314814814814815 0.9740740740740741 0.8018518518518518 0.9740740740740741 0.8037037037037037 0.9722222222222222 0.8796296296296297 0.9722222222222222 0.8814814814814815 0.9740740740740741 0.9296296296296296 0.9740740740740741 0.9314814814814815 0.9722222222222222 0.9314814814814815 0.9148148148148149 0.9333333333333333 0.912962962962963 0.9333333333333333 0.8759259259259259 0.9314814814814815 0.8740740740740741 0.9314814814814815 0.8685185185185185 0.9296296296296296 0.8666666666666667 0.9277777777777778 0.8666666666666667 0.924074074074074 0.8629629629629629 0.9222222222222223 0.8629629629629629 0.9203703703703704 0.8611111111111112 0.8888888888888888 0.8611111111111112 0.8870370370370371 0.8592592592592593 0.8462962962962963 0.8592592592592593 0.8444444444444444 0.8611111111111112 0.8425925925925926 0.8611111111111112 0.8407407407407408 0.8592592592592593 0.8388888888888889 0.8611111111111112 0.8240740740740741 0.8611111111111112 0.8222222222222222 0.8592592592592593 0.8185185185185185 0.8592592592592593 0.8166666666666667 0.8611111111111112 0.8148148148148148 0.8611111111111112 0.812962962962963 0.8592592592592593 0.8111111111111111 0.8611111111111112 0.8092592592592592 0.8611111111111112 0.8074074074074075 0.8592592592592593 0.7777777777777778 0.8592592592592593 0.7759259259259259 0.8611111111111112 0.774074074074074 0.8611111111111112 0.7722222222222223 0.8592592592592593 0.7518518518518519 0.8592592592592593 0.75 0.8611111111111112 0.7444444444444445 0.8611111111111112 0.7425925925925926 0.8592592592592593 0.7037037037037037 0.8592592592592593 0.7018518518518518 0.8611111111111112 0.7 0.8592592592592593 0.6666666666666666 0.8592592592592593 0.6648148148148149 0.8611111111111112 0.6592592592592592 0.8611111111111112 0.6574074074074074 0.8592592592592593 0.6333333333333333 0.8592592592592593 0.6314814814814815 0.8611111111111112 0.6259259259259259 0.8611111111111112 0.6240740740740741 0.8592592592592593 0.5833333333333334 0.8592592592592593 0.5814814814814815 0.8611111111111112
0 0.924074074074074 0.08333333333333333 0.8555555555555555 0.08333333333333333 0.8537037037037037 0.08148148148148149 0.8277777777777777 0.08148148148148149 0.825925925925926 0.08333333333333333 0.812962962962963 0.08333333333333333 0.8111111111111111 0.08148148148148149 0.7777777777777778 0.08148148148148149 0.7759259259259259 0.08333333333333333 0.6407407407407407 0.08333333333333333 0.6388888888888888 0.08518518518518518 0.6240740740740741 0.08518518518518518 0.6222222222222222 0.08703703703703704 0.6111111111111112 0.08703703703703704 0.6092592592592593 0.08888888888888889 0.6 0.08888888888888889 0.5981481481481481 0.09074074074074075 0.5888888888888889 0.09074074074074075 0.587037037037037 0.09259259259259259 0.5796296296296296 0.09259259259259259 0.5777777777777777 0.09444444444444444 0.575925925925926 0.09444444444444444 0.5740740740740741 0.0962962962962963 0.5740740740740741 0.09814814814814815 0.5722222222222222 0.1 0.5722222222222222 0.10185185185185185 0.5703703703703704 0.1037037037037037 0.5703703703703704 0.10555555555555556 0.5685185185185185 0.10740740740740741 0.5685185185185185 0.14629629629629629 0.5703703703703704 0.14814814814814814 0.5703703703703704 0.15185185185185185 0.5685185185185185 0.1537037037037037 0.5685185185185185 0.18888888888888888 0.5703703703703704 0.19074074074074074 0.5703703703703704 0.19444444444444445 0.5740740740740741 0.19814814814814816 0.5851851851851851 0.19814814814814816 0.587037037037037 0.2 0.5925925925925926 0.2 0.5944444444444444 0.19814814814814816 0.5962962962962963 0.19814814814814816 0.5981481481481481 0.2 0.8166666666666667 0.2 0.8185185185185185 0.19814814814814816 0.8203703703703704 0.19814814814814816 0.8222222222222222 0.2 0.8333333333333334 0.2 0.8351851851851851 0.19814814814814816 0.837037037037037 0.19814814814814816 0.8388888888888889 0.2 0.85 0.2 0.8518518518518519 0.19814814814814816 0.8777777777777778 0.19814814814814816 0.8796296296296297 0.1962962962962963 0.8962962962962963 0.1962962962962963 0.8981481481481481 0.19444444444444445 0.9018518518518519 0.19444444444444445 0.9055555555555556 0.19074074074074074 0.9055555555555556 0.18888888888888888 0.9092592592592592 0.18518518518518517 0.9092592592592592 0.18333333333333332 0.9111111111111111 0.1814814814814815 0.9111111111111111 0.17777777777777778 0.912962962962963 0.17592592592592593 0.912962962962963 0.17037037037037037 0.9148148148148149 0.1685185185185185 0.9148148148148149 0.1537037037037037 0.9166666666666666 0.15185185185185185 0.9166666666666666 0.13333333333333333 0.9185185185185185 0.13148148148148148 0.9185185185185185 0.11851851851851852 0.9203703703703704 0.11666666666666667 0.9203703703703704 0.10925925925925926 0.9222222222222223 0.10740740740740741 0.9222222222222223 0.1 0.924074074074074 0.09814814814814815
0 0.2962962962962963 0.22962962962962963 0.2962962962962963 0.24074074074074073 0.29444444444444445 0.24259259259259258 0.29444444444444445 0.2611111111111111 0.29259259259259257 0.26296296296296295 0.29259259259259257 0.2796296296296296 0.29074074074074074 0.2814814814814815 0.29074074074074074 0.3148148148148148 0.29259259259259257 0.31666666666666665 0.29259259259259257 0.32222222222222224 0.29444444444444445 0.32407407407407407 0.29444444444444445 0.32592592592592595 0.2962962962962963 0.3277777777777778 0.32592592592592595 0.3277777777777778 0.3277777777777778 0.3296296296296296 0.35555555555555557 0.3296296296296296 0.3574074074074074 0.3314814814814815 0.36666666666666664 0.3314814814814815 0.3685185185185185 0.3296296296296296 0.387037037037037 0.3296296296296296 0.3888888888888889 0.3277777777777778 0.5351851851851852 0.3277777777777778 0.5370370370370371 0.32592592592592595 0.5425925925925926 0.32592592592592595 0.5444444444444444 0.3277777777777778 0.5981481481481481 0.3277777777777778 0.6 0.32592592592592595 0.6111111111111112 0.32592592592592595 0.6129629629629629 0.3277777777777778 0.6296296296296297 0.3277777777777778 0.6314814814814815 0.32592592592592595 0.6370370370370371 0.32592592592592595 0.6370370370370371 0.32407407407407407 0.6388888888888888 0.32222222222222224 0.6388888888888888 0.32037037037037036 0.6407407407407407 0.31851851851851853 0.6407407407407407 0.2537037037037037 0.6388888888888888 0.2518518518518518 0.6388888888888888 0.24074074074074073 0.6370370370370371 0.2388888888888889 0.6370370370370371 0.2351851851851852 0.6351851851851852 0.23333333333333334 0.6351851851851852 0.23148148148148148 0.6314814814814815 0.22777777777777777 0.6296296296296297 0.22777777777777777 0.6259259259259259 0.22407407407407406 0.6148148148148148 0.22407407407407406 0.6129629629629629 0.2222222222222222 0.5962962962962963 0.2222222222222222 0.5944444444444444 0.22037037037037038 0.5425925925925926 0.22037037037037038 0.5407407407407407 0.2222222222222222 0.5185185185185185 0.2222222222222222 0.5166666666666667 0.22037037037037038 0.5037037037037037 0.22037037037037038 0.5018518518518519 0.21851851851851853 0.49074074074074076 0.21851851851851853 0.4888888888888889 0.21666666666666667 0.4722222222222222 0.21666666666666667 0.4703703703703704 0.21481481481481482 0.3592592592592593 0.21481481481481482 0.3574074074074074 0.21666666666666667 0.3425925925925926 0.21666666666666667 0.34074074074074073 0.21851851851851853 0.32407407407407407 0.21851851851851853 0.32222222222222224 0.22037037037037038 0.3148148148148148 0.22037037037037038 0.31296296296296294 0.2222222222222222 0.3074074074074074 0.2222222222222222 0.3055555555555556 0.22407407407407406 0.30185185185185187 0.22407407407407406 0.3 0.22592592592592592 0.29814814814814816 0.22592592592592592 0.29814814814814816 0.22777777777777777
0 0.5740740740740741 0.6074074074074074 0.5740740740740741 0.7074074074074074 0.5777777777777777 0.7111111111111111 0.8166666666666667 0.7111111111111111 0.8185185185185185 0.7092592592592593 0.8203703703703704 0.7092592592592593 0.8222222222222222 0.7111111111111111 0.8481481481481481 0.7111111111111111 0.85 0.7092592592592593 0.8555555555555555 0.7092592592592593 0.8574074074074074 0.7111111111111111 0.9296296296296296 0.7111111111111111 0.9296296296296296 0.6703703703703704 0.9277777777777778 0.6685185185185185 0.9277777777777778 0.6666666666666666 0.9296296296296296 0.6648148148148149 0.9296296296296296 0.6388888888888888 0.9277777777777778 0.6370370370370371 0.9296296296296296 0.6351851851851852 0.9296296296296296 0.6092592592592593 0.9259259259259259 0.6055555555555555 0.6722222222222223 0.6055555555555555 0.6703703703703704 0.6074074074074074 0.6666666666666666 0.6074074074074074 0.6648148148148149 0.6055555555555555 0.5925925925925926 0.6055555555555555 0.5907407407407408 0.6074074074074074
0 0.5777777777777777 0.3648148148148148 0.5777777777777777 0.45 0.5814814814814815 0.45 0.5833333333333334 0.45185185185185184 0.6222222222222222 0.45185185185185184 0.6240740740740741 0.4537037037037037 0.6648148148148149 0.4537037037037037 0.6666666666666666 0.45185185185185184 0.7555555555555555 0.45185185185185184 0.7574074074074074 0.4537037037037037 0.7703703703703704 0.4537037037037037 0.7722222222222223 0.45185185185185184 0.8222222222222222 0.45185185185185184 0.8240740740740741 0.4537037037037037 0.837037037037037 0.4537037037037037 0.8388888888888889 0.45185185185185184 0.8425925925925926 0.45185185185185184 0.8444444444444444 0.4537037037037037 0.8462962962962963 0.45185185185185184 0.8537037037037037 0.45185185185185184 0.8555555555555555 0.4537037037037037 0.9185185185185185 0.4537037037037037 0.9203703703703704 0.45185185185185184 0.924074074074074 0.45185185185185184 0.9259259259259259 0.45 0.9314814814814815 0.45 0.9333333333333333 0.44814814814814813 0.9333333333333333 0.42962962962962964 0.9314814814814815 0.42777777777777776 0.9314814814814815 0.40185185185185185 0.9296296296296296 0.4 0.9296296296296296 0.37962962962962965 0.9277777777777778 0.37777777777777777 0.9277777777777778 0.37037037037037035 0.9259259259259259 0.3685185185185185 0.9259259259259259 0.36666666666666664 0.924074074074074 0.3648148148148148 0.924074074074074 0.362962962962963 0.9222222222222223 0.3611111111111111 0.9222222222222223 0.3592592592592593 0.9185185185185185 0.35555555555555557 0.9166666666666666 0.35555555555555557 0.9148148148148149 0.3537037037037037 0.9111111111111111 0.3537037037037037 0.9092592592592592 0.35185185185185186 0.9 0.35185185185185186 0.8981481481481481 0.35 0.8870370370370371 0.35 0.8851851851851852 0.34814814814814815 0.8277777777777777 0.34814814814814815 0.825925925925926 0.35 0.7981481481481482 0.35 0.7962962962962963 0.34814814814814815 0.7833333333333333 0.34814814814814815 0.7814814814814814 0.34629629629629627 0.774074074074074 0.34629629629629627 0.7722222222222223 0.34444444444444444 0.7611111111111111 0.34444444444444444 0.7592592592592593 0.3425925925925926 0.7518518518518519 0.3425925925925926 0.75 0.34444444444444444 0.6907407407407408 0.34444444444444444 0.6888888888888889 0.3425925925925926 0.65 0.3425925925925926 0.6481481481481481 0.34444444444444444 0.6277777777777778 0.34444444444444444 0.6259259259259259 0.34629629629629627 0.6092592592592593 0.34629629629629627 0.6074074074074074 0.34814814814814815 0.5981481481481481 0.34814814814814815 0.5962962962962963 0.35 0.587037037037037 0.35 0.5851851851851851 0.35185185185185186 0.5833333333333334 0.35185185185185186 0.5814814814814815 0.3537037037037037 0.5814814814814815 0.35555555555555557 0.5796296296296296 0.3574074074074074 0.5796296296296296 0.362962962962963
0 0.2962962962962963 0.7462962962962963 0.2962962962962963 0.7888888888888889 0.29814814814814816 0.7907407407407407 0.29814814814814816 0.8240740740740741 0.3 0.825925925925926 0.3 0.8296296296296296 0.3037037037037037 0.8333333333333334 0.3111111111111111 0.8333333333333334 0.31296296296296294 0.8351851851851851 0.32222222222222224 0.8351851851851851 0.32407407407407407 0.837037037037037 0.34074074074074073 0.837037037037037 0.3425925925925926 0.8388888888888889 0.3851851851851852 0.8388888888888889 0.387037037037037 0.8407407407407408 0.48703703703703705 0.8407407407407408 0.4888888888888889 0.8388888888888889 0.5148148148148148 0.8388888888888889 0.5166666666666667 0.8407407407407408 0.6425925925925926 0.8407407407407408 0.6425925925925926 0.8203703703703704 0.6444444444444445 0.8185185185185185 0.6444444444444445 0.7962962962962963 0.6425925925925926 0.7944444444444444 0.6425925925925926 0.7796296296296297 0.6407407407407407 0.7777777777777778 0.6407407407407407 0.7685185185185185 0.6388888888888888 0.7666666666666667 0.6388888888888888 0.7592592592592593 0.6370370370370371 0.7574074074074074 0.6370370370370371 0.7481481481481481 0.6351851851851852 0.7462962962962963 0.6351851851851852 0.7407407407407407 0.6333333333333333 0.7388888888888889 0.6333333333333333 0.7351851851851852 0.6129629629629629 0.7351851851851852 0.6111111111111112 0.737037037037037 0.5611111111111111 0.737037037037037 0.5592592592592592 0.7351851851851852 0.5333333333333333 0.7351851851851852 0.5314814814814814 0.7333333333333333 0.524074074074074 0.7333333333333333 0.5222222222222223 0.7314814814814815 0.32037037037037036 0.7314814814814815 0.31851851851851853 0.7333333333333333 0.3055555555555556 0.7333333333333333 0.3037037037037037 0.7351851851851852 0.30185185185185187 0.7351851851851852 0.3 0.737037037037037 0.3 0.7388888888888889 0.29814814814814816 0.7407407407407407 0.29814814814814816 0.7444444444444445
0 0.29814814814814816 0.49074074074074076 0.29814814814814816 0.524074074074074 0.2962962962962963 0.5259259259259259 0.2962962962962963 0.5388888888888889 0.29444444444444445 0.5407407407407407 0.29444444444444445 0.575925925925926 0.2962962962962963 0.5777777777777777 0.32037037037037036 0.5777777777777777 0.32222222222222224 0.5796296296296296 0.3425925925925926 0.5796296296296296 0.34444444444444444 0.5814814814814815 0.37962962962962965 0.5814814814814815 0.3814814814814815 0.5796296296296296 0.48703703703703705 0.5796296296296296 0.4888888888888889 0.5814814814814815 0.4981481481481482 0.5814814814814815 0.5 0.5796296296296296 0.5537037037037037 0.5796296296296296 0.5555555555555556 0.5814814814814815 0.5833333333333334 0.5814814814814815 0.5851851851851851 0.5796296296296296 0.5925925925925926 0.5796296296296296 0.5944444444444444 0.5814814814814815 0.6425925925925926 0.5814814814814815 0.6444444444444445 0.5796296296296296 0.6444444444444445 0.5092592592592593 0.6425925925925926 0.5074074074074074 0.6425925925925926 0.5 0.6407407407407407 0.4981481481481482 0.6407407407407407 0.49444444444444446 0.6388888888888888 0.4925925925925926 0.6388888888888888 0.4888888888888889 0.6333333333333333 0.48333333333333334 0.6314814814814815 0.48333333333333334 0.6296296296296297 0.48148148148148145 0.6222222222222222 0.48148148148148145 0.6203703703703703 0.47962962962962963 0.6018518518518519 0.47962962962962963 0.6 0.4777777777777778 0.5703703703703704 0.4777777777777778 0.5685185185185185 0.4759259259259259 0.5666666666666667 0.4759259259259259 0.5648148148148148 0.4777777777777778 0.5425925925925926 0.4777777777777778 0.5407407407407407 0.47962962962962963 0.5092592592592593 0.47962962962962963 0.5074074074074074 0.4777777777777778 0.49074074074074076 0.4777777777777778 0.4888888888888889 0.4759259259259259 0.4722222222222222 0.4759259259259259 0.4703703703703704 0.4740740740740741 0.46111111111111114 0.4740740740740741 0.45925925925925926 0.4759259259259259 0.4111111111111111 0.4759259259259259 0.40925925925925927 0.4740740740740741 0.3537037037037037 0.4740740740740741 0.35185185185185186 0.4759259259259259 0.3314814814814815 0.4759259259259259 0.3296296296296296 0.4777777777777778 0.31851851851851853 0.4777777777777778 0.31666666666666665 0.47962962962962963 0.3074074074074074 0.47962962962962963 0.3055555555555556 0.48148148148148145 0.30185185185185187 0.48148148148148145 0.30185185185185187 0.48333333333333334 0.3 0.48518518518518516 0.3 0.4888888888888889
0 0.3 0 0.3 0.012962962962962963 0.30185185185185187 0.014814814814814815 0.30185185185185187 0.05925925925925926 0.3037037037037037 0.06111111111111111 0.3037037037037037 0.06481481481481481 0.3055555555555556 0.06666666666666667 0.3055555555555556 0.06851851851851852 0.30925925925925923 0.06851851851851852 0.3111111111111111 0.07037037037037037 0.32037037037037036 0.07037037037037037 0.32222222222222224 0.07222222222222222 0.49444444444444446 0.07222222222222222 0.4962962962962963 0.07037037037037037 0.4981481481481482 0.07037037037037037 0.5 0.07222222222222222 0.5259259259259259 0.07222222222222222 0.5277777777777778 0.07037037037037037 0.5296296296296297 0.07037037037037037 0.5314814814814814 0.07222222222222222 0.5333333333333333 0.07037037037037037 0.5370370370370371 0.07037037037037037 0.5388888888888889 0.07222222222222222 0.5555555555555556 0.07222222222222222 0.5574074074074075 0.07037037037037037 0.5592592592592592 0.07037037037037037 0.5611111111111111 0.07222222222222222 0.562962962962963 0.07037037037037037 0.5648148148148148 0.07037037037037037 0.5666666666666667 0.07222222222222222 0.5685185185185185 0.07222222222222222 0.5703703703703704 0.07037037037037037 0.5722222222222222 0.07037037037037037 0.5740740740740741 0.07222222222222222 0.575925925925926 0.07037037037037037 0.5796296296296296 0.07037037037037037 0.5814814814814815 0.07222222222222222 0.6407407407407407 0.07222222222222222 0.6425925925925926 0.07037037037037037 0.6425925925925926 0.06666666666666667 0.6444444444444445 0.06481481481481481 0.6444444444444445 0.06111111111111111 0.6462962962962963 0.05925925925925926 0.6462962962962963 0 0.5851851851851851 0 0.587037037037037 0.001851851851851852 0.5888888888888889 0.001851851851851852 0.5925925925925926 0.005555555555555556 0.5944444444444444 0.005555555555555556 0.6 0.011111111111111112 0.6018518518518519 0.011111111111111112 0.6148148148148148 0.024074074074074074 0.6148148148148148 0.02962962962962963 0.6129629629629629 0.03148148148148148 0.6074074074074074 0.03148148148148148 0.5962962962962963 0.020370370370370372 0.5944444444444444 0.020370370370370372 0.5888888888888889 0.014814814814814815 0.587037037037037 0.014814814814814815 0.5814814814814815 0.009259259259259259 0.5796296296296296 0.009259259259259259 0.5722222222222222 0.001851851851851852 0.5722222222222222 0
0 0 0 0 0.07962962962962963 0.04259259259259259 0.07962962962962963 0.044444444444444446 0.07777777777777778 0.046296296296296294 0.07777777777777778 0.04814814814814815 0.07962962962962963 0.06111111111111111 0.07962962962962963 0.06296296296296296 0.07777777777777778 0.08333333333333333 0.07777777777777778 0.08518518518518518 0.07592592592592592 0.09259259259259259 0.07592592592592592 0.0962962962962963 0.07222222222222222 0.0962962962962963 0.07037037037037037 0.09814814814814815 0.06851851851851852 0.09814814814814815 0.05555555555555555 0.1 0.053703703703703705 0.10185185185185185 0.05555555555555555 0.10185185185185185 0.05740740740740741 0.1037037037037037 0.05925925925925926 0.1037037037037037 0.06111111111111111 0.10555555555555556 0.06296296296296296 0.10555555555555556 0.06481481481481481 0.10925925925925926 0.06851851851851852 0.10925925925925926 0.07037037037037037 0.11296296296296296 0.07037037037037037 0.11666666666666667 0.07407407407407407 0.14444444444444443 0.07407407407407407 0.14629629629629629 0.07592592592592592 0.14814814814814814 0.07592592592592592 0.15 0.07407407407407407 0.1962962962962963 0.07407407407407407 0.19814814814814816 0.07592592592592592 0.2 0.07592592592592592 0.20185185185185187 0.07407407407407407 0.24444444444444444 0.07407407407407407 0.2462962962962963 0.07222222222222222 0.24814814814814815 0.07222222222222222 0.25 0.07407407407407407 0.27037037037037037 0.07407407407407407 0.2722222222222222 0.07592592592592592 0.2740740740740741 0.07407407407407407 0.2833333333333333 0.07407407407407407 0.2833333333333333 0 0.10185185185185185 0 0.10185185185185185 0.05 0.1 0.05185185185185185 0.09814814814814815 0.05 0.09814814814814815 0.024074074074074074 0.0962962962962963 0.022222222222222223 0.0962962962962963 0.018518518518518517 0.09814814814814815 0.016666666666666666 0.09814814814814815 0.001851851851851852 0.0962962962962963 0
0 0.6592592592592592 0.22407407407407406 0.6592592592592592 0.24259259259259258 0.6574074074074074 0.24444444444444444 0.6574074074074074 0.25555555555555554 0.6592592592592592 0.2574074074074074 0.6592592592592592 0.26296296296296295 0.6574074074074074 0.26481481481481484 0.6574074074074074 0.2740740740740741 0.6592592592592592 0.2759259259259259 0.6592592592592592 0.3277777777777778 0.8277777777777777 0.3277777777777778 0.8314814814814815 0.32407407407407407 0.8333333333333334 0.32407407407407407 0.8388888888888889 0.31851851851851853 0.8388888888888889 0.21666666666666667 0.837037037037037 0.21481481481481482 0.6648148148148149 0.21481481481481482 0.6648148148148149 0.21666666666666667 0.662962962962963 0.21851851851851853 0.662962962962963 0.22037037037037038
0 0.37777777777777777 0.08148148148148149 0.37777777777777777 0.10185185185185185 0.37592592592592594 0.1037037037037037 0.37592592592592594 0.18888888888888888 0.37777777777777777 0.19074074074074074 0.37777777777777777 0.1962962962962963 0.37962962962962965 0.19814814814814816 0.4148148148148148 0.19814814814814816 0.4166666666666667 0.2 0.4222222222222222 0.2 0.42407407407407405 0.19814814814814816 0.4666666666666667 0.19814814814814816 0.4685185185185185 0.2 0.48703703703703705 0.2 0.4888888888888889 0.19814814814814816 0.4925925925925926 0.19814814814814816 0.49444444444444446 0.2 0.4981481481481482 0.2 0.5 0.19814814814814816 0.5018518518518519 0.19814814814814816 0.5037037037037037 0.2 0.5166666666666667 0.2 0.5185185185185185 0.19814814814814816 0.5314814814814814 0.19814814814814816 0.5333333333333333 0.2 0.5462962962962963 0.2 0.5462962962962963 0.19814814814814816 0.5481481481481482 0.1962962962962963 0.5481481481481482 0.19074074074074074 0.55 0.18888888888888888 0.55 0.09444444444444444 0.5518518518518518 0.09259259259259259 0.5518518518518518 0.08703703703703704 0.55 0.08518518518518518 0.55 0.08148148148148149 0.5425925925925926 0.08148148148148149 0.5407407407407407 0.08333333333333333 0.5314814814814814 0.08333333333333333 0.5296296296296297 0.08148148148148149 0.5148148148148148 0.08148148148148149 0.512962962962963 0.08333333333333333 0.45740740740740743 0.08333333333333333 0.45555555555555555 0.08148148148148149
0 0.09074074074074075 0.21296296296296297 0.09074074074074075 0.2462962962962963 0.09259259259259259 0.24814814814814815 0.09259259259259259 0.26851851851851855 0.09444444444444444 0.27037037037037037 0.09444444444444444 0.29814814814814816 0.0962962962962963 0.3 0.0962962962962963 0.3055555555555556 0.09814814814814815 0.3074074074074074 0.09814814814814815 0.31296296296296294 0.1 0.3148148148148148 0.1 0.31666666666666665 0.1037037037037037 0.31666666666666665 0.10925925925925926 0.32222222222222224 0.1111111111111111 0.32222222222222224 0.11296296296296296 0.32407407407407407 0.12037037037037036 0.32407407407407407 0.12222222222222222 0.32592592592592595 0.15555555555555556 0.32592592592592595 0.1574074074074074 0.32407407407407407 0.27037037037037037 0.32407407407407407 0.2722222222222222 0.32222222222222224 0.2722222222222222 0.2759259259259259 0.27037037037037037 0.2740740740740741 0.27037037037037037 0.27037037037037037 0.2722222222222222 0.26851851851851855 0.2722222222222222 0.2611111111111111 0.27037037037037037 0.25925925925925924 0.27037037037037037 0.2518518518518518 0.2722222222222222 0.25 0.2722222222222222 0.24074074074074073 0.27037037037037037 0.2388888888888889 0.27037037037037037 0.2351851851851852 0.2722222222222222 0.23333333333333334 0.2722222222222222 0.23148148148148148 0.27037037037037037 0.22962962962962963 0.27037037037037037 0.22037037037037038 0.26851851851851855 0.21851851851851853 0.26851851851851855 0.21666666666666667 0.26666666666666666 0.21481481481481482 0.26666666666666666 0.21296296296296297 0.26481481481481484 0.2111111111111111 0.13518518518518519 0.2111111111111111 0.13333333333333333 0.21296296296296297 0.12962962962962962 0.21296296296296297 0.12777777777777777 0.21481481481481482 0.11851851851851852 0.21481481481481482 0.11666666666666667 0.21296296296296297 0.1 0.21296296296296297 0.09814814814814815 0.21481481481481482 0.09444444444444444 0.21481481481481482 0.09259259259259259 0.21296296296296297
0 0.38333333333333336 0.8592592592592593 0.38333333333333336 0.8629629629629629 0.3814814814814815 0.8648148148148148 0.3814814814814815 0.9703703703703703 0.48518518518518516 0.9703703703703703 0.48703703703703705 0.9722222222222222 0.49444444444444446 0.9722222222222222 0.4962962962962963 0.9703703703703703 0.5092592592592593 0.9703703703703703 0.5111111111111111 0.9722222222222222 0.5296296296296297 0.9722222222222222 0.5314814814814814 0.9703703703703703 0.5555555555555556 0.9703703703703703 0.5555555555555556 0.8888888888888888 0.5574074074074075 0.8870370370370371 0.5574074074074075 0.8777777777777778 0.5555555555555556 0.8759259259259259 0.5555555555555556 0.8648148148148148 0.5537037037037037 0.8629629629629629 0.5537037037037037 0.8592592592592593 0.5407407407407407 0.8592592592592593 0.5388888888888889 0.8574074074074074 0.5259259259259259 0.8574074074074074 0.524074074074074 0.8592592592592593 0.4888888888888889 0.8592592592592593 0.48703703703703705 0.8574074074074074 0.48333333333333334 0.8574074074074074 0.48148148148148145 0.8592592592592593 0.4740740740740741 0.8592592592592593 0.4722222222222222 0.8574074074074074 0.4666666666666667 0.8574074074074074 0.4648148148148148 0.8592592592592593 0.46296296296296297 0.8574074074074074 0.45555555555555555 0.8574074074074074 0.4537037037037037 0.8592592592592593 0.45185185185185184 0.8574074074074074 0.45 0.8592592592592593 0.4462962962962963 0.8592592592592593 0.4444444444444444 0.8574074074074074 0.4111111111111111 0.8574074074074074 0.40925925925925927 0.8592592592592593 0.4074074074074074 0.8574074074074074 0.3851851851851852 0.8574074074074074
0 0.10555555555555556 0.7388888888888889 0.10555555555555556 0.7407407407407407 0.1037037037037037 0.7425925925925926 0.1037037037037037 0.7444444444444445 0.10185185185185185 0.7462962962962963 0.10185185185185185 0.7611111111111111 0.1 0.762962962962963 0.1 0.7703703703703704 0.10185185185185185 0.7722222222222223 0.10185185185185185 0.7888888888888889 0.1 0.7907407407407407 0.1 0.8111111111111111 0.09814814814814815 0.812962962962963 0.09814814814814815 0.8277777777777777 0.1 0.8296296296296296 0.1 0.8407407407407408 0.1111111111111111 0.8407407407407408 0.11296296296296296 0.8388888888888889 0.16296296296296298 0.8388888888888889 0.1648148148148148 0.8407407407407408 0.1648148148148148 0.8425925925925926 0.19074074074074074 0.8425925925925926 0.1925925925925926 0.8407407407407408 0.2518518518518518 0.8407407407407408 0.2537037037037037 0.8388888888888889 0.26851851851851855 0.8388888888888889 0.27037037037037037 0.837037037037037 0.2722222222222222 0.837037037037037 0.2777777777777778 0.8314814814814815 0.2777777777777778 0.8296296296296296 0.2796296296296296 0.8277777777777777 0.2796296296296296 0.8166666666666667 0.2814814814814815 0.8148148148148148 0.2814814814814815 0.8092592592592592 0.2796296296296296 0.8074074074074075 0.2796296296296296 0.7796296296296297 0.2777777777777778 0.7777777777777778 0.2777777777777778 0.774074074074074 0.2796296296296296 0.7722222222222223 0.2796296296296296 0.7333333333333333 0.12777777777777777 0.7333333333333333 0.1259259259259259 0.7351851851851852 0.11851851851851852 0.7351851851851852 0.11666666666666667 0.737037037037037 0.10740740740740741 0.737037037037037
0 0.3814814814814815 0.34074074074074073 0.3814814814814815 0.3962962962962963 0.38333333333333336 0.39814814814814814 0.38333333333333336 0.4462962962962963 0.3851851851851852 0.44814814814814813 0.3851851851851852 0.45 0.4777777777777778 0.45 0.47962962962962963 0.44814814814814813 0.5277777777777778 0.44814814814814813 0.5296296296296297 0.45 0.5314814814814814 0.45 0.5333333333333333 0.44814814814814813 0.5537037037037037 0.44814814814814813 0.5555555555555556 0.4462962962962963 0.5555555555555556 0.42777777777777776 0.5574074074074075 0.42592592592592593 0.5574074074074075 0.412962962962963 0.5555555555555556 0.4111111111111111 0.5555555555555556 0.34074074074074073
0 0.3814814814814815 0.6074074074074074 0.3814814814814815 0.6944444444444444 0.3851851851851852 0.6907407407407408 0.3888888888888889 0.6907407407407408 0.3925925925925926 0.6944444444444444 0.3925925925925926 0.6981481481481482 0.3907407407407407 0.7 0.3888888888888889 0.7 0.3888888888888889 0.7055555555555556 0.3851851851851852 0.7092592592592593 0.3814814814814815 0.7092592592592593 0.3814814814814815 0.7111111111111111 0.5555555555555556 0.7111111111111111 0.5555555555555556 0.6092592592592593 0.5537037037037037 0.6074074074074074 0.5296296296296297 0.6074074074074074 0.5277777777777778 0.6055555555555555 0.44074074074074077 0.6055555555555555 0.4388888888888889 0.6074074074074074 0.43333333333333335 0.6074074074074074 0.43148148148148147 0.6055555555555555 0.38333333333333336 0.6055555555555555
0 0.10740740740740741 0.48333333333333334 0.10740740740740741 0.48703703703703705 0.10555555555555556 0.4888888888888889 0.10555555555555556 0.4925925925925926 0.1037037037037037 0.49444444444444446 0.1037037037037037 0.5037037037037037 0.10185185185185185 0.5055555555555555 0.10185185185185185 0.5185185185185185 0.1 0.5203703703703704 0.1 0.5796296296296296 0.10925925925925926 0.5796296296296296 0.1111111111111111 0.5777777777777777 0.13148148148148148 0.5777777777777777 0.13333333333333333 0.5796296296296296 0.15 0.5796296296296296 0.15185185185185185 0.5814814814814815 0.16111111111111112 0.5814814814814815 0.16296296296296298 0.5796296296296296 0.17037037037037037 0.5796296296296296 0.17222222222222222 0.5814814814814815 0.18518518518518517 0.5814814814814815 0.18703703703703703 0.5796296296296296 0.19444444444444445 0.5796296296296296 0.1962962962962963 0.5814814814814815 0.2037037037037037 0.5814814814814815 0.20555555555555555 0.5796296296296296 0.25 0.5796296296296296 0.2518518518518518 0.5814814814814815 0.2740740740740741 0.5814814814814815 0.2759259259259259 0.5796296296296296 0.2796296296296296 0.5796296296296296 0.2796296296296296 0.5333333333333333 0.2814814814814815 0.5314814814814814 0.2814814814814815 0.5 0.2796296296296296 0.4981481481481482 0.2796296296296296 0.49074074074074076 0.2777777777777778 0.4888888888888889 0.2777777777777778 0.48518518518518516 0.2759259259259259 0.48333333333333334 0.2740740740740741 0.48333333333333334 0.2722222222222222 0.48148148148148145 0.26296296296296295 0.48148148148148145 0.2611111111111111 0.47962962962962963 0.18518518518518517 0.47962962962962963 0.18333333333333332 0.4777777777777778 0.13333333333333333 0.4777777777777778 0.13148148148148148 0.47962962962962963 0.12962962962962962 0.47962962962962963 0.12777777777777777 0.48148148148148145 0.11481481481481481 0.48148148148148145 0.11296296296296296 0.48333333333333334
0 0.6574074074074074 0.48333333333333334 0.6574074074074074 0.4925925925925926 0.6592592592592592 0.49444444444444446 0.6592592592592592 0.5388888888888889 0.6611111111111111 0.5407407407407407 0.6611111111111111 0.5425925925925926 0.6592592592592592 0.5444444444444444 0.6592592592592592 0.5592592592592592 0.6611111111111111 0.5611111111111111 0.6611111111111111 0.5703703703703704 0.662962962962963 0.5722222222222222 0.662962962962963 0.5740740740740741 0.6648148148148149 0.575925925925926 0.6648148148148149 0.5777777777777777 0.6666666666666666 0.5777777777777777 0.6685185185185185 0.5796296296296296 0.6796296296296296 0.5796296296296296 0.6814814814814815 0.5814814814814815 0.75 0.5814814814814815 0.7518518518518519 0.5796296296296296 0.7537037037037037 0.5796296296296296 0.7555555555555555 0.5814814814814815 0.8018518518518518 0.5814814814814815 0.8037037037037037 0.5796296296296296 0.8166666666666667 0.5796296296296296 0.8185185185185185 0.5777777777777777 0.825925925925926 0.5777777777777777 0.8296296296296296 0.5740740740740741 0.8296296296296296 0.5722222222222222 0.8314814814814815 0.5703703703703704 0.8314814814814815 0.5648148148148148 0.8333333333333334 0.562962962962963 0.8333333333333334 0.5333333333333333 0.8314814814814815 0.5314814814814814 0.8314814814814815 0.4962962962962963 0.8296296296296296 0.49444444444444446 0.8296296296296296 0.4888888888888889 0.8277777777777777 0.48703703703703705 0.8277777777777777 0.48333333333333334 0.8222222222222222 0.48333333333333334 0.8203703703703704 0.48148148148148145 0.8074074074074075 0.48148148148148145 0.8055555555555556 0.47962962962962963 0.7907407407407407 0.47962962962962963 0.7888888888888889 0.4777777777777778 0.6648148148148149 0.4777777777777778 0.662962962962963 0.47962962962962963 0.6611111111111111 0.47962962962962963
0 0.6574074074074074 0.7314814814814815 0.6574074074074074 0.7351851851851852 0.6555555555555556 0.737037037037037 0.6555555555555556 0.7425925925925926 0.6574074074074074 0.7444444444444445 0.6574074074074074 0.7759259259259259 0.6555555555555556 0.7777777777777778 0.6555555555555556 0.7944444444444444 0.6537037037037037 0.7962962962962963 0.6537037037037037 0.8037037037037037 0.6555555555555556 0.8055555555555556 0.6555555555555556 0.8203703703703704 0.6574074074074074 0.8222222222222222 0.6574074074074074 0.8277777777777777 0.662962962962963 0.8333333333333334 0.6703703703703704 0.8333333333333334 0.6722222222222223 0.8351851851851851 0.6851851851851852 0.8351851851851851 0.687037037037037 0.837037037037037 0.7148148148148148 0.837037037037037 0.7166666666666667 0.8388888888888889 0.7722222222222223 0.8388888888888889 0.7722222222222223 0.837037037037037 0.7759259259259259 0.8333333333333334 0.7759259259259259 0.8314814814814815 0.7777777777777778 0.8296296296296296 0.7777777777777778 0.825925925925926 0.7759259259259259 0.8240740740740741 0.774074074074074 0.8240740740740741 0.7648148148148148 0.8148148148148148 0.762962962962963 0.8148148148148148 0.7574074074074074 0.8092592592592592 0.7555555555555555 0.8092592592592592 0.7537037037037037 0.8074074074074075 0.7518518518518519 0.8074074074074075 0.75 0.8055555555555556 0.7481481481481481 0.8055555555555556 0.7462962962962963 0.8037037037037037 0.7444444444444445 0.8037037037037037 0.7425925925925926 0.8018518518518518 0.7407407407407407 0.8018518518518518 0.7388888888888889 0.8 0.737037037037037 0.8 0.7351851851851852 0.7981481481481482 0.7314814814814815 0.7981481481481482 0.7296296296296296 0.7962962962962963 0.725925925925926 0.7962962962962963 0.7240740740740741 0.7944444444444444 0.7222222222222222 0.7944444444444444 0.7203703703703703 0.7925925925925926 0.7148148148148148 0.7925925925925926 0.7129629629629629 0.7907407407407407 0.7111111111111111 0.7907407407407407 0.7092592592592593 0.7888888888888889 0.7074074074074074 0.7888888888888889 0.7055555555555556 0.7870370370370371 0.7018518518518518 0.7870370370370371 0.7 0.7851851851851852 0.6962962962962963 0.7851851851851852 0.6944444444444444 0.7833333333333333 0.6944444444444444 0.7777777777777778 0.6962962962962963 0.7759259259259259 0.7037037037037037 0.7759259259259259 0.7055555555555556 0.7777777777777778 0.7074074074074074 0.7777777777777778 0.7092592592592593 0.7796296296296297 0.7129629629629629 0.7796296296296297 0.7148148148148148 0.7814814814814814 0.7166666666666667 0.7814814814814814 0.7185185185185186 0.7833333333333333 0.7222222222222222 0.7833333333333333 0.7240740740740741 0.7851851851851852 0.7277777777777777 0.7851851851851852 0.7296296296296296 0.7870370370370371 0.7333333333333333 0.7870370370370371 0.7351851851851852 0.7888888888888889 0.737037037037037 0.7888888888888889 0.7388888888888889 0.7907407407407407 0.7425925925925926 0.7907407407407407 0.7444444444444445 0.7925925925925926 0.7462962962962963 0.7925925925925926 0.7481481481481481 0.7944444444444444 0.75 0.7944444444444444 0.7518518518518519 0.7962962962962963 0.7537037037037037 0.7962962962962963 0.7555555555555555 0.7981481481481482 0.7574074074074074 0.7981481481481482 0.7611111111111111 0.8018518518518518 0.7703703703703704 0.8018518518518518 0.7722222222222223 0.8 0.7814814814814814 0.8 0.7833333333333333 0.8018518518518518 0.8 0.8018518518518518 0.8055555555555556 0.7962962962962963 0.8055555555555556 0.7944444444444444 0.8074074074074075 0.7925925925925926 0.8074074074074075 0.7907407407407407 0.8092592592592592 0.7888888888888889 0.8092592592592592 0.7870370370370371 0.8111111111111111 0.7851851851851852 0.8166666666666667 0.7851851851851852 0.8185185185185185 0.7870370370370371 0.8185185185185185 0.7925925925925926 0.8166666666666667 0.7944444444444444 0.8166666666666667 0.7962962962962963 0.8148148148148148 0.7981481481481482 0.8148148148148148 0.8 0.812962962962963 0.8018518518518518 0.812962962962963 0.8037037037037037 0.8074074074074075 0.8092592592592592 0.8092592592592592 0.8111111111111111 0.8092592592592592 0.8203703703703704 0.8055555555555556 0.8240740740740741 0.8055555555555556 0.825925925925926 0.8037037037037037 0.8277777777777777 0.8018518518518518 0.8277777777777777 0.8 0.8296296296296296 0.7907407407407407 0.8296296296296296 0.7888888888888889 0.8314814814814815 0.7888888888888889 0.8333333333333334 0.7833333333333333 0.8388888888888889 0.837037037037037 0.8388888888888889 0.837037037037037 0.7925925925925926 0.8388888888888889 0.7907407407407407 0.8388888888888889 0.7851851851851852 0.837037037037037 0.7833333333333333 0.837037037037037 0.7574074074074074 0.8388888888888889 0.7555555555555555 0.8388888888888889 0.7462962962962963 0.837037037037037 0.7444444444444445 0.837037037037037 0.7333333333333333 0.8333333333333334 0.7333333333333333 0.8314814814814815 0.7314814814814815 0.8296296296296296 0.7314814814814815 0.8277777777777777 0.7296296296296296 0.7907407407407407 0.7296296296296296 0.7888888888888889 0.7314814814814815 0.7592592592592593 0.7314814814814815 0.7574074074074074 0.7296296296296296 0.7481481481481481 0.7296296296296296 0.7462962962962963 0.7314814814814815
0 0.9981481481481481 0.21296296296296297 0.9277777777777778 0.21296296296296297 0.9259259259259259 0.21481481481481482 0.9037037037037037 0.21481481481481482 0.9018518518518519 0.21666666666666667 0.8907407407407407 0.21666666666666667 0.8888888888888888 0.21851851851851853 0.8796296296296297 0.21851851851851853 0.8777777777777778 0.22037037037037038 0.8722222222222222 0.22037037037037038 0.8703703703703703 0.2222222222222222 0.8629629629629629 0.2222222222222222 0.8611111111111112 0.22407407407407406 0.8592592592592593 0.22407407407407406 0.8574074074074074 0.22592592592592592 0.8555555555555555 0.22592592592592592 0.8537037037037037 0.22777777777777777 0.8537037037037037 0.22962962962962963 0.8518518518518519 0.23148148148148148 0.8518518518518519 0.23333333333333334 0.85 0.2351851851851852 0.85 0.25 0.8481481481481481 0.2518518518518518 0.8481481481481481 0.25555555555555554 0.85 0.2574074074074074 0.85 0.32407407407407407 0.8629629629629629 0.32407407407407407 0.8648148148148148 0.32592592592592595 0.8833333333333333 0.32592592592592595 0.8851851851851852 0.3277777777777778 0.9351851851851852 0.3277777777777778 0.937037037037037 0.32592592592592595 0.9981481481481481 0.32592592592592595
0 0.8518518518518519 0.737037037037037 0.8518518518518519 0.7388888888888889 0.85 0.7407407407407407 0.85 0.812962962962963 0.8518518518518519 0.8148148148148148 0.8518518518518519 0.8240740740740741 0.8537037037037037 0.825925925925926 0.8537037037037037 0.8277777777777777 0.8555555555555555 0.8296296296296296 0.8574074074074074 0.8296296296296296 0.8592592592592593 0.8314814814814815 0.8629629629629629 0.8314814814814815 0.8648148148148148 0.8333333333333334 0.8685185185185185 0.8333333333333334 0.8703703703703703 0.8351851851851851 0.8796296296296297 0.8351851851851851 0.8814814814814815 0.837037037037037 0.9203703703703704 0.837037037037037 0.9222222222222223 0.8388888888888889 0.9611111111111111 0.8388888888888889 0.9629629629629629 0.8407407407407408 0.9981481481481481 0.8407407407407408 0.9981481481481481 0.7314814814814815 0.8703703703703703 0.7314814814814815 0.8685185185185185 0.7333333333333333 0.8555555555555555 0.7333333333333333
0 0.9981481481481481 0.4722222222222222 0.9629629629629629 0.4722222222222222 0.9611111111111111 0.4703703703703704 0.9592592592592593 0.4703703703703704 0.9574074074074074 0.4722222222222222 0.9148148148148149 0.4722222222222222 0.912962962962963 0.4740740740740741 0.8833333333333333 0.4740740740740741 0.8814814814814815 0.4759259259259259 0.8648148148148148 0.4759259259259259 0.8629629629629629 0.4777777777777778 0.8537037037037037 0.4777777777777778 0.8518518518518519 0.47962962962962963 0.8518518518518519 0.48148148148148145 0.85 0.48333333333333334 0.85 0.49074074074074076 0.8481481481481481 0.4925925925925926 0.8481481481481481 0.5740740740740741 0.85 0.575925925925926 0.8740740740740741 0.575925925925926 0.8759259259259259 0.5777777777777777 0.9074074074074074 0.5777777777777777 0.9092592592592592 0.5796296296296296 0.9148148148148149 0.5796296296296296 0.9166666666666666 0.5777777777777777 0.9388888888888889 0.5777777777777777 0.9407407407407408 0.575925925925926 0.9518518518518518 0.575925925925926 0.9537037037037037 0.5777777777777777 0.9555555555555556 0.575925925925926 0.9574074074074074 0.575925925925926 0.9592592592592593 0.5777777777777777 0.9666666666666667 0.5777777777777777 0.9685185185185186 0.575925925925926 0.9981481481481481 0.575925925925926
0 0.662962962962963 0 0.662962962962963 0.07407407407407407 0.8314814814814815 0.07407407407407407 0.8351851851851851 0.07037037037037037 0.8351851851851851 0.06851851851851852 0.8388888888888889 0.06481481481481481 0.8388888888888889 0.06296296296296296 0.8425925925925926 0.05925925925925926 0.8425925925925926 0.03518518518518519 0.8444444444444444 0.03333333333333333 0.8444444444444444 0.022222222222222223 0.8425925925925926 0.020370370370370372 0.8425925925925926 0.005555555555555556 0.8407407407407408 0.003703703703703704 0.8407407407407408 0
0 0.85 0 0.85 0.005555555555555556 0.8481481481481481 0.007407407407407408 0.8481481481481481 0.022222222222222223 0.85 0.024074074074074074 0.8481481481481481 0.025925925925925925 0.8481481481481481 0.04259259259259259 0.85 0.044444444444444446 0.85 0.05 0.8518518518518519 0.05185185185185185 0.8518518518518519 0.053703703703703705 0.8537037037037037 0.05555555555555555 0.8537037037037037 0.05740740740740741 0.8592592592592593 0.06296296296296296 0.8592592592592593 0.06481481481481481 0.8703703703703703 0.06481481481481481 0.8722222222222222 0.06666666666666667 0.8814814814814815 0.06666666666666667 0.8833333333333333 0.06851851851851852 0.8944444444444445 0.06851851851851852 0.8962962962962963 0.07037037037037037 0.8981481481481481 0.07037037037037037 0.9 0.06851851851851852 0.9037037037037037 0.06851851851851852 0.9055555555555556 0.07037037037037037 0.9166666666666666 0.07037037037037037 0.9185185185185185 0.06851851851851852 0.9314814814814815 0.06851851851851852 0.9333333333333333 0.07037037037037037 0.9351851851851852 0.06851851851851852 0.9574074074074074 0.06851851851851852 0.9592592592592593 0.06666666666666667 0.9611111111111111 0.06666666666666667 0.9629629629629629 0.06851851851851852 0.9981481481481481 0.06851851851851852 0.9981481481481481 0
0 0 0.48703703703703705 0 0.5888888888888889 0.024074074074074074 0.5888888888888889 0.025925925925925925 0.5907407407407408 0.027777777777777776 0.5888888888888889 0.02962962962962963 0.5888888888888889 0.03148148148148148 0.5907407407407408 0.08703703703703704 0.5907407407407408 0.08888888888888889 0.5888888888888889 0.08888888888888889 0.562962962962963 0.09074074074074075 0.5611111111111111 0.08888888888888889 0.5592592592592592 0.09074074074074075 0.5574074074074075 0.09074074074074075 0.5351851851851852 0.09259259259259259 0.5333333333333333 0.09259259259259259 0.5148148148148148 0.09074074074074075 0.512962962962963 0.09074074074074075 0.5055555555555555 0.08888888888888889 0.5037037037037037 0.08888888888888889 0.5018518518518519 0.08703703703703704 0.5 0.08703703703703704 0.4981481481481482 0.08518518518518518 0.4962962962962963 0.08518518518518518 0.49444444444444446 0.08333333333333333 0.4925925925925926 0.07962962962962963 0.4925925925925926 0.07777777777777778 0.49074074074074076 0.06666666666666667 0.49074074074074076 0.06481481481481481 0.4888888888888889 0.053703703703703705 0.4888888888888889 0.05185185185185185 0.48703703703703705 0.03518518518518519 0.48703703703703705 0.03333333333333333 0.48518518518518516 0.014814814814814815 0.48518518518518516 0.012962962962962963 0.48703703703703705
0 0 0.737037037037037 0 0.8425925925925926 0.044444444444444446 0.8425925925925926 0.046296296296296294 0.8407407407407408 0.05185185185185185 0.8407407407407408 0.053703703703703705 0.8388888888888889 0.05925925925925926 0.8388888888888889 0.06111111111111111 0.837037037037037 0.06666666666666667 0.837037037037037 0.06851851851851852 0.8351851851851851 0.07222222222222222 0.8351851851851851 0.07407407407407407 0.8333333333333334 0.07592592592592592 0.8333333333333334 0.07962962962962963 0.8296296296296296 0.08148148148148149 0.8296296296296296 0.08333333333333333 0.8277777777777777 0.08333333333333333 0.825925925925926 0.08518518518518518 0.8240740740740741 0.08518518518518518 0.8222222222222222 0.08703703703703704 0.8203703703703704 0.08703703703703704 0.8148148148148148 0.08888888888888889 0.812962962962963 0.08888888888888889 0.8 0.09074074074074075 0.7981481481481482 0.09074074074074075 0.7907407407407407 0.08888888888888889 0.7888888888888889 0.09074074074074075 0.7870370370370371 0.09074074074074075 0.7703703703703704 0.09259259259259259 0.7685185185185185 0.09259259259259259 0.75 0.09074074074074075 0.7481481481481481 0.09074074074074075 0.7388888888888889 0.08703703703703704 0.7388888888888889 0.08518518518518518 0.737037037037037
0 0 0.2222222222222222 0 0.3333333333333333 0.024074074074074074 0.3333333333333333 0.025925925925925925 0.3351851851851852 0.027777777777777776 0.3333333333333333 0.02962962962962963 0.3333333333333333 0.03148148148148148 0.3351851851851852 0.03333333333333333 0.3351851851851852 0.03518518518518519 0.3333333333333333 0.037037037037037035 0.3333333333333333 0.03888888888888889 0.3351851851851852 0.040740740740740744 0.3333333333333333 0.07962962962962963 0.3333333333333333 0.07962962962962963 0.3314814814814815 0.08148148148148149 0.3296296296296296 0.08148148148148149 0.30925925925925923 0.07962962962962963 0.3074074074074074 0.07962962962962963 0.3 0.08148148148148149 0.29814814814814816 0.07962962962962963 0.2962962962962963 0.07962962962962963 0.29259259259259257 0.08148148148148149 0.29074074074074074 0.08148148148148149 0.26851851851851855 0.07962962962962963 0.26666666666666666 0.08148148148148149 0.26481481481481484 0.08148148148148149 0.26296296296296295 0.07962962962962963 0.2611111111111111 0.07962962962962963 0.24814814814814815 0.08148148148148149 0.2462962962962963 0.08148148148148149 0.23703703703703705 0.07962962962962963 0.2351851851851852 0.07962962962962963 0.23148148148148148 0.07037037037037037 0.2222222222222222
0 0.9444444444444444 0.09444444444444444 0.937037037037037 0.10185185185185185 0.937037037037037 0.1037037037037037 0.9351851851851852 0.10555555555555556 0.9351851851851852 0.10925925925925926 0.9333333333333333 0.1111111111111111 0.9333333333333333 0.1814814814814815 0.9351851851851852 0.18333333333333332 0.9351851851851852 0.18888888888888888 0.937037037037037 0.19074074074074074 0.937037037037037 0.1925925925925926 0.9388888888888889 0.19444444444444445 0.9481481481481482 0.19444444444444445 0.95 0.1962962962962963 0.9888888888888889 0.1962962962962963 0.9907407407407407 0.19814814814814816 0.9925925925925926 0.19814814814814816 0.9944444444444445 0.1962962962962963 0.9962962962962963 0.1962962962962963 0.9981481481481481 0.19814814814814816 0.9981481481481481 0.09074074074074075 0.9592592592592593 0.09074074074074075 0.9574074074074074 0.09259259259259259 0.95 0.09259259259259259 0.9481481481481482 0.09444444444444444
0 0.9407407407407408 0.6074074074074074 0.9388888888888889 0.6092592592592593 0.9388888888888889 0.6111111111111112 0.937037037037037 0.6129629629629629 0.937037037037037 0.6185185185185185 0.9351851851851852 0.6203703703703703 0.9351851851851852 0.6240740740740741 0.937037037037037 0.6259259259259259 0.937037037037037 0.6592592592592592 0.9388888888888889 0.6611111111111111 0.9388888888888889 0.6703703703703704 0.937037037037037 0.6722222222222223 0.9388888888888889 0.674074074074074 0.9388888888888889 0.7055555555555556 0.9444444444444444 0.7055555555555556 0.9462962962962963 0.7074074074074074 0.9537037037037037 0.7074074074074074 0.9555555555555556 0.7092592592592593 0.9925925925925926 0.7092592592592593 0.9944444444444445 0.7074074074074074 0.9981481481481481 0.7074074074074074 0.9981481481481481 0.6037037037037037 0.9555555555555556 0.6037037037037037 0.9537037037037037 0.6055555555555555 0.9444444444444444 0.6055555555555555 0.9425925925925925 0.6074074074074074
0 0.9388888888888889 0.8592592592592593 0.9388888888888889 0.8722222222222222 0.937037037037037 0.8740740740740741 0.937037037037037 0.8759259259259259 0.9388888888888889 0.8777777777777778 0.9388888888888889 0.8907407407407407 0.937037037037037 0.8925925925925926 0.937037037037037 0.9018518518518519 0.9388888888888889 0.9037037037037037 0.9388888888888889 0.937037037037037 0.937037037037037 0.9388888888888889 0.937037037037037 0.9425925925925925 0.9388888888888889 0.9444444444444444 0.9388888888888889 0.9611111111111111 0.9425925925925925 0.9648148148148148 0.9444444444444444 0.9648148148148148 0.9518518518518518 0.9722222222222222 0.9574074074074074 0.9722222222222222 0.9592592592592593 0.9740740740740741 0.9666666666666667 0.9740740740740741 0.9666666666666667 0.9703703703703703 0.9685185185185186 0.9685185185185186 0.9814814814814815 0.9685185185185186 0.9833333333333333 0.9703703703703703 0.9962962962962963 0.9703703703703703 0.9981481481481481 0.9722222222222222 0.9981481481481481 0.9740740740740741 0.9981481481481481 0.9611111111111111 0.9962962962962963 0.9611111111111111 0.9944444444444445 0.9592592592592593 0.9925925925925926 0.9592592592592593 0.987037037037037 0.9537037037037037 0.987037037037037 0.9518518518518518 0.9814814814814815 0.9462962962962963 0.9814814814814815 0.9444444444444444 0.9796296296296296 0.9425925925925925 0.9796296296296296 0.9407407407407408 0.9777777777777777 0.9388888888888889 0.9777777777777777 0.937037037037037 0.975925925925926 0.9351851851851852 0.975925925925926 0.9314814814814815 0.9722222222222222 0.9277777777777778 0.9722222222222222 0.9259259259259259 0.9685185185185186 0.9222222222222223 0.9685185185185186 0.9185185185185185 0.9648148148148148 0.9148148148148149 0.9648148148148148 0.912962962962963 0.9555555555555556 0.9037037037037037 0.9555555555555556 0.9018518518518519 0.9537037037037037 0.9 0.9537037037037037 0.8944444444444445 0.9555555555555556 0.8925925925925926 0.9611111111111111 0.8925925925925926 0.9666666666666667 0.8981481481481481 0.9666666666666667 0.9 0.9722222222222222 0.9055555555555556 0.9722222222222222 0.9074074074074074 0.975925925925926 0.9111111111111111 0.975925925925926 0.912962962962963 0.9777777777777777 0.9148148148148149 0.9777777777777777 0.9166666666666666 0.9814814814814815 0.9203703703703704 0.9814814814814815 0.9222222222222223 0.9833333333333333 0.924074074074074 0.9833333333333333 0.9259259259259259 0.9851851851851852 0.9277777777777778 0.9851851851851852 0.9296296296296296 0.987037037037037 0.9314814814814815 0.987037037037037 0.9333333333333333 0.9907407407407407 0.937037037037037 0.9907407407407407 0.9388888888888889 0.9925925925925926 0.9407407407407408 0.9925925925925926 0.9425925925925925 0.9981481481481481 0.9481481481481482 0.9981481481481481 0.8592592592592593 0.9648148148148148 0.8592592592592593 0.9629629629629629 0.8611111111111112 0.9592592592592593 0.8611111111111112 0.9574074074074074 0.8592592592592593
0 0.9462962962962963 0.35555555555555557 0.9425925925925925 0.3592592592592593 0.9425925925925925 0.3611111111111111 0.9407407407407408 0.362962962962963 0.9407407407407408 0.3648148148148148 0.9388888888888889 0.36666666666666664 0.9388888888888889 0.3907407407407407 0.9407407407407408 0.3925925925925926 0.9407407407407408 0.44074074074074077 0.9425925925925925 0.4425925925925926 0.9425925925925925 0.4462962962962963 0.9444444444444444 0.44814814814814813 0.9462962962962963 0.44814814814814813 0.9481481481481482 0.45 0.9555555555555556 0.45 0.9574074074074074 0.45185185185185184 0.9703703703703703 0.45185185185185184 0.9722222222222222 0.4537037037037037 0.9981481481481481 0.4537037037037037 0.9981481481481481 0.35 0.9796296296296296 0.35 0.9777777777777777 0.35185185185185186 0.9611111111111111 0.35185185185185186 0.9592592592592593 0.3537037037037037 0.9518518518518518 0.3537037037037037 0.95 0.35555555555555557
0 0.3 0.9962962962962963 0.3 0.9981481481481481 0.6388888888888888 0.9981481481481481 0.6388888888888888 0.9944444444444445 0.6370370370370371 0.9925925925925926 0.6370370370370371 0.9888888888888889 0.6351851851851852 0.987037037037037 0.6296296296296297 0.987037037037037 0.6277777777777778 0.9851851851851852 0.5925925925925926 0.9851851851851852 0.5907407407407408 0.9833333333333333 0.5851851851851851 0.9833333333333333 0.5833333333333334 0.9851851851851852 0.575925925925926 0.9851851851851852 0.5740740740740741 0.9833333333333333 0.5703703703703704 0.9833333333333333 0.5685185185185185 0.9851851851851852 0.40925925925925927 0.9851851851851852 0.4074074074074074 0.9833333333333333 0.40185185185185185 0.9833333333333333 0.4 0.9851851851851852 0.3685185185185185 0.9851851851851852 0.36666666666666664 0.9833333333333333 0.3648148148148148 0.9851851851851852 0.3388888888888889 0.9851851851851852 0.337037037037037 0.987037037037037 0.31851851851851853 0.987037037037037 0.31666666666666665 0.9888888888888889 0.31296296296296294 0.9888888888888889 0.3111111111111111 0.9907407407407407 0.3055555555555556 0.9907407407407407
0 0.10555555555555556 0.9962962962962963 0.10555555555555556 0.9981481481481481 0.2777777777777778 0.9981481481481481 0.2777777777777778 0.9962962962962963 0.2759259259259259 0.9944444444444445 0.2759259259259259 0.9925925925925926 0.2740740740740741 0.9907407407407407 0.2740740740740741 0.9888888888888889 0.27037037037037037 0.9888888888888889 0.26851851851851855 0.987037037037037 0.2611111111111111 0.987037037037037 0.25925925925925924 0.9851851851851852 0.25555555555555554 0.9851851851851852 0.2537037037037037 0.987037037037037 0.2518518518518518 0.9851851851851852 0.24444444444444444 0.9851851851851852 0.24259259259259258 0.987037037037037 0.2388888888888889 0.987037037037037 0.23703703703703705 0.9851851851851852 0.21296296296296297 0.9851851851851852 0.2111111111111111 0.987037037037037 0.20925925925925926 0.9851851851851852 0.2074074074074074 0.987037037037037 0.20555555555555555 0.987037037037037 0.2037037037037037 0.9851851851851852 0.12777777777777777 0.9851851851851852 0.1259259259259259 0.987037037037037 0.12037037037037036 0.987037037037037 0.11851851851851852 0.9888888888888889 0.11481481481481481 0.9888888888888889 0.11296296296296296 0.9907407407407407 0.11296296296296296 0.9925925925925926 0.10925925925925926 0.9962962962962963
0 0.662962962962963 0.9888888888888889 0.662962962962963 0.9981481481481481 0.7944444444444444 0.9981481481481481 0.7962962962962963 0.9962962962962963 0.8111111111111111 0.9962962962962963 0.812962962962963 0.9981481481481481 0.8407407407407408 0.9981481481481481 0.8314814814814815 0.9888888888888889 0.825925925925926 0.9888888888888889 0.8240740740740741 0.987037037037037 0.8185185185185185 0.987037037037037 0.8166666666666667 0.9888888888888889 0.8148148148148148 0.9888888888888889 0.812962962962963 0.987037037037037 0.8111111111111111 0.9888888888888889 0.8092592592592592 0.9888888888888889 0.8074074074074075 0.987037037037037 0.7981481481481482 0.987037037037037 0.7962962962962963 0.9888888888888889 0.7222222222222222 0.9888888888888889 0.7203703703703703 0.987037037037037 0.7074074074074074 0.987037037037037 0.7055555555555556 0.9888888888888889 0.7037037037037037 0.9888888888888889 0.7018518518518518 0.987037037037037 0.7 0.9888888888888889
0 0.8537037037037037 0.987037037037037 0.8537037037037037 0.9981481481481481 0.9981481481481481 0.9981481481481481 0.9981481481481481 0.987037037037037 0.8851851851851852 0.987037037037037 0.8833333333333333 0.9851851851851852 0.8814814814814815 0.987037037037037 0.8648148148148148 0.987037037037037 0.8629629629629629 0.9851851851851852 0.8611111111111112 0.987037037037037
0 0 0.9907407407407407 0 0.9981481481481481 0.09259259259259259 0.9981481481481481 0.09074074074074075 0.9962962962962963 0.09074074074074075 0.9907407407407407
0 0 0.3592592592592593 0 0.46296296296296297 0.005555555555555556 0.46296296296296297 0.005555555555555556 0.4166666666666667 0.007407407407407408 0.4148148148148148 0.007407407407407408 0.40925925925925927 0.005555555555555556 0.4074074074074074 0.005555555555555556 0.40555555555555556 0.007407407407407408 0.40370370370370373 0.007407407407407408 0.39444444444444443 0.005555555555555556 0.3925925925925926 0.005555555555555556 0.3888888888888889 0.007407407407407408 0.387037037037037 0.007407407407407408 0.3851851851851852 0.005555555555555556 0.38333333333333336 0.005555555555555556 0.37407407407407406 0.007407407407407408 0.37222222222222223 0.007407407407407408 0.3685185185185185 0.005555555555555556 0.36666666666666664 0.005555555555555556 0.3611111111111111 0.003703703703703704 0.3611111111111111 0.001851851851851852 0.3592592592592593
0 0 0.6129629629629629 0 0.7111111111111111 0.003703703703703704 0.7111111111111111 0.005555555555555556 0.7092592592592593 0.005555555555555556 0.7074074074074074 0.003703703703703704 0.7055555555555556 0.005555555555555556 0.7037037037037037 0.005555555555555556 0.6407407407407407 0.007407407407407408 0.6388888888888888 0.007407407407407408 0.6314814814814815 0.005555555555555556 0.6296296296296297 0.005555555555555556 0.6240740740740741 0.003703703703703704 0.6222222222222222 0.003703703703703704 0.6185185185185185 0.001851851851851852 0.6166666666666667 0.001851851851851852 0.6148148148148148
0 0 0.8962962962962963 0.001851851851851852 0.8962962962962963 0.001851851851851852 0.937037037037037 0 0.937037037037037
1 0.12777777777777777 0.8685185185185185 0.12777777777777777 0.8796296296296297 0.1259259259259259 0.8814814814814815 0.1259259259259259 0.8833333333333333 0.12407407407407407 0.8851851851851852 0.12407407407407407 0.8870370370370371 0.12222222222222222 0.8888888888888888 0.12222222222222222 0.8925925925925926 0.12037037037037036 0.8944444444444445 0.12037037037037036 0.9 0.12222222222222222 0.9018518518518519 0.12222222222222222 0.9296296296296296 0.12037037037037036 0.9314814814814815 0.12037037037037036 0.9351851851851852 0.11851851851851852 0.937037037037037 0.11851851851851852 0.9425925925925925 0.12037037037037036 0.9444444444444444 0.12037037037037036 0.9462962962962963 0.12222222222222222 0.9481481481481482 0.12222222222222222 0.9629629629629629 0.12407407407407407 0.9648148148148148 0.12407407407407407 0.9666666666666667 0.13148148148148148 0.9666666666666667 0.13333333333333333 0.9685185185185186 0.13333333333333333 0.9722222222222222 0.13518518518518519 0.9703703703703703 0.30925925925925923 0.9703703703703703 0.3111111111111111 0.9685185185185186 0.32407407407407407 0.9685185185185186 0.32592592592592595 0.9666666666666667 0.34814814814814815 0.9666666666666667 0.35 0.9648148148148148 0.3537037037037037 0.9648148148148148 0.35555555555555557 0.9629629629629629 0.3574074074074074 0.9629629629629629 0.362962962962963 0.9574074074074074 0.362962962962963 0.9555555555555556 0.3648148148148148 0.9537037037037037 0.3648148148148148 0.95 0.36666666666666664 0.9481481481481482 0.36666666666666664 0.924074074074074 0.3648148148148148 0.9222222222222223 0.3648148148148148 0.8907407407407407 0.36666666666666664 0.8888888888888888 0.36666666666666664 0.8685185185185185 0.3648148148148148 0.8666666666666667 0.3648148148148148 0.8629629629629629 0.3611111111111111 0.8592592592592593 0.3592592592592593 0.8592592592592593 0.3574074074074074 0.8574074074074074 0.3351851851851852 0.8574074074074074 0.3333333333333333 0.8555555555555555 0.30185185185185187 0.8555555555555555 0.3 0.8574074074074074 0.2833333333333333 0.8574074074074074 0.2814814814814815 0.8555555555555555 0.1425925925925926 0.8555555555555555 0.13703703703703704 0.8611111111111112 0.13518518518518519 0.8611111111111112
1 0.3648148148148148 0.34814814814814815 0.362962962962963 0.34629629629629627 0.362962962962963 0.34444444444444444 0.3611111111111111 0.3425925925925926 0.2962962962962963 0.3425925925925926 0.29444444444444445 0.34074074074074073 0.2851851851851852 0.34074074074074073 0.2833333333333333 0.3425925925925926 0.1648148148148148 0.3425925925925926 0.16296296296296298 0.34444444444444444 0.1259259259259259 0.34444444444444444 0.1259259259259259 0.34814814814814815 0.12777777777777777 0.35 0.12777777777777777 0.3648148148148148 0.12037037037037036 0.37222222222222223 0.12037037037037036 0.3888888888888889 0.12222222222222222 0.3907407407407407 0.12222222222222222 0.40370370370370373 0.12037037037037036 0.40555555555555556 0.12037037037037036 0.4074074074074074 0.11666666666666667 0.4111111111111111 0.11666666666666667 0.412962962962963 0.1111111111111111 0.4185185185185185 0.1111111111111111 0.42777777777777776 0.10925925925925926 0.42962962962962964 0.10925925925925926 0.43333333333333335 0.1111111111111111 0.4351851851851852 0.1111111111111111 0.4425925925925926 0.11296296296296296 0.4425925925925926 0.11481481481481481 0.4444444444444444 0.12037037037037036 0.4444444444444444 0.12222222222222222 0.4462962962962963 0.1425925925925926 0.4462962962962963 0.14444444444444443 0.44814814814814813 0.1537037037037037 0.44814814814814813 0.15555555555555556 0.45 0.15555555555555556 0.4537037037037037 0.15925925925925927 0.4537037037037037 0.16111111111111112 0.45555555555555555 0.1648148148148148 0.45555555555555555 0.16666666666666666 0.4537037037037037 0.1685185185185185 0.45555555555555555 0.2 0.45555555555555555 0.20185185185185187 0.4537037037037037 0.35555555555555557 0.4537037037037037 0.362962962962963 0.4462962962962963 0.3648148148148148 0.4462962962962963 0.36666666666666664 0.4444444444444444 0.36666666666666664 0.3611111111111111 0.3648148148148148 0.3592592592592593
1 0.12407407407407407 0.08703703703703704 0.12407407407407407 0.09074074074074075 0.12222222222222222 0.09259259259259259 0.12222222222222222 0.10185185185185185 0.12407407407407407 0.1037037037037037 0.12407407407407407 0.11851851851851852 0.12222222222222222 0.12037037037037036 0.12222222222222222 0.12777777777777777 0.12037037037037036 0.12962962962962962 0.12037037037037036 0.15 0.11851851851851852 0.15185185185185185 0.11851851851851852 0.17407407407407408 0.12037037037037036 0.17592592592592593 0.12037037037037036 0.17777777777777778 0.12222222222222222 0.17962962962962964 0.12222222222222222 0.1814814814814815 0.12407407407407407 0.18333333333333332 0.12407407407407407 0.18518518518518517 0.12777777777777777 0.18888888888888888 0.12777777777777777 0.19074074074074074 0.13148148148148148 0.19444444444444445 0.13148148148148148 0.1962962962962963 0.13518518518518519 0.2 0.13518518518518519 0.2037037037037037 0.13703703703703704 0.2037037037037037 0.1388888888888889 0.20185185185185187 0.1962962962962963 0.20185185185185187 0.19814814814814816 0.2037037037037037 0.3296296296296296 0.2037037037037037 0.3314814814814815 0.20185185185185187 0.3425925925925926 0.20185185185185187 0.34444444444444444 0.2 0.35 0.2 0.3537037037037037 0.1962962962962963 0.3537037037037037 0.19444444444444445 0.35555555555555557 0.1925925925925926 0.35555555555555557 0.18888888888888888 0.3574074074074074 0.18703703703703703 0.3574074074074074 0.15555555555555556 0.35555555555555557 0.1537037037037037 0.3574074074074074 0.15185185185185185 0.3574074074074074 0.14629629629629629 0.35555555555555557 0.14444444444444443 0.35555555555555557 0.10925925925925926 0.3574074074074074 0.10740740740740741 0.3574074074074074 0.1037037037037037 0.35555555555555557 0.10185185185185185 0.35555555555555557 0.1 0.3537037037037037 0.09814814814814815 0.3537037037037037 0.09444444444444444 0.35185185185185186 0.09259259259259259 0.35185185185185186 0.08888888888888889 0.34074074074074073 0.08888888888888889 0.3388888888888889 0.09074074074074075 0.3074074074074074 0.09074074074074075 0.3055555555555556 0.08888888888888889 0.2759259259259259 0.08888888888888889 0.2740740740740741 0.09074074074074075 0.2222222222222222 0.09074074074074075 0.22037037037037038 0.09259259259259259 0.20555555555555555 0.09259259259259259 0.2037037037037037 0.09074074074074075 0.19814814814814816 0.09074074074074075 0.1962962962962963 0.08888888888888889 0.18518518518518517 0.08888888888888889 0.18333333333333332 0.08703703703703704 0.17037037037037037 0.08703703703703704 0.1685185185185185 0.08518518518518518 0.15185185185185185 0.08518518518518518 0.15 0.08333333333333333 0.13333333333333333 0.08333333333333333 0.13333333333333333 0.08518518518518518 0.13148148148148148 0.08703703703703704
1 0.12222222222222222 0.6259259259259259 0.12222222222222222 0.6277777777777778 0.12407407407407407 0.6296296296296297 0.12407407407407407 0.6537037037037037 0.12222222222222222 0.6555555555555556 0.12222222222222222 0.6574074074074074 0.12037037037037036 0.6592592592592592 0.12037037037037036 0.6648148148148149 0.1259259259259259 0.6703703703703704 0.1259259259259259 0.6722222222222223 0.12777777777777777 0.674074074074074 0.12777777777777777 0.6851851851851852 0.12962962962962962 0.687037037037037 0.12962962962962962 0.6944444444444444 0.1259259259259259 0.6981481481481482 0.1259259259259259 0.7037037037037037 0.12962962962962962 0.7074074074074074 0.14074074074074075 0.7074074074074074 0.1425925925925926 0.7092592592592593 0.1425925925925926 0.7111111111111111 0.3074074074074074 0.7111111111111111 0.30925925925925923 0.7092592592592593 0.337037037037037 0.7092592592592593 0.3388888888888889 0.7074074074074074 0.3592592592592593 0.7074074074074074 0.3611111111111111 0.7055555555555556 0.362962962962963 0.7055555555555556 0.3648148148148148 0.7037037037037037 0.3648148148148148 0.7018518518518518 0.36666666666666664 0.7 0.36666666666666664 0.6962962962962963 0.3685185185185185 0.6944444444444444 0.3685185185185185 0.6759259259259259 0.36666666666666664 0.674074074074074 0.36666666666666664 0.6277777777777778 0.3685185185185185 0.6259259259259259 0.3685185185185185 0.6148148148148148 0.36666666666666664 0.6129629629629629 0.36666666666666664 0.6092592592592593 0.362962962962963 0.6055555555555555 0.3611111111111111 0.6055555555555555 0.3592592592592593 0.6037037037037037 0.14074074074074075 0.6037037037037037 0.13703703703703704 0.6074074074074074 0.13333333333333333 0.6074074074074074 0.12962962962962962 0.6111111111111112 0.12962962962962962 0.6166666666666667 0.12777777777777777 0.6185185185185185 0.12777777777777777 0.6203703703703703
1 0.005555555555555556 0.09259259259259259 0 0.09814814814814815 0 0.11481481481481481 0.001851851851851852 0.11666666666666667 0.001851851851851852 0.11851851851851852 0 0.12037037037037036 0 0.1259259259259259 0.001851851851851852 0.12777777777777777 0.001851851851851852 0.13518518518518519 0.003703703703703704 0.13703703703703704 0.003703703703703704 0.17037037037037037 0.005555555555555556 0.17222222222222222 0.005555555555555556 0.17962962962962964 0.007407407407407408 0.1814814814814815 0.007407407407407408 0.18518518518518517 0.009259259259259259 0.18703703703703703 0.009259259259259259 0.18888888888888888 0.011111111111111112 0.19074074074074074 0.011111111111111112 0.1925925925925926 0.012962962962962963 0.19444444444444445 0.012962962962962963 0.1962962962962963 0.020370370370370372 0.2037037037037037 0.022222222222222223 0.2037037037037037 0.024074074074074074 0.20555555555555555 0.027777777777777776 0.20555555555555555 0.02962962962962963 0.2074074074074074 0.03333333333333333 0.2074074074074074 0.03518518518518519 0.20925925925925926 0.06666666666666667 0.20925925925925926 0.06851851851851852 0.2111111111111111 0.09259259259259259 0.2111111111111111 0.09259259259259259 0.20925925925925926 0.09444444444444444 0.2074074074074074 0.0962962962962963 0.2074074074074074 0.09814814814814815 0.20555555555555555 0.10925925925925926 0.20555555555555555 0.11296296296296296 0.20185185185185187 0.10740740740740741 0.1962962962962963 0.10740740740740741 0.19444444444444445 0.1037037037037037 0.19074074074074074 0.1037037037037037 0.18703703703703703 0.10185185185185185 0.18518518518518517 0.10185185185185185 0.1574074074074074 0.1037037037037037 0.15555555555555556 0.1037037037037037 0.13333333333333333 0.10555555555555556 0.13148148148148148 0.10555555555555556 0.1259259259259259 0.10740740740740741 0.12407407407407407 0.10740740740740741 0.12222222222222222 0.10925925925925926 0.12037037037037036 0.10740740740740741 0.11851851851851852 0.10740740740740741 0.11481481481481481 0.10555555555555556 0.11296296296296296 0.10555555555555556 0.10555555555555556 0.1037037037037037 0.1037037037037037 0.1037037037037037 0.08888888888888889 0.011111111111111112 0.08888888888888889 0.007407407407407408 0.09259259259259259
1 0.11296296296296296 0.6111111111111112 0.05925925925925926 0.6111111111111112 0.05740740740740741 0.6129629629629629 0.03888888888888889 0.6129629629629629 0.037037037037037035 0.6148148148148148 0.03333333333333333 0.6148148148148148 0.03148148148148148 0.6166666666666667 0.02962962962962963 0.6166666666666667 0.027777777777777776 0.6185185185185185 0.025925925925925925 0.6185185185185185 0.024074074074074074 0.6203703703703703 0.024074074074074074 0.6222222222222222 0.022222222222222223 0.6240740740740741 0.022222222222222223 0.6277777777777778 0.020370370370370372 0.6296296296296297 0.020370370370370372 0.6333333333333333 0.018518518518518517 0.6351851851851852 0.018518518518518517 0.6407407407407407 0.016666666666666666 0.6425925925925926 0.016666666666666666 0.6481481481481481 0.018518518518518517 0.65 0.018518518518518517 0.6685185185185185 0.016666666666666666 0.6703703703703704 0.016666666666666666 0.6796296296296296 0.014814814814814815 0.6814814814814815 0.014814814814814815 0.6888888888888889 0.012962962962962963 0.6907407407407408 0.012962962962962963 0.7 0.011111111111111112 0.7018518518518518 0.011111111111111112 0.7185185185185186 0.046296296296296294 0.7185185185185186 0.04814814814814815 0.7166666666666667 0.07222222222222222 0.7166666666666667 0.07407407407407407 0.7185185185185186 0.10185185185185185 0.7185185185185186 0.1037037037037037 0.7166666666666667 0.10555555555555556 0.7166666666666667 0.10740740740740741 0.7148148148148148 0.10740740740740741 0.7129629629629629 0.10555555555555556 0.7111111111111111 0.10555555555555556 0.7 0.10740740740740741 0.6981481481481482 0.10740740740740741 0.6962962962962963 0.10925925925925926 0.6944444444444444 0.10925925925925926 0.687037037037037 0.10740740740740741 0.6851851851851852 0.10740740740740741 0.6833333333333333 0.10555555555555556 0.6814814814814815 0.10555555555555556 0.6759259259259259 0.10740740740740741 0.674074074074074 0.10555555555555556 0.6722222222222223 0.10555555555555556 0.6537037037037037 0.10925925925925926 0.65 0.10925925925925926 0.6462962962962963 0.10555555555555556 0.6425925925925926 0.10555555555555556 0.6388888888888888 0.1037037037037037 0.6370370370370371 0.1037037037037037 0.6259259259259259 0.11296296296296296 0.6166666666666667
1 0.03333333333333333 0.8722222222222222 0.025925925925925925 0.8796296296296297 0.025925925925925925 0.8814814814814815 0.022222222222222223 0.8851851851851852 0.020370370370370372 0.8851851851851852 0.018518518518518517 0.8870370370370371 0.018518518518518517 0.8962962962962963 0.020370370370370372 0.8981481481481481 0.020370370370370372 0.9 0.022222222222222223 0.9018518518518519 0.022222222222222223 0.9111111111111111 0.020370370370370372 0.912962962962963 0.020370370370370372 0.9185185185185185 0.018518518518518517 0.9203703703703704 0.018518518518518517 0.9222222222222223 0.016666666666666666 0.924074074074074 0.016666666666666666 0.9259259259259259 0.014814814814814815 0.9277777777777778 0.014814814814814815 0.9351851851851852 0.012962962962962963 0.937037037037037 0.012962962962962963 0.95 0.011111111111111112 0.9518518518518518 0.011111111111111112 0.9611111111111111 0.009259259259259259 0.9629629629629629 0.009259259259259259 0.975925925925926 0.018518518518518517 0.975925925925926 0.020370370370370372 0.9777777777777777 0.1037037037037037 0.9777777777777777 0.10555555555555556 0.975925925925926 0.10740740740740741 0.975925925925926 0.1111111111111111 0.9722222222222222 0.1037037037037037 0.9722222222222222 0.10185185185185185 0.9703703703703703 0.10185185185185185 0.9574074074074074 0.1 0.9555555555555556 0.1 0.9462962962962963 0.10185185185185185 0.9444444444444444 0.10185185185185185 0.9314814814814815 0.1037037037037037 0.9296296296296296 0.1037037037037037 0.9277777777777778 0.10555555555555556 0.9259259259259259 0.10555555555555556 0.924074074074074 0.10185185185185185 0.9203703703703704 0.10185185185185185 0.9111111111111111 0.1 0.9092592592592592 0.1 0.9 0.10185185185185185 0.8981481481481481 0.10185185185185185 0.8944444444444445 0.10555555555555556 0.8907407407407407 0.10555555555555556 0.8888888888888888 0.10740740740740741 0.8870370370370371 0.10740740740740741 0.8814814814814815 0.10925925925925926 0.8796296296296297 0.10925925925925926 0.8722222222222222 0.07592592592592592 0.8722222222222222 0.07407407407407407 0.8740740740740741 0.046296296296296294 0.8740740740740741 0.044444444444444446 0.8722222222222222
1 0.10185185185185185 0.3537037037037037 0.1 0.3537037037037037 0.09814814814814815 0.35185185185185186 0.07592592592592592 0.35185185185185186 0.07407407407407407 0.3537037037037037 0.07037037037037037 0.3537037037037037 0.06851851851851852 0.35555555555555557 0.020370370370370372 0.35555555555555557 0.018518518518518517 0.3574074074074074 0.014814814814814815 0.3574074074074074 0.012962962962962963 0.3592592592592593 0.012962962962962963 0.3814814814814815 0.014814814814814815 0.38333333333333336 0.014814814814814815 0.3851851851851852 0.018518518518518517 0.3814814814814815 0.02962962962962963 0.3814814814814815 0.03333333333333333 0.3851851851851852 0.040740740740740744 0.3851851851851852 0.046296296296296294 0.37962962962962965 0.05185185185185185 0.37962962962962965 0.053703703703703705 0.37777777777777777 0.06111111111111111 0.37777777777777777 0.06666666666666667 0.38333333333333336 0.07037037037037037 0.38333333333333336 0.07222222222222222 0.3851851851851852 0.07222222222222222 0.3907407407407407 0.07407407407407407 0.3907407407407407 0.07592592592592592 0.3925925925925926 0.07592592592592592 0.3962962962962963 0.07407407407407407 0.39814814814814814 0.07037037037037037 0.39814814814814814 0.06851851851851852 0.3962962962962963 0.06851851851851852 0.39444444444444443 0.06481481481481481 0.39444444444444443 0.06296296296296296 0.3962962962962963 0.053703703703703705 0.3962962962962963 0.05 0.3925925925925926 0.046296296296296294 0.3925925925925926 0.044444444444444446 0.39444444444444443 0.027777777777777776 0.39444444444444443 0.025925925925925925 0.3962962962962963 0.020370370370370372 0.3962962962962963 0.018518518518518517 0.39444444444444443 0.018518518518518517 0.3907407407407407 0.018518518518518517 0.43333333333333335 0.016666666666666666 0.4351851851851852 0.016666666666666666 0.4388888888888889 0.014814814814814815 0.44074074074074077 0.014814814814814815 0.4425925925925926 0.012962962962962963 0.4444444444444444 0.012962962962962963 0.45925925925925926 0.014814814814814815 0.46111111111111114 0.020370370370370372 0.46111111111111114 0.022222222222222223 0.46296296296296297 0.1037037037037037 0.46296296296296297 0.1037037037037037 0.45740740740740743 0.10185185185185185 0.45740740740740743 0.1 0.45555555555555555 0.09814814814814815 0.45555555555555555 0.0962962962962963 0.4537037037037037 0.09074074074074075 0.4537037037037037 0.08888888888888889 0.45185185185185184 0.08888888888888889 0.43148148148148147 0.09259259259259259 0.42777777777777776 0.09259259259259259 0.4185185185185185 0.09444444444444444 0.4166666666666667 0.09444444444444444 0.4148148148148148 0.09814814814814815 0.4111111111111111 0.09814814814814815 0.40925925925925927 0.10185185185185185 0.40555555555555556 0.10185185185185185 0.3962962962962963 0.1 0.39444444444444443 0.1 0.3888888888888889 0.10185185185185185 0.387037037037037 0.10185185185185185 0.3814814814814815 0.1037037037037037 0.37962962962962965 0.1037037037037037 0.3685185185185185 0.10740740740740741 0.3648148148148148 0.10185185185185185 0.3592592592592593
2 0.16296296296296298 0.8407407407407408 0.11296296296296296 0.8407407407407408 0.11296296296296296 0.8481481481481481 0.10925925925925926 0.8518518518518519 0.09444444444444444 0.8518518518518519 0.09259259259259259 0.8537037037037037 0.09074074074074075 0.8537037037037037 0.08888888888888889 0.8518518518518519 0.07777777777777778 0.8518518518518519 0.07592592592592592 0.8537037037037037 0.07037037037037037 0.8537037037037037 0.06851851851851852 0.8555555555555555 0.05185185185185185 0.8555555555555555 0.05 0.8537037037037037 0.04814814814814815 0.8537037037037037 0.046296296296296294 0.8518518518518519 0.03333333333333333 0.8518518518518519 0.03148148148148148 0.8537037037037037 0.027777777777777776 0.8537037037037037 0.025925925925925925 0.8555555555555555 0.024074074074074074 0.8555555555555555 0.022222222222222223 0.8574074074074074 0.020370370370370372 0.8574074074074074 0.018518518518518517 0.8592592592592593 0.016666666666666666 0.8592592592592593 0.012962962962962963 0.8629629629629629 0.012962962962962963 0.8648148148148148 0 0.8777777777777778 0 0.8944444444444445 0.001851851851851852 0.8962962962962963 0.001851851851851852 0.937037037037037 0 0.9388888888888889 0.001851851851851852 0.9407407407407408 0.001851851851851852 0.9425925925925925 0.003703703703703704 0.9444444444444444 0.001851851851851852 0.9462962962962963 0.001851851851851852 0.9629629629629629 0.007407407407407408 0.9629629629629629 0.009259259259259259 0.9611111111111111 0.009259259259259259 0.9462962962962963 0.007407407407407408 0.9444444444444444 0.007407407407407408 0.9425925925925925 0.005555555555555556 0.9425925925925925 0.003703703703703704 0.9407407407407408 0.005555555555555556 0.9388888888888889 0.005555555555555556 0.937037037037037 0.007407407407407408 0.9351851851851852 0.007407407407407408 0.9333333333333333 0.014814814814814815 0.9259259259259259 0.014814814814814815 0.924074074074074 0.016666666666666666 0.9222222222222223 0.016666666666666666 0.9203703703703704 0.018518518518518517 0.9185185185185185 0.018518518518518517 0.912962962962963 0.020370370370370372 0.9111111111111111 0.020370370370370372 0.9018518518518519 0.018518518518518517 0.9 0.018518518518518517 0.8981481481481481 0.016666666666666666 0.8962962962962963 0.016666666666666666 0.8870370370370371 0.020370370370370372 0.8833333333333333 0.022222222222222223 0.8833333333333333 0.024074074074074074 0.8814814814814815 0.024074074074074074 0.8796296296296297 0.03333333333333333 0.8703703703703703 0.044444444444444446 0.8703703703703703 0.046296296296296294 0.8722222222222222 0.07407407407407407 0.8722222222222222 0.07592592592592592 0.8703703703703703 0.10925925925925926 0.8703703703703703 0.1111111111111111 0.8722222222222222 0.1111111111111111 0.8796296296296297 0.10925925925925926 0.8814814814814815 0.10925925925925926 0.8870370370370371 0.10740740740740741 0.8888888888888888 0.10740740740740741 0.8907407407407407 0.1037037037037037 0.8944444444444445 0.1037037037037037 0.8981481481481481 0.10185185185185185 0.9 0.10185185185185185 0.9092592592592592 0.1037037037037037 0.9111111111111111 0.1037037037037037 0.9203703703703704 0.10740740740740741 0.924074074074074 0.10740740740740741 0.9259259259259259 0.10555555555555556 0.9277777777777778 0.10555555555555556 0.9296296296296296 0.1037037037037037 0.9314814814814815 0.1037037037037037 0.9444444444444444 0.10185185185185185 0.9462962962962963 0.10185185185185185 0.9555555555555556 0.1037037037037037 0.9574074074074074 0.1037037037037037 0.9703703703703703 0.11296296296296296 0.9703703703703703 0.11481481481481481 0.9685185185185186 0.11666666666666667 0.9703703703703703 0.11666666666666667 0.9722222222222222 0.11481481481481481 0.9740740740740741 0.11481481481481481 0.975925925925926 0.11296296296296296 0.9777777777777777 0.1111111111111111 0.9777777777777777 0.10555555555555556 0.9833333333333333 0.10555555555555556 0.9944444444444445 0.10925925925925926 0.9944444444444445 0.1111111111111111 0.9925925925925926 0.1111111111111111 0.9907407407407407 0.11481481481481481 0.987037037037037 0.11851851851851852 0.987037037037037 0.11851851851851852 0.9851851851851852 0.1259259259259259 0.9777777777777777 0.12777777777777777 0.9777777777777777 0.12962962962962962 0.975925925925926 0.12962962962962962 0.9740740740740741 0.13148148148148148 0.9722222222222222 0.13148148148148148 0.9685185185185186 0.12407407407407407 0.9685185185185186 0.12222222222222222 0.9666666666666667 0.12222222222222222 0.9648148148148148 0.12037037037037036 0.9629629629629629 0.12037037037037036 0.9481481481481482 0.11851851851851852 0.9462962962962963 0.11851851851851852 0.9444444444444444 0.11666666666666667 0.9425925925925925 0.11666666666666667 0.937037037037037 0.11851851851851852 0.9351851851851852 0.11851851851851852 0.9314814814814815 0.12037037037037036 0.9296296296296296 0.12037037037037036 0.9018518518518519 0.11851851851851852 0.9 0.11851851851851852 0.8944444444444445 0.12037037037037036 0.8925925925925926 0.12037037037037036 0.8888888888888888 0.12222222222222222 0.8870370370370371 0.12222222222222222 0.8851851851851852 0.12407407407407407 0.8833333333333333 0.12407407407407407 0.8814814814814815 0.1259259259259259 0.8796296296296297 0.1259259259259259 0.8685185185185185 0.13518518518518519 0.8592592592592593 0.13703703703703704 0.8592592592592593 0.1425925925925926 0.8537037037037037 0.14444444444444443 0.8537037037037037 0.14629629629629629 0.8518518518518519 0.14814814814814814 0.8518518518518519 0.15 0.85 0.15185185185185185 0.85 0.1537037037037037 0.8481481481481481 0.15555555555555556 0.8481481481481481 0.1574074074074074 0.8462962962962963 0.15925925925925927 0.8462962962962963 0.16111111111111112 0.8444444444444444 0.16296296296296298 0.8444444444444444
2 0.09814814814814815 0.31851851851851853 0.09814814814814815 0.32407407407407407 0.1 0.32592592592592595 0.1 0.3351851851851852 0.10185185185185185 0.337037037037037 0.10185185185185185 0.3388888888888889 0.1037037037037037 0.34074074074074073 0.1037037037037037 0.3425925925925926 0.10555555555555556 0.34444444444444444 0.10555555555555556 0.35185185185185186 0.1037037037037037 0.3537037037037037 0.1037037037037037 0.3592592592592593 0.10925925925925926 0.3648148148148148 0.10555555555555556 0.3685185185185185 0.10555555555555556 0.37962962962962965 0.1037037037037037 0.3814814814814815 0.1037037037037037 0.387037037037037 0.10185185185185185 0.3888888888888889 0.10185185185185185 0.39444444444444443 0.1037037037037037 0.3962962962962963 0.1037037037037037 0.40555555555555556 0.1 0.40925925925925927 0.1 0.4111111111111111 0.0962962962962963 0.4148148148148148 0.0962962962962963 0.4166666666666667 0.09444444444444444 0.4185185185185185 0.09444444444444444 0.42777777777777776 0.09074074074074075 0.43148148148148147 0.09074074074074075 0.45185185185185184 0.0962962962962963 0.45185185185185184 0.09814814814814815 0.4537037037037037 0.1 0.4537037037037037 0.10185185185185185 0.45555555555555555 0.1037037037037037 0.45555555555555555 0.10555555555555556 0.45740740740740743 0.10555555555555556 0.4648148148148148 0.10740740740740741 0.4666666666666667 0.10740740740740741 0.4759259259259259 0.10555555555555556 0.4777777777777778 0.10555555555555556 0.48148148148148145 0.11296296296296296 0.48148148148148145 0.11481481481481481 0.47962962962962963 0.12777777777777777 0.47962962962962963 0.12962962962962962 0.4777777777777778 0.13148148148148148 0.4777777777777778 0.13518518518518519 0.4740740740740741 0.13703703703703704 0.4740740740740741 0.1388888888888889 0.4722222222222222 0.14074074074074075 0.4722222222222222 0.15 0.46296296296296297 0.15 0.46111111111111114 0.15185185185185185 0.45925925925925926 0.15185185185185185 0.45740740740740743 0.1537037037037037 0.45555555555555555 0.1537037037037037 0.45 0.14444444444444443 0.45 0.1425925925925926 0.44814814814814813 0.12222222222222222 0.44814814814814813 0.12037037037037036 0.4462962962962963 0.11481481481481481 0.4462962962962963 0.11296296296296296 0.4444444444444444 0.1111111111111111 0.4444444444444444 0.10925925925925926 0.4425925925925926 0.10925925925925926 0.4351851851851852 0.10740740740740741 0.43333333333333335 0.10740740740740741 0.42962962962962964 0.10925925925925926 0.42777777777777776 0.10925925925925926 0.4185185185185185 0.11481481481481481 0.412962962962963 0.11481481481481481 0.4111111111111111 0.11851851851851852 0.4074074074074074 0.11851851851851852 0.40555555555555556 0.12037037037037036 0.40370370370370373 0.12037037037037036 0.3907407407407407 0.11851851851851852 0.3888888888888889 0.11851851851851852 0.37222222222222223 0.1259259259259259 0.3648148148148148 0.1259259259259259 0.35 0.12407407407407407 0.34814814814814815 0.12407407407407407 0.3425925925925926 0.12222222222222222 0.34074074074074073 0.12222222222222222 0.3296296296296296 0.12037037037037036 0.3277777777777778 0.12037037037037036 0.32592592592592595 0.11296296296296296 0.32592592592592595 0.1111111111111111 0.32407407407407407 0.10925925925925926 0.32407407407407407 0.1037037037037037 0.31851851851851853
2 0.13148148148148148 0.5796296296296296 0.1111111111111111 0.5796296296296296 0.1111111111111111 0.5833333333333334 0.11296296296296296 0.5851851851851851 0.11296296296296296 0.587037037037037 0.11481481481481481 0.5888888888888889 0.11481481481481481 0.5925925925925926 0.11666666666666667 0.5944444444444444 0.11666666666666667 0.5981481481481481 0.1259259259259259 0.6074074074074074 0.1259259259259259 0.6092592592592593 0.12407407407407407 0.6111111111111112 0.11481481481481481 0.6111111111111112 0.11481481481481481 0.6166666666666667 0.10555555555555556 0.6259259259259259 0.10555555555555556 0.6370370370370371 0.10740740740740741 0.6388888888888888 0.10740740740740741 0.6425925925925926 0.1111111111111111 0.6462962962962963 0.1111111111111111 0.65 0.10740740740740741 0.6537037037037037 0.10740740740740741 0.6722222222222223 0.10925925925925926 0.674074074074074 0.10740740740740741 0.6759259259259259 0.10740740740740741 0.6814814814814815 0.10925925925925926 0.6833333333333333 0.10925925925925926 0.6851851851851852 0.1111111111111111 0.687037037037037 0.1111111111111111 0.6944444444444444 0.10925925925925926 0.6962962962962963 0.10925925925925926 0.6981481481481482 0.10740740740740741 0.7 0.10740740740740741 0.7111111111111111 0.10925925925925926 0.7129629629629629 0.10925925925925926 0.7240740740740741 0.1111111111111111 0.725925925925926 0.1111111111111111 0.7296296296296296 0.10925925925925926 0.7314814814814815 0.10925925925925926 0.7351851851851852 0.11666666666666667 0.7351851851851852 0.11851851851851852 0.7333333333333333 0.1259259259259259 0.7333333333333333 0.1259259259259259 0.7314814814814815 0.12777777777777777 0.7296296296296296 0.12777777777777777 0.7277777777777777 0.13148148148148148 0.7240740740740741 0.13333333333333333 0.7240740740740741 0.14074074074074075 0.7166666666666667 0.14074074074074075 0.7092592592592593 0.12962962962962962 0.7092592592592593 0.12407407407407407 0.7037037037037037 0.12407407407407407 0.6981481481481482 0.12777777777777777 0.6944444444444444 0.12777777777777777 0.687037037037037 0.1259259259259259 0.6851851851851852 0.1259259259259259 0.674074074074074 0.12407407407407407 0.6722222222222223 0.12407407407407407 0.6703703703703704 0.11851851851851852 0.6648148148148149 0.11851851851851852 0.6592592592592592 0.12037037037037036 0.6574074074074074 0.12037037037037036 0.6555555555555556 0.12222222222222222 0.6537037037037037 0.12222222222222222 0.6296296296296297 0.12037037037037036 0.6277777777777778 0.12037037037037036 0.6259259259259259 0.1259259259259259 0.6203703703703703 0.1259259259259259 0.6185185185185185 0.12777777777777777 0.6166666666666667 0.12777777777777777 0.6111111111111112 0.13333333333333333 0.6055555555555555 0.13703703703703704 0.6055555555555555 0.1388888888888889 0.6037037037037037 0.1388888888888889 0.6 0.14074074074074075 0.5981481481481481 0.14074074074074075 0.5944444444444444 0.1388888888888889 0.5925925925925926 0.1388888888888889 0.5888888888888889 0.13703703703703704 0.587037037037037 0.13703703703703704 0.5851851851851851 0.13518518518518519 0.5833333333333334 0.13333333333333333 0.5833333333333334 0.13148148148148148 0.5814814814814815
2 0.10925925925925926 0.07222222222222222 0.10925925925925926 0.08703703703703704 0.10740740740740741 0.08888888888888889 0.10555555555555556 0.08888888888888889 0.10555555555555556 0.1037037037037037 0.10740740740740741 0.10555555555555556 0.10740740740740741 0.11296296296296296 0.10925925925925926 0.11481481481481481 0.10925925925925926 0.11851851851851852 0.1111111111111111 0.12037037037037036 0.10925925925925926 0.12222222222222222 0.10925925925925926 0.12407407407407407 0.10740740740740741 0.1259259259259259 0.10740740740740741 0.13148148148148148 0.10555555555555556 0.13333333333333333 0.10555555555555556 0.15555555555555556 0.1037037037037037 0.1574074074074074 0.1037037037037037 0.18518518518518517 0.10555555555555556 0.18703703703703703 0.10555555555555556 0.19074074074074074 0.10925925925925926 0.19444444444444445 0.10925925925925926 0.1962962962962963 0.11481481481481481 0.20185185185185187 0.10925925925925926 0.2074074074074074 0.09814814814814815 0.2074074074074074 0.0962962962962963 0.20925925925925926 0.09444444444444444 0.20925925925925926 0.09444444444444444 0.21296296296296297 0.09814814814814815 0.21296296296296297 0.1 0.2111111111111111 0.11666666666666667 0.2111111111111111 0.11851851851851852 0.21296296296296297 0.12777777777777777 0.21296296296296297 0.12962962962962962 0.2111111111111111 0.13333333333333333 0.2111111111111111 0.13333333333333333 0.2 0.12962962962962962 0.1962962962962963 0.12962962962962962 0.19444444444444445 0.1259259259259259 0.19074074074074074 0.1259259259259259 0.18888888888888888 0.12222222222222222 0.18518518518518517 0.12222222222222222 0.18333333333333332 0.12037037037037036 0.1814814814814815 0.12037037037037036 0.17962962962962964 0.11851851851851852 0.17777777777777778 0.11851851851851852 0.17592592592592593 0.11666666666666667 0.17407407407407408 0.11666666666666667 0.15185185185185185 0.11851851851851852 0.15 0.11851851851851852 0.12962962962962962 0.12037037037037036 0.12777777777777777 0.12037037037037036 0.12037037037037036 0.12222222222222222 0.11851851851851852 0.12222222222222222 0.1037037037037037 0.12037037037037036 0.10185185185185185 0.12037037037037036 0.09259259259259259 0.12222222222222222 0.09074074074074075 0.12222222222222222 0.08703703703703704 0.12407407407407407 0.08518518518518518 0.13148148148148148 0.08518518518518518 0.13148148148148148 0.08148148148148149 0.12962962962962962 0.07962962962962963 0.12962962962962962 0.07592592592592592 0.11666666666666667 0.07592592592592592 0.11296296296296296 0.07222222222222222
2 0.6962962962962963 0.7777777777777778 0.6962962962962963 0.7833333333333333 0.7 0.7833333333333333 0.7018518518518518 0.7851851851851852 0.7055555555555556 0.7851851851851852 0.7074074074074074 0.7870370370370371 0.7092592592592593 0.7870370370370371 0.7111111111111111 0.7888888888888889 0.7129629629629629 0.7888888888888889 0.7148148148148148 0.7907407407407407 0.7203703703703703 0.7907407407407407 0.7222222222222222 0.7925925925925926 0.7240740740740741 0.7925925925925926 0.725925925925926 0.7944444444444444 0.7296296296296296 0.7944444444444444 0.7314814814814815 0.7962962962962963 0.7351851851851852 0.7962962962962963 0.737037037037037 0.7981481481481482 0.7388888888888889 0.7981481481481482 0.7407407407407407 0.8 0.7425925925925926 0.8 0.7444444444444445 0.8018518518518518 0.7462962962962963 0.8018518518518518 0.7481481481481481 0.8037037037037037 0.75 0.8037037037037037 0.7518518518518519 0.8055555555555556 0.7537037037037037 0.8055555555555556 0.7555555555555555 0.8074074074074075 0.7574074074074074 0.8074074074074075 0.762962962962963 0.812962962962963 0.7648148148148148 0.812962962962963 0.774074074074074 0.8222222222222222 0.7759259259259259 0.8222222222222222 0.7796296296296297 0.825925925925926 0.7796296296296297 0.8296296296296296 0.7777777777777778 0.8314814814814815 0.7777777777777778 0.8333333333333334 0.774074074074074 0.837037037037037 0.774074074074074 0.8407407407407408 0.7814814814814814 0.8407407407407408 0.7814814814814814 0.8388888888888889 0.7870370370370371 0.8333333333333334 0.7870370370370371 0.8314814814814815 0.7907407407407407 0.8277777777777777 0.8 0.8277777777777777 0.8018518518518518 0.825925925925926 0.8037037037037037 0.825925925925926 0.8037037037037037 0.8240740740740741 0.8074074074074075 0.8203703703703704 0.8074074074074075 0.8111111111111111 0.8055555555555556 0.8092592592592592 0.8111111111111111 0.8037037037037037 0.8111111111111111 0.8018518518518518 0.812962962962963 0.8 0.812962962962963 0.7981481481481482 0.8148148148148148 0.7962962962962963 0.8148148148148148 0.7944444444444444 0.8166666666666667 0.7925925925925926 0.8166666666666667 0.7870370370370371 0.8111111111111111 0.7870370370370371 0.8111111111111111 0.7888888888888889 0.8092592592592592 0.7907407407407407 0.8092592592592592 0.7925925925925926 0.8074074074074075 0.7944444444444444 0.8074074074074075 0.7962962962962963 0.8 0.8037037037037037 0.7833333333333333 0.8037037037037037 0.7814814814814814 0.8018518518518518 0.7722222222222223 0.8018518518518518 0.7703703703703704 0.8037037037037037 0.7611111111111111 0.8037037037037037 0.7574074074074074 0.8 0.7555555555555555 0.8 0.7537037037037037 0.7981481481481482 0.7518518518518519 0.7981481481481482 0.75 0.7962962962962963 0.7481481481481481 0.7962962962962963 0.7462962962962963 0.7944444444444444 0.7444444444444445 0.7944444444444444 0.7425925925925926 0.7925925925925926 0.7388888888888889 0.7925925925925926 0.737037037037037 0.7907407407407407 0.7351851851851852 0.7907407407407407 0.7333333333333333 0.7888888888888889 0.7296296296296296 0.7888888888888889 0.7277777777777777 0.7870370370370371 0.7240740740740741 0.7870370370370371 0.7222222222222222 0.7851851851851852 0.7185185185185186 0.7851851851851852 0.7166666666666667 0.7833333333333333 0.7148148148148148 0.7833333333333333 0.7129629629629629 0.7814814814814814 0.7092592592592593 0.7814814814814814 0.7074074074074074 0.7796296296296297 0.7055555555555556 0.7796296296296297 0.7037037037037037 0.7777777777777778
2 0.9555555555555556 0.8944444444444445 0.9555555555555556 0.9 0.9574074074074074 0.9018518518518519 0.9574074074074074 0.9037037037037037 0.9666666666666667 0.912962962962963 0.9666666666666667 0.9148148148148149 0.9703703703703703 0.9185185185185185 0.9703703703703703 0.9222222222222223 0.9740740740740741 0.9259259259259259 0.9740740740740741 0.9277777777777778 0.9777777777777777 0.9314814814814815 0.9777777777777777 0.9351851851851852 0.9796296296296296 0.937037037037037 0.9796296296296296 0.9388888888888889 0.9814814814814815 0.9407407407407408 0.9814814814814815 0.9425925925925925 0.9833333333333333 0.9444444444444444 0.9833333333333333 0.9462962962962963 0.9888888888888889 0.9518518518518518 0.9888888888888889 0.9537037037037037 0.9925925925925926 0.9574074074074074 0.9944444444444445 0.9574074074074074 0.9962962962962963 0.9592592592592593 0.9981481481481481 0.9592592592592593 0.9981481481481481 0.95 0.9907407407407407 0.9425925925925925 0.9907407407407407 0.9407407407407408 0.9888888888888889 0.9388888888888889 0.9888888888888889 0.937037037037037 0.9851851851851852 0.9333333333333333 0.9851851851851852 0.9314814814814815 0.9833333333333333 0.9296296296296296 0.9833333333333333 0.9277777777777778 0.9814814814814815 0.9259259259259259 0.9814814814814815 0.924074074074074 0.9796296296296296 0.9222222222222223 0.9796296296296296 0.9203703703703704 0.975925925925926 0.9166666666666666 0.975925925925926 0.9148148148148149 0.9740740740740741 0.912962962962963 0.9740740740740741 0.9111111111111111 0.9703703703703703 0.9074074074074074 0.9703703703703703 0.9055555555555556 0.9648148148148148 0.9 0.9648148148148148 0.8981481481481481 0.9611111111111111 0.8944444444444445
2 0.07407407407407407 0.3962962962962963 0.07407407407407407 0.3925925925925926 0.07222222222222222 0.3925925925925926 0.07037037037037037 0.3907407407407407 0.07037037037037037 0.3851851851851852 0.06666666666666667 0.3851851851851852 0.06111111111111111 0.37962962962962965 0.053703703703703705 0.37962962962962965 0.05185185185185185 0.3814814814814815 0.046296296296296294 0.3814814814814815 0.040740740740740744 0.387037037037037 0.03333333333333333 0.387037037037037 0.02962962962962963 0.38333333333333336 0.018518518518518517 0.38333333333333336 0.016666666666666666 0.3851851851851852 0.016666666666666666 0.3888888888888889 0.018518518518518517 0.3888888888888889 0.020370370370370372 0.3907407407407407 0.020370370370370372 0.39444444444444443 0.025925925925925925 0.39444444444444443 0.027777777777777776 0.3925925925925926 0.044444444444444446 0.3925925925925926 0.046296296296296294 0.3907407407407407 0.05 0.3907407407407407 0.053703703703703705 0.39444444444444443 0.06296296296296296 0.39444444444444443 0.06481481481481481 0.3925925925925926 0.06851851851851852 0.3925925925925926 0.07037037037037037 0.39444444444444443 0.07037037037037037 0.3962962962962963
2 0.5740740740740741 0 0.5740740740740741 0.001851851851851852 0.5796296296296296 0.007407407407407408 0.5814814814814815 0.007407407407407408 0.587037037037037 0.012962962962962963 0.5888888888888889 0.012962962962962963 0.5944444444444444 0.018518518518518517 0.5962962962962963 0.018518518518518517 0.6074074074074074 0.02962962962962963 0.6129629629629629 0.02962962962962963 0.6129629629629629 0.024074074074074074 0.6018518518518519 0.012962962962962963 0.6 0.012962962962962963 0.5944444444444444 0.007407407407407408 0.5925925925925926 0.007407407407407408 0.5888888888888889 0.003703703703703704 0.587037037037037 0.003703703703703704 0.5833333333333334 0
2 0.9685185185185186 0.9703703703703703 0.9685185185185186 0.9740740740740741 0.9703703703703703 0.9740740740740741 0.9722222222222222 0.975925925925926 0.9962962962962963 0.975925925925926 0.9962962962962963 0.9722222222222222 0.9833333333333333 0.9722222222222222 0.9814814814814815 0.9703703703703703
2 0.3888888888888889 0.6925925925925925 0.3851851851851852 0.6925925925925925 0.37962962962962965 0.6981481481481482 0.37962962962962965 0.7074074074074074 0.3851851851851852 0.7074074074074074 0.387037037037037 0.7055555555555556 0.387037037037037 0.7 0.3888888888888889 0.6981481481481482 0.3907407407407407 0.6981481481481482 0.3907407407407407 0.6944444444444444